playerID,yearID,stint,teamID,lgID,G,AB,R,H,2B,3B,HR,RBI,SB,CS,BB,SO,IBB,HBP,SH,SF,GIDP
abadfe01,2023,1,COL,NL,6,0,0,0,0,0,0,0,0,0,0,0,0,0,0,0,0
abbotan01,2023,1,CIN,NL,21,0,0,0,0,0,0,0,0,0,0,0,0,0,0,0,0
abbotan01,2024,1,CIN,NL,25,0,0,0,0,0,0,0,0,0,0,0,0,0,0,0,0
abbotan01,2025,1,CIN,NL,29,0,0,0,0,0,0,0,0,0,0,0,0,0,0,0,0
abbotco01,2023,1,WAS,NL,22,0,0,0,0,0,0,0,0,0,0,0,0,0,0,0,0
abelmi01,2025,1,PHI,NL,7,0,0,0,0,0,0,0,0,0,0,0,0,0,0,0,0
abelmi01,2025,2,MIN,AL,4,0,0,0,0,0,0,0,0,0,0,0,0,0,0,0,0
abnerph01,2025,1,ARI,NL,5,0,0,0,0,0,0,0,0,0,0,0,0,0,0,0,0
abramcj01,2023,1,WAS,NL,151,563,83,138,28,6,18,64,47,4,32,118,2,13,3,3,7
abramcj01,2024,1,WAS,NL,138,541,79,133,29,6,20,65,31,12,40,128,3,16,1,4,4
abramcj01,2025,1,WAS,NL,144,580,92,149,35,5,19,60,31,3,37,125,1,14,1,3,5
abreual01,2023,1,NYA,AL,45,0,0,0,0,0,0,0,0,0,0,0,0,0,0,0,0
abreubr01,2023,1,HOU,AL,72,0,0,0,0,0,0,0,0,0,0,0,0,0,0,0,0
abreubr01,2024,1,HOU,AL,78,0,0,0,0,0,0,0,0,0,0,0,0,0,0,0,0
abreubr01,2025,1,HOU,AL,70,0,0,0,0,0,0,0,0,0,0,0,0,0,0,0,0
abreujo02,2023,1,HOU,AL,141,540,62,128,23,1,18,90,0,1,42,130,1,6,0,6,16
abreujo02,2024,1,HOU,AL,35,113,10,14,2,0,2,7,0,0,4,28,0,2,0,1,4
abreuwi02,2023,1,BOS,AL,28,76,10,24,6,0,2,14,3,1,9,23,0,0,0,0,0
abreuwi02,2024,1,BOS,AL,132,399,59,101,33,2,15,58,8,3,40,125,0,3,0,5,7
abreuwi02,2025,1,BOS,AL,115,373,53,92,17,0,22,69,6,3,40,101,5,0,1,3,8
acevedo01,2023,1,OAK,AL,9,0,0,0,0,0,0,0,0,0,0,0,0,0,0,0,0
acostma02,2025,1,MIA,NL,19,54,7,11,1,0,3,5,1,2,6,17,0,1,0,0,0
actonga01,2023,1,OAK,AL,6,0,0,0,0,0,0,0,0,0,0,0,0,0,0,0,0
actonga01,2025,1,TBA,AL,1,0,0,0,0,0,0,0,0,0,0,0,0,0,0,0,0
acunalu01,2024,1,NYN,NL,14,39,6,12,2,1,3,6,0,1,1,6,0,0,0,0,1
acunalu01,2025,1,NYN,NL,95,175,30,41,7,0,0,8,16,1,13,37,0,2,2,1,6
acunaro01,2023,1,ATL,NL,158,643,149,217,35,4,41,106,73,14,80,84,3,9,0,3,15
acunaro01,2024,1,ATL,NL,49,192,38,48,8,1,4,15,16,3,27,53,0,3,0,0,4
acunaro01,2025,1,ATL,NL,95,338,74,98,12,1,21,42,9,1,71,102,4,3,0,0,5
adamewi01,2023,1,MIL,NL,149,553,73,120,29,2,24,80,5,3,71,165,1,6,0,6,12
adamewi01,2024,1,MIL,NL,161,610,93,153,33,0,32,112,21,4,74,173,3,1,0,3,12
adamewi01,2025,1,SFN,NL,160,591,94,133,22,2,30,87,12,4,80,179,2,5,0,9,9
adamja01,2023,1,TBA,AL,56,0,0,0,0,0,0,0,0,0,0,0,0,0,0,0,0
adamja01,2024,1,TBA,AL,47,0,0,0,0,0,0,0,0,0,0,0,0,0,0,0,0
adamja01,2024,2,SDN,NL,27,0,0,0,0,0,0,0,0,0,0,0,0,0,0,0,0
adamja01,2025,1,SDN,NL,65,0,0,0,0,0,0,0,0,0,0,0,0,0,0,0,0
adamsau02,2023,1,ARI,NL,24,0,0,0,0,0,0,0,0,0,0,0,0,0,0,0,0
adamsau02,2024,1,OAK,AL,56,0,0,0,0,0,0,0,0,0,0,0,0,0,0,0,0
adamsjo03,2023,1,LAA,AL,17,39,1,5,0,0,0,1,1,2,0,16,0,0,0,1,0
adamsjo03,2024,1,LAA,AL,11,35,4,8,0,0,1,4,2,0,3,12,0,0,0,0,1
adamsjo03,2025,1,BAL,AL,10,5,1,0,0,0,0,0,0,0,0,2,0,0,0,0,0
adamsri03,2023,1,WAS,NL,44,143,8,39,13,2,4,21,0,0,11,45,0,2,1,1,5
adamsri03,2024,1,WAS,NL,41,116,10,26,5,1,2,8,1,0,10,35,1,2,0,2,4
adamsri03,2025,1,WAS,NL,83,263,29,49,8,0,8,24,1,0,18,110,0,5,0,0,6
adamstr01,2025,1,MIN,AL,18,0,0,0,0,0,0,0,0,0,0,0,0,0,0,0,0
adcocty01,2023,1,SEA,AL,12,0,0,0,0,0,0,0,0,0,0,0,0,0,0,0,0
adcocty01,2024,1,NYN,NL,3,0,0,0,0,0,0,0,0,0,0,0,0,0,0,0,0
adcocty01,2025,1,NYN,NL,3,0,0,0,0,0,0,0,0,0,0,0,0,0,0,0,0
adelljo01,2023,1,LAA,AL,16,58,7,12,3,1,3,6,1,0,4,25,0,0,0,0,1
adelljo01,2024,1,LAA,AL,130,405,54,84,15,2,20,62,15,10,35,126,1,7,0,3,9
adelljo01,2025,1,LAA,AL,152,526,63,124,18,1,37,98,5,1,33,151,0,10,0,1,10
adonjo01,2023,1,WAS,NL,12,0,0,0,0,0,0,0,0,0,0,0,0,0,0,0,0
adonjo01,2024,1,WAS,NL,8,0,0,0,0,0,0,0,0,0,0,0,0,0,0,0,0
adriaeh01,2023,1,ATL,NL,5,10,0,0,0,0,0,0,0,0,1,4,0,0,0,0,0
adriaeh01,2024,1,LAA,AL,8,26,4,5,1,0,1,2,0,0,2,11,0,0,0,0,1
agnosza01,2025,1,COL,NL,30,0,0,0,0,0,0,0,0,0,0,0,0,0,0,0,0
aguiaju01,2024,1,CIN,NL,7,0,0,0,0,0,0,0,0,0,0,0,0,0,0,0,0
aguilje01,2023,1,OAK,AL,36,104,8,23,2,0,5,9,0,0,8,31,2,1,0,1,3
ahmedni01,2023,1,ARI,NL,72,198,14,42,10,1,2,17,5,1,12,52,0,0,0,0,0
ahmedni01,2024,1,SFN,NL,52,155,13,36,6,1,1,15,1,1,10,35,0,1,3,3,6
ahmedni01,2024,2,LAN,NL,17,48,6,11,0,0,1,2,1,0,1,14,0,0,0,0,0
ahmedni01,2024,3,SDN,NL,2,7,1,1,0,0,0,0,0,0,0,2,0,0,0,0,0
ahmedni01,2025,1,TEX,AL,5,9,1,0,0,0,0,0,1,0,1,3,0,0,0,0,1
akinke01,2023,1,BAL,AL,24,0,0,0,0,0,0,0,0,0,0,0,0,0,0,0,0
akinke01,2024,1,BAL,AL,66,0,0,0,0,0,0,0,0,0,0,0,0,0,0,0,0
akinke01,2025,1,BAL,AL,64,0,0,0,0,0,0,0,0,0,0,0,0,0,0,0,0
alberha01,2023,1,CHA,AL,30,82,11,18,5,0,3,16,0,0,4,13,0,1,2,1,1
albieoz01,2023,1,ATL,NL,148,596,96,167,30,5,33,109,13,1,46,107,2,8,0,8,9
albieoz01,2024,1,ATL,NL,99,399,52,100,29,1,10,53,8,1,27,65,0,5,0,4,6
albieoz01,2025,1,ATL,NL,157,603,74,145,23,2,16,74,14,3,55,94,2,4,0,5,9
alcaljo01,2023,1,MIN,AL,11,0,0,0,0,0,0,0,0,0,0,0,0,0,0,0,0
alcaljo01,2024,1,MIN,AL,54,0,0,0,0,0,0,0,0,0,0,0,0,0,0,0,0
alcaljo01,2025,1,MIN,AL,22,0,0,0,0,0,0,0,0,0,0,0,0,0,0,0,0
alcaljo01,2025,2,BOS,AL,19,0,0,0,0,0,0,0,0,0,0,0,0,0,0,0,0
alcaljo01,2025,3,SLN,NL,15,0,0,0,0,0,0,0,0,0,0,0,0,0,0,0,0
alcanke01,2024,1,CHN,NL,3,10,1,1,0,0,0,0,0,0,0,1,0,0,0,0,0
alcanke01,2025,1,CHN,NL,10,11,2,4,0,0,0,1,1,0,1,4,0,0,0,0,0
alcansa01,2023,1,MIA,NL,28,0,0,0,0,0,0,0,0,0,0,0,0,0,0,0,0
alcansa01,2025,1,MIA,NL,31,0,0,0,0,0,0,0,0,0,0,0,0,0,0,0,0
alcanse01,2025,1,SFN,NL,1,4,0,0,0,0,0,0,0,0,0,2,0,0,0,0,0
aldegsa01,2024,1,LAA,AL,3,0,0,0,0,0,0,0,0,0,0,0,0,0,0,0,0
aldegsa01,2025,1,LAA,AL,4,0,0,0,0,0,0,0,0,0,0,0,0,0,0,0,0
alexabl01,2024,1,ARI,NL,61,166,19,41,7,0,3,21,3,1,15,49,0,3,1,0,1
alexabl01,2025,1,ARI,NL,74,230,31,53,12,1,7,28,4,6,22,86,0,10,3,1,5
alexacj01,2024,1,KCA,AL,4,8,0,1,0,0,0,0,0,0,0,3,0,0,0,0,0
alexacj01,2025,1,ATH,AL,6,17,0,3,0,0,0,0,0,0,0,8,0,0,0,0,0
alexaja01,2025,1,ATH,AL,4,0,0,0,0,0,0,0,0,0,0,0,0,0,0,0,0
alexaja01,2025,2,HOU,AL,14,0,0,0,0,0,0,0,0,0,0,0,0,0,0,0,0
alexasc01,2023,1,SFN,NL,55,0,0,0,0,0,0,0,0,0,0,0,0,0,0,0,0
alexasc01,2024,1,OAK,AL,45,0,0,0,0,0,0,0,0,0,0,0,0,0,0,0,0
alexasc01,2025,1,COL,NL,19,0,0,0,0,0,0,0,0,0,0,0,0,0,0,0,0
alexasc01,2025,2,SFN,NL,2,0,0,0,0,0,0,0,0,0,0,0,0,0,0,0,0
alexaty01,2023,1,DET,AL,25,0,0,0,0,0,0,0,0,0,0,0,0,0,0,0,0
alexaty01,2024,1,TBA,AL,23,0,0,0,0,0,0,0,0,0,0,0,0,0,0,0,0
alexaty01,2025,1,MIL,NL,21,0,0,0,0,0,0,0,0,0,0,0,0,0,0,0,0
alexaty01,2025,2,CHA,AL,31,1,0,0,0,0,0,0,0,0,0,0,0,0,0,0,0
alfarjo01,2023,1,COL,NL,10,31,2,5,4,0,1,4,0,0,0,12,0,1,0,0,2
alfarjo01,2023,2,BOS,AL,8,17,0,2,0,0,0,0,0,0,2,3,0,1,0,0,1
alfarjo01,2025,1,WAS,NL,14,39,3,10,2,0,0,3,1,0,0,14,0,0,0,0,0
allarko01,2023,1,ATL,NL,4,0,0,0,0,0,0,0,0,0,0,0,0,0,0,0,0
allarko01,2024,1,PHI,NL,7,0,0,0,0,0,0,0,0,0,0,0,0,0,0,0,0
allarko01,2025,1,CLE,AL,33,0,0,0,0,0,0,0,0,0,0,0,0,0,0,0,0
allengr01,2023,1,NYA,AL,22,23,6,5,1,1,1,1,3,1,2,10,0,2,1,0,0
allengr01,2025,1,BAL,AL,7,14,1,0,0,0,0,0,0,1,0,5,0,0,0,0,2
allenlo01,2024,1,ARI,NL,12,0,0,0,0,0,0,0,0,0,0,0,0,0,0,0,0
allenlo02,2023,1,CLE,AL,24,0,0,0,0,0,0,0,0,0,0,0,0,0,0,0,0
allenlo02,2024,1,CLE,AL,20,0,0,0,0,0,0,0,0,0,0,0,0,0,0,0,0
allenlo02,2025,1,CLE,AL,30,0,0,0,0,0,0,0,0,0,0,0,0,0,0,0,0
allenni02,2023,1,OAK,AL,106,303,29,67,4,2,4,20,5,1,17,52,0,1,6,2,8
allenni02,2024,1,OAK,AL,41,97,6,17,4,0,1,4,0,0,5,20,0,0,3,0,0
allenni02,2025,1,ATL,NL,135,371,32,82,11,0,0,22,8,7,31,99,0,3,8,3,8
almonab01,2023,1,NYN,NL,8,15,1,1,1,0,0,0,0,0,1,8,0,0,0,0,0
almonye01,2023,1,LAN,NL,49,0,0,0,0,0,0,0,0,0,0,0,0,0,0,0,0
almonye01,2024,1,CHN,NL,17,0,0,0,0,0,0,0,0,0,0,0,0,0,0,0,0
alonspe01,2023,1,NYN,NL,153,568,92,123,21,2,46,118,4,1,65,151,6,21,0,4,17
alonspe01,2024,1,NYN,NL,162,608,91,146,31,0,34,88,3,0,70,172,4,13,0,4,14
alonspe01,2025,1,NYN,NL,162,624,87,170,41,1,38,126,1,2,61,162,5,15,0,9,23
altavda01,2024,1,KCA,AL,5,0,0,0,0,0,0,0,0,0,0,0,0,0,0,0,0
altavda01,2025,1,CHA,AL,28,0,0,0,0,0,0,0,0,0,0,0,0,0,0,0,0
altuvjo01,2023,1,HOU,AL,89,360,76,112,21,2,17,51,14,2,44,71,0,5,0,1,9
altuvjo01,2024,1,HOU,AL,153,628,94,185,31,0,20,65,22,7,47,119,2,7,0,0,15
altuvjo01,2025,1,HOU,AL,155,588,80,156,24,1,26,77,10,6,55,109,5,4,1,6,20
aluja01,2023,1,WAS,NL,51,159,14,36,2,1,2,16,5,1,10,42,0,3,1,2,2
alvaran01,2025,1,WAS,NL,5,0,0,0,0,0,0,0,0,0,0,0,0,0,0,0,0
alvarar01,2024,1,OAK,AL,16,37,7,9,1,0,0,2,1,0,2,8,0,0,0,0,1
alvared01,2024,1,NYN,NL,13,9,2,0,0,0,0,0,0,0,1,2,0,1,0,0,0
alvarel01,2025,1,ATH,AL,37,0,0,0,0,0,0,0,0,0,0,0,0,0,0,0,0
alvarfr01,2023,1,NYN,NL,123,382,51,80,12,0,25,63,2,0,34,110,0,6,0,1,14
alvarfr01,2024,1,NYN,NL,100,308,39,73,14,2,11,47,1,1,30,86,0,2,0,2,7
alvarfr01,2025,1,NYN,NL,76,246,32,63,12,1,11,32,0,0,27,73,0,4,0,0,6
alvarjo03,2023,1,PHI,NL,42,0,0,0,0,0,0,0,0,0,0,0,0,0,0,0,0
alvarjo03,2024,1,PHI,NL,66,0,0,0,0,0,0,0,0,0,0,0,0,0,0,0,0
alvarjo03,2025,1,PHI,NL,28,0,0,0,0,0,0,0,0,0,0,0,0,0,0,0,0
alvarna01,2024,1,ATL,NL,8,30,1,3,0,0,0,0,0,0,0,10,0,2,0,0,1
alvarna01,2025,1,ATL,NL,58,188,18,44,12,0,2,15,0,0,12,49,0,5,2,1,1
alvaryo01,2023,1,HOU,AL,114,410,77,120,24,1,31,97,0,0,69,92,5,13,0,4,7
alvaryo01,2024,1,HOU,AL,147,552,88,170,34,2,35,86,6,0,69,95,16,10,0,4,14
alvaryo01,2025,1,HOU,AL,48,165,17,45,8,0,6,27,1,1,28,33,5,0,0,6,1
alzolad01,2023,1,CHN,NL,58,0,0,0,0,0,0,0,0,0,0,0,0,0,0,0,0
alzolad01,2024,1,CHN,NL,18,0,0,0,0,0,0,0,0,0,0,0,0,0,0,0,0
amadoad01,2024,1,COL,NL,10,35,1,6,1,0,0,0,1,0,1,6,0,0,0,0,1
amadoad01,2025,1,COL,NL,41,113,5,20,7,0,1,10,1,1,11,27,0,1,3,0,2
amayaja01,2023,1,MIA,NL,4,9,1,2,0,0,0,2,1,0,0,1,0,0,0,0,0
amayaja01,2024,1,HOU,AL,1,1,0,0,0,0,0,0,0,0,0,0,0,0,0,0,0
amayaja01,2024,2,CHA,AL,23,67,4,12,1,0,0,3,1,0,4,28,0,0,0,0,3
amayaja01,2025,1,CHA,AL,37,66,7,7,1,0,0,8,2,0,3,16,0,0,1,3,1
amayami01,2023,1,CHN,NL,53,131,17,28,4,0,5,18,0,0,12,40,0,11,1,1,2
amayami01,2024,1,CHN,NL,117,328,32,76,13,2,8,47,0,0,23,62,0,4,5,3,5
amayami01,2025,1,CHN,NL,28,96,14,27,9,0,4,25,0,0,4,22,0,1,1,1,0
anderbr06,2023,1,MIL,NL,96,318,38,72,12,3,9,40,1,3,36,108,0,4,0,3,10
anderbr06,2024,1,ATL,NL,3,5,0,0,0,0,0,0,0,0,0,2,0,0,0,0,1
anderch01,2023,1,TBA,AL,2,0,0,0,0,0,0,0,0,0,0,0,0,0,0,0,0
anderch01,2023,2,COL,NL,17,0,0,0,0,0,0,0,0,0,0,0,0,0,0,0,0
anderch01,2024,1,BOS,AL,27,0,0,0,0,0,0,0,0,0,0,0,0,0,0,0,0
anderch01,2024,2,TEX,AL,2,0,0,0,0,0,0,0,0,0,0,0,0,0,0,0,0
andergr01,2023,1,TEX,AL,26,0,0,0,0,0,0,0,0,0,0,0,0,0,0,0,0
andergr01,2024,1,TEX,AL,23,0,0,0,0,0,0,0,0,0,0,0,0,0,0,0,0
andergr01,2025,1,MIL,NL,66,0,0,0,0,0,0,0,0,0,0,0,0,0,0,0,0
anderia01,2025,1,LAA,AL,7,0,0,0,0,0,0,0,0,0,0,0,0,0,0,0,0
anderju01,2024,1,CHA,AL,56,0,0,0,0,0,0,0,0,0,0,0,0,0,0,0,0
anderni01,2023,1,ATL,NL,35,0,0,0,0,0,0,0,0,0,0,0,0,0,0,0,0
anderni01,2024,1,KCA,AL,37,0,0,0,0,0,0,0,0,0,0,0,0,0,0,0,0
anderni01,2025,1,COL,NL,12,0,0,0,0,0,0,0,0,0,0,0,0,0,0,0,0
andersh01,2024,1,TEX,AL,2,0,0,0,0,0,0,0,0,0,0,0,0,0,0,0,0
andersh01,2024,2,MIA,NL,4,0,0,0,0,0,0,0,0,0,0,0,0,0,0,0,0
andersh01,2025,1,LAA,AL,7,0,0,0,0,0,0,0,0,0,0,0,0,0,0,0,0
anderti01,2023,1,CHA,AL,123,493,52,121,18,2,1,25,13,2,26,122,0,3,0,2,15
anderti01,2024,1,MIA,NL,65,234,16,50,3,0,0,9,4,4,7,68,0,0,0,0,6
anderti01,2025,1,LAA,AL,31,83,8,17,3,0,0,3,1,1,3,29,0,3,1,0,1
anderty01,2023,1,LAA,AL,27,0,0,0,0,0,0,0,0,0,0,0,0,0,0,0,0
anderty01,2024,1,LAA,AL,31,0,0,0,0,0,0,0,0,0,0,0,0,0,0,0,0
anderty01,2025,1,LAA,AL,26,0,0,0,0,0,0,0,0,0,0,0,0,0,0,0,0
andrecl02,2023,1,MIL,NL,4,0,0,0,0,0,0,0,0,0,0,0,0,0,0,0,0
andrecl02,2024,1,NYA,AL,1,0,0,0,0,0,0,0,0,0,0,0,0,0,0,0,0
andrima01,2024,1,MIA,NL,4,0,0,0,0,0,0,0,0,0,0,0,0,0,0,0,0
andruel01,2023,1,CHA,AL,112,374,39,94,20,1,6,44,12,4,25,71,1,4,1,2,11
andujmi01,2023,1,PIT,NL,30,84,9,21,7,0,4,18,2,0,6,13,0,0,0,0,1
andujmi01,2024,1,OAK,AL,75,302,31,86,14,1,4,30,3,2,13,42,0,3,0,1,10
andujmi01,2025,1,ATH,AL,60,218,22,65,10,1,6,27,1,0,11,30,1,0,0,2,5
andujmi01,2025,2,CIN,NL,34,103,14,37,7,0,4,17,0,0,6,19,0,1,0,0,3
anthoro01,2025,1,BOS,AL,71,257,48,75,18,1,8,32,4,1,40,84,0,5,0,1,2
antonte01,2023,1,CIN,NL,5,0,0,0,0,0,0,0,0,0,0,0,0,0,0,0,0
antonte01,2024,1,CIN,NL,4,0,0,0,0,0,0,0,0,0,0,0,0,0,0,0,0
arandjo01,2023,1,TBA,AL,34,87,13,20,4,1,2,13,0,0,13,31,1,2,0,1,1
arandjo01,2024,1,TBA,AL,44,128,22,30,7,0,6,14,0,0,12,32,0,2,0,1,2
arandjo01,2025,1,TBA,AL,106,370,56,117,22,0,14,59,0,2,41,107,3,8,0,3,9
arauzjo01,2023,1,NYN,NL,27,59,3,8,0,0,3,9,0,0,5,18,0,0,2,0,1
arciaor01,2023,1,ATL,NL,139,488,66,129,25,0,17,65,1,0,39,102,0,3,0,3,14
arciaor01,2024,1,ATL,NL,157,551,50,120,24,0,17,46,2,0,41,128,1,2,1,7,16
arciaor01,2025,1,ATL,NL,14,31,1,6,1,0,0,1,0,0,1,8,0,0,0,0,0
arciaor01,2025,2,COL,NL,62,172,12,35,6,1,3,12,0,1,9,39,0,0,0,1,4
arenano01,2023,1,SLN,NL,144,560,71,149,26,2,26,93,3,3,41,101,5,3,0,8,21
arenano01,2024,1,SLN,NL,152,578,70,157,23,0,16,71,2,2,44,92,2,5,0,7,15
arenano01,2025,1,SLN,NL,107,401,48,95,18,1,12,52,3,0,28,49,4,3,0,4,10
ariasga01,2023,1,CLE,AL,122,315,36,66,15,0,10,26,3,4,28,113,0,1,0,1,9
ariasga01,2024,1,CLE,AL,53,153,15,34,9,1,3,15,5,2,6,53,0,1,0,1,4
ariasga01,2025,1,CLE,AL,129,432,44,95,25,2,11,54,8,4,27,162,1,7,1,4,8
ariaslu01,2025,1,MIA,NL,7,0,0,0,0,0,0,0,0,0,0,0,0,0,0,0,0
armstsh01,2023,1,TBA,AL,39,0,0,0,0,0,0,0,0,0,0,0,0,0,0,0,0
armstsh01,2024,1,TBA,AL,38,0,0,0,0,0,0,0,0,0,0,0,0,0,0,0,0
armstsh01,2024,2,SLN,NL,11,0,0,0,0,0,0,0,0,0,0,0,0,0,0,0,0
armstsh01,2024,3,CHN,NL,8,0,0,0,0,0,0,0,0,0,0,0,0,0,0,0,0
armstsh01,2025,1,TEX,AL,71,0,0,0,0,0,0,0,0,0,0,0,0,0,0,0,0
arozara01,2023,1,TBA,AL,151,551,95,140,19,3,23,83,22,10,80,156,1,18,0,5,10
arozara01,2024,1,TBA,AL,100,350,45,74,19,0,15,37,16,7,45,101,0,11,0,3,3
arozara01,2024,2,SEA,AL,54,199,32,46,14,0,5,23,4,3,28,68,0,11,0,1,4
arozara01,2025,1,SEA,AL,160,613,95,146,32,1,27,76,31,6,64,191,2,27,0,5,9
arraelu01,2023,1,MIA,NL,147,574,71,203,30,3,10,69,3,2,35,34,10,4,1,3,18
arraelu01,2024,1,MIA,NL,33,137,22,41,8,1,0,5,0,0,8,11,0,2,1,0,5
arraelu01,2024,2,SDN,NL,117,500,61,159,24,2,4,41,9,3,16,18,3,6,1,1,13
arraelu01,2025,1,SDN,NL,154,620,66,181,30,4,8,61,11,4,34,21,0,2,12,7,12
arrigsp01,2024,1,HOU,AL,29,0,0,0,0,0,0,0,0,0,0,0,0,0,0,0,0
arrigsp01,2025,1,HOU,AL,7,0,0,0,0,0,0,0,0,0,0,0,0,0,0,0,0
arroych01,2023,1,BOS,AL,66,195,23,47,16,0,3,24,1,3,7,45,0,1,1,2,8
ashbyaa01,2024,1,MIL,NL,14,0,0,0,0,0,0,0,0,0,0,0,0,0,0,0,0
ashbyaa01,2025,1,MIL,NL,43,0,0,0,0,0,0,0,0,0,0,0,0,0,0,0,0
ashcrbr01,2025,1,PIT,NL,26,0,0,0,0,0,0,0,0,0,0,0,0,0,0,0,0
ashcrgr01,2023,1,CIN,NL,26,0,0,0,0,0,0,0,0,0,0,0,0,0,0,0,0
ashcrgr01,2024,1,CIN,NL,15,0,0,0,0,0,0,0,0,0,0,0,0,0,0,0,0
ashcrgr01,2025,1,CIN,NL,62,0,0,0,0,0,0,0,0,0,0,0,0,0,0,0,0
assadja01,2023,1,CHN,NL,32,0,0,0,0,0,0,0,0,0,0,0,0,0,0,0,0
assadja01,2024,1,CHN,NL,29,0,0,0,0,0,0,0,0,0,0,0,0,0,0,0,0
assadja01,2025,1,CHN,NL,8,0,0,0,0,0,0,0,0,0,0,0,0,0,0,0,0
avansdr01,2025,1,ATH,AL,7,15,1,2,0,0,0,0,1,0,0,5,0,0,0,0,0
avansdr01,2025,2,MIL,NL,1,2,0,0,0,0,0,1,0,0,0,1,0,0,0,1,0
avilalu02,2025,1,KCA,AL,13,0,0,0,0,0,0,0,0,0,0,0,0,0,0,0,0
avilani01,2024,1,SFN,NL,8,0,0,0,0,0,0,0,0,0,0,0,0,0,0,0,0
avilape01,2023,1,SDN,NL,14,0,0,0,0,0,0,0,0,0,0,0,0,0,0,0,0
avilape01,2024,1,SDN,NL,4,0,0,0,0,0,0,0,0,0,0,0,0,0,0,0,0
avilape01,2024,2,CLE,AL,50,0,0,0,0,0,0,0,0,0,0,0,0,0,0,0,0
azocajo01,2023,1,SDN,NL,55,91,16,21,6,0,2,9,8,2,4,24,0,2,5,0,2
azocajo01,2024,1,SDN,NL,61,73,13,16,2,0,0,2,5,1,5,19,0,0,1,0,1
azocajo01,2025,1,NYN,NL,12,18,5,5,0,0,0,1,1,0,2,1,0,0,0,0,0
azocajo01,2025,2,ATL,NL,2,1,0,0,0,0,0,0,0,0,0,0,0,0,0,0,0
bachala01,2024,1,MIA,NL,10,0,0,0,0,0,0,0,0,0,0,0,0,0,0,0,0
bachala01,2025,1,MIA,NL,53,0,0,0,0,0,0,0,0,0,0,0,0,0,0,0,0
bachmsa01,2023,1,LAA,AL,11,0,0,0,0,0,0,0,0,0,0,0,0,0,0,0,0
bachmsa01,2025,1,LAA,AL,23,0,0,0,0,0,0,0,0,0,0,0,0,0,0,0,0
backhky01,2025,1,ARI,NL,32,0,0,0,0,0,0,0,0,0,0,0,0,0,0,0,0
baddoak01,2023,1,DET,AL,112,312,40,68,13,1,11,34,14,3,42,89,2,0,2,1,4
baddoak01,2024,1,DET,AL,31,73,7,10,2,2,2,5,1,0,8,27,0,0,0,1,0
baddoak01,2025,1,DET,AL,7,17,0,2,1,0,0,1,1,0,1,5,0,0,0,0,0
baderha01,2023,1,NYA,AL,84,288,40,69,11,2,7,37,17,2,14,56,0,3,1,4,6
baderha01,2023,2,CIN,NL,14,31,4,5,1,0,0,3,3,1,3,3,0,0,0,0,1
baderha01,2024,1,NYN,NL,143,402,57,95,19,0,12,51,17,8,21,95,1,8,0,6,6
baderha01,2025,1,MIN,AL,96,271,31,70,13,0,12,38,10,4,27,81,0,7,0,2,3
baderha01,2025,2,PHI,NL,50,177,30,54,11,1,5,16,1,3,12,55,0,4,0,1,2
baeji01,2023,1,PIT,NL,111,334,54,77,17,2,2,32,24,9,30,92,0,2,3,2,4
baeji01,2024,1,PIT,NL,29,74,11,14,2,0,0,6,6,2,6,24,0,0,0,1,0
baeji01,2025,1,PIT,NL,13,20,4,1,0,0,0,0,4,1,5,9,0,0,0,0,0
baezja01,2023,1,DET,AL,135,510,58,113,18,4,9,59,12,0,24,125,0,9,0,3,12
baezja01,2024,1,DET,AL,80,272,25,50,12,0,6,37,8,1,12,69,1,2,0,3,10
baezja01,2025,1,DET,AL,126,417,55,107,17,3,12,57,5,1,10,109,0,6,0,3,8
bailepa01,2023,1,SFN,NL,97,326,29,76,18,1,7,48,1,0,21,100,0,3,2,1,8
bailepa01,2024,1,SFN,NL,121,401,46,94,16,1,8,46,4,0,39,100,0,0,1,7,10
bailepa01,2025,1,SFN,NL,135,409,47,91,18,3,6,55,1,0,30,133,0,3,4,6,7
bakerbr01,2023,1,BAL,AL,46,0,0,0,0,0,0,0,0,0,0,0,0,0,0,0,0
bakerbr01,2024,1,BAL,AL,19,0,0,0,0,0,0,0,0,0,0,0,0,0,0,0,0
bakerbr01,2025,1,BAL,AL,42,0,0,0,0,0,0,0,0,0,0,0,0,0,0,0,0
bakerbr01,2025,2,TBA,AL,31,0,0,0,0,0,0,0,0,0,0,0,0,0,0,0,0
bakerda02,2024,1,WAS,NL,9,14,1,7,2,0,0,0,0,0,0,3,0,0,0,0,0
bakerlu01,2023,1,SLN,NL,33,86,9,18,3,0,2,10,0,0,13,31,0,0,0,0,1
bakerlu01,2024,1,SLN,NL,21,40,3,7,1,1,2,10,1,0,7,11,0,0,0,2,1
bakerlu01,2025,1,SLN,NL,19,34,3,8,3,0,0,2,0,0,7,10,0,0,0,0,3
balazjo02,2023,1,MIN,AL,18,0,0,0,0,0,0,0,0,0,0,0,0,0,0,0,0
baldwbr01,2024,1,CHA,AL,33,114,9,24,6,0,2,8,4,0,6,31,0,0,1,0,1
baldwbr01,2025,1,CHA,AL,103,300,32,72,15,1,11,38,5,0,21,86,0,1,4,2,9
baldwdr01,2025,1,ATL,NL,124,405,56,111,18,2,19,80,0,0,38,68,0,3,0,0,9
ballemo01,2025,1,CHN,NL,20,57,12,17,2,1,2,11,0,0,9,12,1,0,0,0,2
bandaan01,2023,1,WAS,NL,10,0,0,0,0,0,0,0,0,0,0,0,0,0,0,0,0
bandaan01,2024,1,LAN,NL,48,0,0,0,0,0,0,0,0,0,0,0,0,0,0,0,0
bandaan01,2025,1,LAN,NL,71,0,0,0,0,0,0,0,0,0,0,0,0,0,0,0,0
banfiwi01,2025,1,CIN,NL,7,10,0,1,0,0,0,0,0,0,0,6,0,0,0,0,1
banksta01,2023,1,CHA,AL,32,0,0,0,0,0,0,0,0,0,0,0,0,0,0,0,0
banksta01,2024,1,CHA,AL,41,0,0,0,0,0,0,0,0,0,0,0,0,0,0,0,0
banksta01,2024,2,PHI,NL,22,0,0,0,0,0,0,0,0,0,0,0,0,0,0,0,0
banksta01,2025,1,PHI,NL,69,0,0,0,0,0,0,0,0,0,0,0,0,0,0,0,0
bannory01,2023,1,HOU,AL,2,6,0,0,0,0,0,0,0,0,0,3,0,0,0,0,0
banueda01,2024,1,BAL,AL,1,1,0,0,0,0,0,0,0,0,0,0,0,0,0,0,0
banueda01,2025,1,BAL,AL,1,1,0,0,0,0,0,0,0,0,0,1,0,1,0,0,0
barcohu01,2025,1,PIT,NL,2,0,0,0,0,0,0,0,0,0,0,0,0,0,0,0,0
bardda01,2023,1,COL,NL,50,0,0,0,0,0,0,0,0,0,0,0,0,0,0,0,0
bargead01,2024,1,TOR,AL,69,208,20,41,11,0,7,28,2,0,14,60,0,1,0,1,1
bargead01,2025,1,TOR,AL,135,460,61,112,32,1,21,74,4,1,36,121,4,3,0,2,8
barlojo01,2023,1,TEX,AL,13,0,0,0,0,0,0,0,0,0,0,0,0,0,0,0,0
barlosc01,2023,1,KCA,AL,38,0,0,0,0,0,0,0,0,0,0,0,0,0,0,0,0
barlosc01,2023,2,SDN,NL,25,0,0,0,0,0,0,0,0,0,0,0,0,0,0,0,0
barlosc01,2024,1,CLE,AL,63,0,0,0,0,0,0,0,0,0,0,0,0,0,0,0,0
barlosc01,2025,1,CIN,NL,75,0,0,0,0,0,0,0,0,0,0,0,0,0,0,0,0
barneau01,2023,1,LAN,NL,59,178,15,32,5,0,2,11,2,1,17,43,0,2,1,2,7
barneau01,2024,1,LAN,NL,54,140,12,37,3,0,1,11,3,0,14,36,0,0,2,0,3
barneau01,2025,1,LAN,NL,13,42,4,9,3,0,0,2,0,0,1,14,0,0,1,0,1
barneja01,2023,1,SLN,NL,13,0,0,0,0,0,0,0,0,0,0,0,0,0,0,0,0
barneja01,2024,1,WAS,NL,63,0,0,0,0,0,0,0,0,0,0,0,0,0,0,0,0
barneja01,2025,1,TOR,AL,6,0,0,0,0,0,0,0,0,0,0,0,0,0,0,0,0
barnema01,2023,1,MIA,NL,24,0,0,0,0,0,0,0,0,0,0,0,0,0,0,0,0
barnema01,2024,1,WAS,NL,14,0,0,0,0,0,0,0,0,0,0,0,0,0,0,0,0
barnema02,2025,1,ATH,AL,5,0,0,0,0,0,0,0,0,0,0,0,0,0,0,0,0
barnhtu01,2023,1,CHN,NL,47,109,6,22,3,0,1,9,1,0,12,42,0,1,0,1,4
barnhtu01,2024,1,ARI,NL,31,81,13,14,3,0,0,6,1,0,13,31,0,0,2,0,0
barnhtu01,2025,1,TEX,AL,8,13,0,3,0,0,0,0,0,0,1,4,0,1,0,0,2
barraky01,2023,1,BOS,AL,3,0,0,0,0,0,0,0,0,0,0,0,0,0,0,0,0
barretr01,2023,1,SLN,NL,6,2,0,0,0,0,0,0,0,0,0,0,0,0,0,0,0
barrija01,2023,1,LAA,AL,34,0,0,0,0,0,0,0,0,0,0,0,0,0,0,0,0
barrojo01,2024,1,ARI,NL,8,17,3,3,2,0,0,1,1,0,0,2,0,0,1,0,0
barrojo01,2025,1,ARI,NL,33,71,8,10,3,0,1,7,0,0,2,22,0,1,0,3,1
bartjo01,2023,1,SFN,NL,30,87,9,18,5,0,0,5,0,0,3,23,0,4,0,1,0
bartjo01,2024,1,PIT,NL,80,253,38,67,11,0,13,45,0,0,22,73,0,6,0,1,8
bartjo01,2025,1,PIT,NL,93,285,21,71,12,1,4,30,1,1,40,93,0,7,0,0,14
basabos01,2023,1,TBA,AL,31,87,15,19,5,0,1,12,0,1,6,25,0,1,0,0,2
basalsa01,2025,1,BAL,AL,31,109,10,18,6,0,4,15,0,0,6,30,0,3,0,0,4
bassan01,2023,1,TOR,AL,22,0,0,0,0,0,0,0,0,0,0,0,0,0,0,0,0
bassich01,2023,1,TOR,AL,33,0,0,0,0,0,0,0,0,0,0,0,0,0,0,0,0
bassich01,2024,1,TOR,AL,31,0,0,0,0,0,0,0,0,0,0,0,0,0,0,0,0
bassich01,2025,1,TOR,AL,32,0,0,0,0,0,0,0,0,0,0,0,0,0,0,0,0
bassobr01,2024,1,OAK,AL,7,0,0,0,0,0,0,0,0,0,0,0,0,0,0,0,0
bassobr01,2025,1,ATH,AL,11,0,0,0,0,0,0,0,0,0,0,0,0,0,0,0,0
battema01,2023,1,SDN,NL,43,120,19,31,6,0,2,11,2,2,17,30,0,1,1,0,0
battema01,2024,1,SDN,NL,1,3,0,1,0,1,0,0,0,0,0,0,0,0,0,0,0
battepe01,2023,1,CLE,AL,7,0,0,0,0,0,0,0,0,0,0,0,0,0,0,0,0
batybr01,2023,1,NYN,NL,108,353,41,75,12,0,9,34,2,0,29,109,0,2,1,1,8
batybr01,2024,1,NYN,NL,50,153,15,35,3,0,4,16,0,0,16,42,1,1,1,0,3
batybr01,2025,1,NYN,NL,130,393,53,100,13,2,18,50,8,0,33,108,0,2,0,3,6
bauerja01,2023,1,NYA,AL,84,242,28,49,15,0,12,30,3,2,27,95,0,0,0,3,3
bauerja01,2024,1,MIL,NL,117,302,45,60,9,2,12,43,13,1,39,118,1,5,0,0,0
bauerja01,2025,1,MIL,NL,86,183,28,43,9,0,7,28,8,1,32,59,1,2,0,1,1
baumami01,2023,1,BAL,AL,60,0,0,0,0,0,0,0,0,0,0,0,0,0,0,0,0
baumami01,2024,1,BAL,AL,17,0,0,0,0,0,0,0,0,0,0,0,0,0,0,0,0
baumami01,2024,2,SEA,AL,18,0,0,0,0,0,0,0,0,0,0,0,0,0,0,0,0
baumami01,2024,3,SFN,NL,1,0,0,0,0,0,0,0,0,0,0,0,0,0,0,0,0
baumami01,2024,4,LAA,AL,10,0,0,0,0,0,0,0,0,0,0,0,0,0,0,0,0
baumami01,2024,5,MIA,NL,11,0,0,0,0,0,0,0,0,0,0,0,0,0,0,0,0
bautife01,2023,1,BAL,AL,56,0,0,0,0,0,0,0,0,0,0,0,0,0,0,0,0
bautife01,2025,1,BAL,AL,35,0,0,0,0,0,0,0,0,0,0,0,0,0,0,0,0
bazared01,2023,1,BAL,AL,3,0,0,0,0,0,0,0,0,0,0,0,0,0,0,0,0
bazared01,2023,2,SEA,AL,9,0,0,0,0,0,0,0,0,0,0,0,0,0,0,0,0
bazared01,2024,1,SEA,AL,23,0,0,0,0,0,0,0,0,0,0,0,0,0,0,0,0
bazared01,2025,1,SEA,AL,73,0,0,0,0,0,0,0,0,0,0,0,0,0,0,0,0
bazsh01,2024,1,TBA,AL,14,0,0,0,0,0,0,0,0,0,0,0,0,0,0,0,0
bazsh01,2025,1,TBA,AL,31,0,0,0,0,0,0,0,0,0,0,0,0,0,0,0,0
beatyma01,2023,1,SFN,NL,4,5,1,1,0,0,0,1,0,0,0,2,0,0,0,0,0
beatyma01,2023,2,KCA,AL,26,56,7,13,4,0,0,3,0,0,6,12,0,5,0,0,1
beavedy01,2025,1,BAL,AL,35,110,16,25,5,1,4,14,2,2,26,36,0,0,1,0,0
beckjo01,2024,1,COL,NL,55,170,14,32,6,0,3,13,7,1,12,65,1,1,0,1,3
beckjo01,2025,1,COL,NL,148,539,62,139,27,5,16,53,19,8,43,174,0,4,0,1,9
becktr01,2023,1,SFN,NL,33,0,0,0,0,0,0,0,0,0,0,0,0,0,0,0,0
becktr01,2024,1,SFN,NL,7,0,0,0,0,0,0,0,0,0,0,0,0,0,0,0,0
becktr01,2025,1,SFN,NL,31,0,0,0,0,0,0,0,0,0,0,0,0,0,0,0,0
bednada01,2023,1,PIT,NL,66,0,0,0,0,0,0,0,0,0,0,0,0,0,0,0,0
bednada01,2024,1,PIT,NL,62,0,0,0,0,0,0,0,0,0,0,0,0,0,0,0,0
bednada01,2025,1,PIT,NL,42,0,0,0,0,0,0,0,0,0,0,0,0,0,0,0,0
bednada01,2025,2,NYA,AL,22,0,0,0,0,0,0,0,0,0,0,0,0,0,0,0,0
beedety01,2024,1,CLE,AL,13,0,0,0,0,0,0,0,0,0,0,0,0,0,0,0,0
beeksja01,2023,1,TBA,AL,30,0,0,0,0,0,0,0,0,0,0,0,0,0,0,0,0
beeksja01,2024,1,COL,NL,45,0,0,0,0,0,0,0,0,0,0,0,0,0,0,0,0
beeksja01,2024,2,PIT,NL,26,0,0,0,0,0,0,0,0,0,0,0,0,0,0,0,0
beeksja01,2025,1,ARI,NL,61,0,0,0,0,0,0,0,0,0,0,0,0,0,0,0,0
beetecl01,2024,1,NYA,AL,3,0,0,0,0,0,0,0,0,0,0,0,0,0,0,0,0
beetecl01,2025,1,NYA,AL,2,0,0,0,0,0,0,0,0,0,0,0,0,0,0,0,0
beetecl01,2025,2,WAS,NL,24,0,0,0,0,0,0,0,0,0,0,0,0,0,0,0,0
bellaan01,2023,1,PHI,NL,27,0,0,0,0,0,0,0,0,0,0,0,0,0,0,0,0
bellico01,2023,1,CHN,NL,130,499,95,153,29,1,26,97,20,6,40,87,3,5,0,12,7
bellico01,2024,1,CHN,NL,130,516,72,137,23,3,18,78,9,2,45,89,7,3,0,5,10
bellico01,2025,1,NYA,AL,152,588,89,160,25,5,29,98,13,2,57,90,1,2,0,9,8
belljo02,2023,1,CLE,AL,97,347,26,81,19,0,11,48,0,1,43,81,1,1,0,2,7
belljo02,2023,2,MIA,NL,53,200,26,54,9,0,11,26,0,0,20,53,1,1,0,1,6
belljo02,2024,1,MIA,NL,104,398,38,95,18,1,14,49,0,0,34,88,1,5,0,3,13
belljo02,2024,2,ARI,NL,41,140,24,39,5,1,5,22,0,1,17,32,0,1,0,0,9
belljo02,2025,1,WAS,NL,140,468,54,111,16,1,22,63,0,3,57,88,1,5,0,3,15
bellobr01,2023,1,BOS,AL,28,0,0,0,0,0,0,0,0,0,0,0,0,0,0,0,0
bellobr01,2024,1,BOS,AL,30,0,0,0,0,0,0,0,0,0,0,0,0,0,0,0,0
bellobr01,2025,1,BOS,AL,29,0,0,0,0,0,0,0,0,0,0,0,0,0,0,0,0
bellova01,2024,1,MIA,NL,13,0,0,0,0,0,0,0,0,0,0,0,0,0,0,0,0
bellova01,2025,1,MIA,NL,32,0,0,0,0,0,0,0,0,0,0,0,0,0,0,0,0
beltbr01,2023,1,TOR,AL,103,339,53,86,23,0,19,43,0,0,61,141,1,2,0,2,5
bemboan01,2023,1,BAL,AL,6,11,0,2,0,0,0,0,0,0,2,2,0,0,0,0,0
bendean01,2024,1,MIA,NL,59,0,0,0,0,0,0,0,0,0,0,0,0,0,0,0,0
bendean01,2025,1,MIA,NL,51,0,0,0,0,0,0,0,0,0,0,0,0,0,0,0,0
beninan01,2023,1,CHA,AL,151,562,72,147,34,2,5,45,13,2,52,89,5,3,1,3,12
beninan01,2024,1,CHA,AL,135,477,50,109,20,0,20,64,3,2,41,96,1,1,0,3,12
beninan01,2025,1,CHA,AL,116,420,57,101,16,2,20,63,1,0,40,82,2,3,0,6,5
bensowi01,2023,1,CIN,NL,108,287,51,79,15,8,11,31,19,3,40,103,0,1,0,1,3
bensowi01,2024,1,CIN,NL,128,343,41,64,19,2,14,43,16,7,40,154,0,2,1,2,3
bensowi01,2025,1,CIN,NL,90,230,31,52,8,2,12,41,2,2,16,67,1,1,0,6,4
bergery01,2025,1,SDN,NL,11,0,0,0,0,0,0,0,0,0,0,0,0,0,0,0,0
bergery01,2025,2,KCA,AL,8,0,0,0,0,0,0,0,0,0,0,0,0,0,0,0,0
bermujo01,2024,1,MIA,NL,3,0,0,0,0,0,0,0,0,0,0,0,0,0,0,0,0
bernabr01,2023,1,BOS,AL,55,0,0,0,0,0,0,0,0,0,0,0,0,0,0,0,0
bernabr01,2024,1,BOS,AL,57,0,0,0,0,0,0,0,0,0,0,0,0,0,0,0,0
bernabr01,2025,1,BOS,AL,55,0,0,0,0,0,0,0,0,0,0,0,0,0,0,0,0
bernawa01,2025,1,COL,NL,40,139,15,35,8,1,4,14,1,1,7,25,0,0,0,0,2
berrijo01,2023,1,TOR,AL,32,0,0,0,0,0,0,0,0,0,0,0,0,0,0,0,0
berrijo01,2024,1,TOR,AL,32,0,0,0,0,0,0,0,0,0,0,0,0,0,0,0,0
berrijo01,2025,1,TOR,AL,31,0,0,0,0,0,0,0,0,0,0,0,0,0,0,0,0
berropr01,2023,1,SEA,AL,2,0,0,0,0,0,0,0,0,0,0,0,0,0,0,0,0
berropr01,2024,1,CHA,AL,17,0,0,0,0,0,0,0,0,0,0,0,0,0,0,0,0
berrost01,2024,1,TOR,AL,28,37,7,7,1,0,0,1,6,2,8,14,0,0,0,0,0
berrost01,2025,1,MIL,NL,2,5,0,0,0,0,0,0,1,0,1,2,0,0,0,0,0
bertijo01,2023,1,MIA,NL,133,388,53,114,16,3,7,33,16,6,29,77,2,2,2,3,10
bertijo01,2024,1,NYA,AL,25,66,10,18,0,0,1,6,5,1,6,14,0,1,1,0,2
bertijo01,2025,1,CHN,NL,53,100,12,21,2,0,0,2,11,3,5,22,0,2,0,0,1
bethach01,2023,1,TBA,AL,104,315,49,71,16,0,11,33,1,0,13,91,0,0,1,3,6
bethach01,2024,1,MIA,NL,38,82,9,13,3,0,2,7,0,0,3,22,0,1,2,0,1
bethach01,2024,2,CHN,NL,24,57,9,16,4,0,3,15,3,0,2,14,0,0,0,0,1
bettsmo01,2023,1,LAN,NL,152,584,126,179,40,1,39,107,14,3,96,107,3,8,0,5,5
bettsmo01,2024,1,LAN,NL,116,450,75,130,24,5,19,75,16,2,61,57,2,1,0,4,10
bettsmo01,2025,1,LAN,NL,150,589,95,152,23,2,20,82,8,2,61,68,2,3,0,10,15
bibeeta01,2023,1,CLE,AL,25,0,0,0,0,0,0,0,0,0,0,0,0,0,0,0,0
bibeeta01,2024,1,CLE,AL,31,0,0,0,0,0,0,0,0,0,0,0,0,0,0,0,0
bibeeta01,2025,1,CLE,AL,31,0,0,0,0,0,0,0,0,0,0,0,0,0,0,0,0
bichebo01,2023,1,TOR,AL,135,571,69,175,30,3,20,73,5,3,27,115,0,2,0,1,14
bichebo01,2024,1,TOR,AL,81,311,29,70,16,1,4,31,5,1,20,64,1,3,0,2,12
bichebo01,2025,1,TOR,AL,139,582,78,181,44,1,18,94,4,3,40,91,2,3,0,3,17
bickfph01,2023,1,LAN,NL,36,0,0,0,0,0,0,0,0,0,0,0,0,0,0,0,0
bickfph01,2023,2,NYN,NL,25,0,0,0,0,0,0,0,0,0,0,0,0,0,0,0,0
bickfph01,2024,1,NYA,AL,8,0,0,0,0,0,0,0,0,0,0,0,0,0,0,0,0
bidoos01,2023,1,PIT,NL,16,0,0,0,0,0,0,0,0,0,0,0,0,0,0,0,0
bidoos01,2024,1,OAK,AL,16,0,0,0,0,0,0,0,0,0,0,0,0,0,0,0,0
bidoos01,2025,1,ATH,AL,26,0,0,0,0,0,0,0,0,0,0,0,0,0,0,0,0
biebesh01,2023,1,CLE,AL,21,0,0,0,0,0,0,0,0,0,0,0,0,0,0,0,0
biebesh01,2024,1,CLE,AL,2,0,0,0,0,0,0,0,0,0,0,0,0,0,0,0,0
biebesh01,2025,1,TOR,AL,7,0,0,0,0,0,0,0,0,0,0,0,0,0,0,0,0
bielabr01,2023,1,HOU,AL,15,0,0,0,0,0,0,0,0,0,0,0,0,0,0,0,0
bielabr01,2024,1,HOU,AL,10,0,0,0,0,0,0,0,0,0,0,0,0,0,0,0,0
bielabr01,2024,2,OAK,AL,6,0,0,0,0,0,0,0,0,0,0,0,0,0,0,0,0
biggehu01,2024,1,CHN,NL,4,0,0,0,0,0,0,0,0,0,0,0,0,0,0,0,0
biggehu01,2024,2,TBA,AL,15,0,0,0,0,0,0,0,0,0,0,0,0,0,0,0,0
biggehu01,2025,1,TBA,AL,13,0,0,0,0,0,0,0,0,0,0,0,0,0,0,0,0
biggica01,2023,1,TOR,AL,111,289,54,68,12,0,9,40,5,2,40,88,0,7,0,2,0
biggica01,2024,1,TOR,AL,44,110,15,22,4,0,2,9,2,0,14,42,0,6,0,0,1
biggica01,2024,2,LAN,NL,30,73,11,14,1,0,3,10,0,0,10,28,0,2,2,0,0
biggica01,2024,3,ATL,NL,4,5,1,1,0,0,0,0,0,0,0,2,0,0,0,0,0
biggica01,2025,1,KCA,AL,37,69,9,12,2,0,1,4,1,0,11,21,0,1,2,0,0
birdja01,2023,1,COL,NL,70,0,0,0,0,0,0,0,0,0,0,0,0,0,0,0,0
birdja01,2024,1,COL,NL,35,0,0,0,0,0,0,0,0,0,0,0,0,0,0,0,0
birdja01,2025,1,COL,NL,45,0,0,0,0,0,0,0,0,0,0,0,0,0,0,0,0
birdja01,2025,2,NYA,AL,3,0,0,0,0,0,0,0,0,0,0,0,0,0,0,0,0
birdsha01,2024,1,SFN,NL,16,0,0,0,0,0,0,0,0,0,0,0,0,0,0,0,0
birdsha01,2025,1,SFN,NL,21,0,0,0,0,0,0,0,0,0,0,0,0,0,0,0,0
bivensp01,2024,1,SFN,NL,27,0,0,0,0,0,0,0,0,0,0,0,0,0,0,0,0
bivensp01,2025,1,SFN,NL,54,0,0,0,0,0,0,0,0,0,0,0,0,0,0,0,0
blachty01,2023,1,COL,NL,20,0,0,0,0,0,0,0,0,0,0,0,0,0,0,0,0
blachty01,2024,1,COL,NL,20,0,0,0,0,0,0,0,0,0,0,0,0,0,0,0,0
blackch02,2023,1,COL,NL,96,359,57,100,24,5,8,40,4,1,39,55,0,11,0,4,6
blackch02,2024,1,COL,NL,124,449,59,115,24,5,12,52,6,2,43,86,2,6,0,1,4
blackma01,2024,1,SFN,NL,9,0,0,0,0,0,0,0,0,0,0,0,0,0,0,0,0
blackma01,2025,1,SFN,NL,1,0,0,0,0,0,0,0,0,0,0,0,0,0,0,0,0
blackpa01,2023,1,OAK,AL,21,0,0,0,0,0,0,0,0,0,0,0,0,0,0,0,0
blackpa01,2024,1,OAK,AL,9,0,0,0,0,0,0,0,0,0,0,0,0,0,0,0,0
blackpa01,2024,2,NYN,NL,5,0,0,0,0,0,0,0,0,0,0,0,0,0,0,0,0
blackpa01,2025,1,NYN,NL,7,0,0,0,0,0,0,0,0,0,0,0,0,0,0,0,0
blackpa01,2025,2,NYA,AL,8,0,0,0,0,0,0,0,0,0,0,0,0,0,0,0,0
blackty01,2024,1,MIL,NL,18,49,4,10,2,0,0,2,3,0,7,17,0,1,0,0,0
blackty01,2025,1,MIL,NL,5,8,1,2,1,0,0,1,0,1,5,1,0,0,0,0,0
blalobr01,2024,1,MIL,NL,1,0,0,0,0,0,0,0,0,0,0,0,0,0,0,0,0
blalobr01,2024,2,COL,NL,6,0,0,0,0,0,0,0,0,0,0,0,0,0,0,0,0
blalobr01,2025,1,COL,NL,14,0,0,0,0,0,0,0,0,0,0,0,0,0,0,0,0
blancda02,2023,1,KCA,AL,69,124,19,32,7,4,3,18,24,5,10,33,0,2,2,0,2
blancda02,2024,1,KCA,AL,88,120,37,31,4,0,4,13,31,7,8,32,0,1,1,1,2
blancda02,2025,1,KCA,AL,9,6,2,1,1,0,0,1,3,2,0,2,0,0,2,0,0
blancro01,2023,1,HOU,AL,17,0,0,0,0,0,0,0,0,0,0,0,0,0,0,0,0
blancro01,2024,1,HOU,AL,30,0,0,0,0,0,0,0,0,0,0,0,0,0,0,0,0
blancro01,2025,1,HOU,AL,9,0,0,0,0,0,0,0,0,0,0,0,0,0,0,0,0
blanktr01,2023,1,WAS,NL,10,31,2,5,0,0,1,1,0,0,6,6,0,0,0,0,0
blanktr01,2024,1,WAS,NL,13,31,2,4,1,0,0,5,0,0,1,9,0,0,0,0,0
bledajj01,2023,1,OAK,AL,82,256,35,50,11,0,10,27,5,1,42,72,0,2,0,3,3
bledajj01,2024,1,OAK,AL,159,572,74,139,43,4,20,60,2,3,67,125,2,2,1,0,8
bledajj01,2025,1,ATH,AL,98,307,48,65,17,0,14,39,1,2,36,91,2,0,0,1,6
bleieri01,2023,1,BOS,AL,27,0,0,0,0,0,0,0,0,0,0,0,0,0,0,0,0
blewesc01,2024,1,MIN,AL,12,0,0,0,0,0,0,0,0,0,0,0,0,0,0,0,0
blewesc01,2025,1,MIN,AL,2,0,0,0,0,0,0,0,0,0,0,0,0,0,0,0,0
blewesc01,2025,2,BAL,AL,13,0,0,0,0,0,0,0,0,0,0,0,0,0,0,0,0
blewesc01,2025,3,ATL,NL,11,0,0,0,0,0,0,0,0,0,0,0,0,0,0,0,0
blissry01,2024,1,SEA,AL,33,63,10,14,3,1,2,9,5,3,5,22,0,1,2,0,1
blissry01,2025,1,SEA,AL,11,35,1,7,1,0,1,3,2,2,4,11,0,0,0,0,2
blossja01,2024,1,HOU,AL,3,0,0,0,0,0,0,0,0,0,0,0,0,0,0,0,0
blubaaj01,2025,1,HOU,AL,11,0,0,0,0,0,0,0,0,0,0,0,0,0,0,0,0
bogaexa01,2023,1,SDN,NL,155,596,83,170,31,2,19,58,19,2,56,110,0,7,0,6,21
bogaexa01,2024,1,SDN,NL,111,428,50,113,15,1,11,44,13,3,28,79,0,1,0,6,13
bogaexa01,2025,1,SDN,NL,136,491,63,129,30,0,11,53,20,2,48,94,3,4,1,8,12
bohmal01,2023,1,PHI,NL,145,558,74,153,31,0,20,97,4,1,42,94,1,5,0,6,23
bohmal01,2024,1,PHI,NL,143,554,62,155,44,2,15,97,5,2,40,86,2,6,0,6,18
bohmal01,2025,1,PHI,NL,120,464,53,133,18,3,11,59,2,0,29,82,0,5,0,6,16
boltoco01,2023,1,PIT,NL,16,0,0,0,0,0,0,0,0,0,0,0,0,0,0,0,0
boltoco01,2024,1,SEA,AL,17,0,0,0,0,0,0,0,0,0,0,0,0,0,0,0,0
boltoco01,2025,1,CLE,AL,1,0,0,0,0,0,0,0,0,0,0,0,0,0,0,0,0
booseca01,2024,1,BOS,AL,43,0,0,0,0,0,0,0,0,0,0,0,0,0,0,0,0
booseca01,2025,1,CHA,AL,39,0,0,0,0,0,0,0,0,0,0,0,0,0,0,0,0
borucry01,2023,1,PIT,NL,38,0,0,0,0,0,0,0,0,0,0,0,0,0,0,0,0
borucry01,2024,1,PIT,NL,14,0,0,0,0,0,0,0,0,0,0,0,0,0,0,0,0
borucry01,2025,1,PIT,NL,35,0,0,0,0,0,0,0,0,0,0,0,0,0,0,0,0
borucry01,2025,2,TOR,AL,4,0,0,0,0,0,0,0,0,0,0,0,0,0,0,0,0
boteda01,2024,1,CHN,NL,37,46,4,14,4,0,0,6,0,0,2,13,0,0,0,0,1
bouchse01,2023,1,COL,NL,21,38,11,12,2,0,4,7,0,1,4,14,0,0,0,1,0
bouchse01,2024,1,COL,NL,31,91,14,17,7,0,1,8,4,0,12,33,0,2,1,2,0
bouchse01,2025,1,COL,NL,32,66,7,11,0,1,1,7,1,1,7,27,0,0,0,0,2
boushca01,2023,1,MIL,NL,1,0,0,0,0,0,0,0,0,0,0,0,0,0,0,0,0
boushca01,2024,1,MIN,AL,2,0,0,0,0,0,0,0,0,0,0,0,0,0,0,0,0
boushca01,2025,1,TEX,AL,25,0,0,0,0,0,0,0,0,0,0,0,0,0,0,0,0
bowdebe01,2025,1,ATH,AL,11,0,0,0,0,0,0,0,0,0,0,0,0,0,0,0,0
bowlajo01,2023,1,KCA,AL,2,0,0,0,0,0,0,0,0,0,0,0,0,0,0,0,0
bowlajo01,2024,1,KCA,AL,1,0,0,0,0,0,0,0,0,0,0,0,0,0,0,0,0
bowlajo01,2025,1,KCA,AL,34,0,0,0,0,0,0,0,0,0,0,0,0,0,0,0,0
bowmama01,2023,1,NYA,AL,3,0,0,0,0,0,0,0,0,0,0,0,0,0,0,0,0
bowmama01,2024,1,MIN,AL,5,0,0,0,0,0,0,0,0,0,0,0,0,0,0,0,0
bowmama01,2024,2,ARI,NL,4,0,0,0,0,0,0,0,0,0,0,0,0,0,0,0,0
bowmama01,2024,3,SEA,AL,1,0,0,0,0,0,0,0,0,0,0,0,0,0,0,0,0
bowmama01,2024,4,BAL,AL,15,0,0,0,0,0,0,0,0,0,0,0,0,0,0,0,0
bowmama01,2025,1,BAL,AL,20,0,0,0,0,0,0,0,0,0,0,0,0,0,0,0,0
boxbebr01,2023,1,CHN,NL,22,0,0,0,0,0,0,0,0,0,0,0,0,0,0,0,0
boydma01,2023,1,DET,AL,15,0,0,0,0,0,0,0,0,0,0,0,0,0,0,0,0
boydma01,2024,1,CLE,AL,8,0,0,0,0,0,0,0,0,0,0,0,0,0,0,0,0
boydma01,2025,1,CHN,NL,31,0,0,0,0,0,0,0,0,0,0,0,0,0,0,0,0
boylejo01,2023,1,OAK,AL,3,0,0,0,0,0,0,0,0,0,0,0,0,0,0,0,0
boylejo01,2024,1,OAK,AL,13,0,0,0,0,0,0,0,0,0,0,0,0,0,0,0,0
boylejo01,2025,1,TBA,AL,13,0,0,0,0,0,0,0,0,0,0,0,0,0,0,0,0
brachsi01,2023,1,CIN,NL,5,0,0,0,0,0,0,0,0,0,0,0,0,0,0,0,0
bradfco01,2023,1,TEX,AL,20,0,0,0,0,0,0,0,0,0,0,0,0,0,0,0,0
bradfco01,2024,1,TEX,AL,14,0,0,0,0,0,0,0,0,0,0,0,0,0,0,0,0
bradiky01,2023,1,BAL,AL,30,0,0,0,0,0,0,0,0,0,0,0,0,0,0,0,0
bradiky01,2024,1,BAL,AL,8,0,0,0,0,0,0,0,0,0,0,0,0,0,0,0,0
bradiky01,2025,1,BAL,AL,6,0,0,0,0,0,0,0,0,0,0,0,0,0,0,0,0
bradlar01,2023,1,MIA,NL,4,0,0,0,0,0,0,0,0,0,0,0,0,0,0,0,0
bradlja02,2023,1,KCA,AL,43,105,10,14,5,0,1,6,0,0,5,29,0,2,1,0,3
bradlta01,2023,1,TBA,AL,23,0,0,0,0,0,0,0,0,0,0,0,0,0,0,0,0
bradlta01,2024,1,TBA,AL,25,0,0,0,0,0,0,0,0,0,0,0,0,0,0,0,0
bradlta01,2025,1,TBA,AL,21,0,0,0,0,0,0,0,0,0,0,0,0,0,0,0,0
bradlta01,2025,2,MIN,AL,6,0,0,0,0,0,0,0,0,0,0,0,0,0,0,0,0
brantmi02,2023,1,HOU,AL,15,54,7,15,2,0,2,7,0,0,2,2,0,0,0,1,2
brantro01,2024,1,TBA,AL,3,9,0,1,0,0,0,0,0,0,0,2,0,0,0,0,0
brantro01,2025,1,MIA,NL,3,7,0,3,0,0,0,1,0,0,0,1,0,0,0,0,0
brashma01,2023,1,SEA,AL,78,0,0,0,0,0,0,0,0,0,0,0,0,0,0,0,0
brashma01,2025,1,SEA,AL,53,0,0,0,0,0,0,0,0,0,0,0,0,0,0,0,0
brasiry01,2023,1,BOS,AL,20,0,0,0,0,0,0,0,0,0,0,0,0,0,0,0,0
brasiry01,2023,2,LAN,NL,39,0,0,0,0,0,0,0,0,0,0,0,0,0,0,0,0
brasiry01,2024,1,LAN,NL,29,0,0,0,0,0,0,0,0,0,0,0,0,0,0,0,0
brasiry01,2025,1,CHN,NL,28,0,0,0,0,0,0,0,0,0,0,0,0,0,0,0,0
brazohu01,2023,1,MIA,NL,50,0,0,0,0,0,0,0,0,0,0,0,0,0,0,0,0
brazohu01,2024,1,MIA,NL,20,0,0,0,0,0,0,0,0,0,0,0,0,0,0,0,0
brazohu01,2024,2,NYN,NL,19,0,0,0,0,0,0,0,0,0,0,0,0,0,0,0,0
brazohu01,2025,1,NYN,NL,52,0,0,0,0,0,0,0,0,0,0,0,0,0,0,0,0
brebbjo01,2023,1,SFN,NL,40,0,0,0,0,0,0,0,0,0,0,0,0,0,0,0,0
brebbjo01,2024,1,CHA,AL,54,0,0,0,0,0,0,0,0,0,0,0,0,0,0,0,0
brebbjo01,2024,2,ATL,NL,5,0,0,0,0,0,0,0,0,0,0,0,0,0,0,0,0
brebbjo01,2025,1,DET,AL,19,0,0,0,0,0,0,0,0,0,0,0,0,0,0,0,0
brebbjo01,2025,2,ATL,NL,3,0,0,0,0,0,0,0,0,0,0,0,0,0,0,0,0
bregmal01,2023,1,HOU,AL,161,622,103,163,28,4,25,98,3,1,92,87,1,8,0,2,22
bregmal01,2024,1,HOU,AL,145,581,79,151,30,2,26,75,3,1,44,86,1,5,0,4,13
bregmal01,2025,1,BOS,AL,114,433,64,118,28,0,18,62,1,1,51,70,3,9,0,2,12
brennwi02,2023,1,CLE,AL,138,432,41,115,24,0,5,41,13,5,16,57,2,5,0,2,4
brennwi02,2024,1,CLE,AL,114,330,37,87,13,2,8,30,4,2,19,48,2,3,0,1,9
brennwi02,2025,1,CLE,AL,6,11,0,1,0,0,0,0,0,1,1,1,0,1,0,0,1
breweco01,2023,1,NYA,AL,3,0,0,0,0,0,0,0,0,0,0,0,0,0,0,0,0
breweco01,2024,1,CHN,NL,16,0,0,0,0,0,0,0,0,0,0,0,0,0,0,0,0
bridejo01,2023,1,OAK,AL,40,88,9,15,3,0,0,7,0,1,11,22,0,4,1,2,3
bridejo01,2024,1,MIA,NL,71,232,30,64,10,0,11,39,0,1,30,55,1,3,0,7,9
bridejo01,2025,1,MIA,NL,12,40,3,4,0,0,0,2,0,0,5,15,1,0,0,0,0
bridejo01,2025,2,MIN,AL,33,72,4,15,2,0,0,3,0,0,6,24,0,1,0,1,1
briesbe01,2023,1,DET,AL,25,0,0,0,0,0,0,0,0,0,0,0,0,0,0,0,0
briesbe01,2024,1,DET,AL,46,0,0,0,0,0,0,0,0,0,0,0,0,0,0,0,0
briesbe01,2025,1,DET,AL,22,0,0,0,0,0,0,0,0,0,0,0,0,0,0,0,0
brighje01,2023,1,NYN,NL,37,0,0,0,0,0,0,0,0,0,0,0,0,0,0,0,0
brighje01,2025,1,ARI,NL,4,0,0,0,0,0,0,0,0,0,0,0,0,0,0,0,0
bristbr01,2023,1,TBA,AL,1,0,0,0,0,0,0,0,0,0,0,0,0,0,0,0,0
bristbr01,2023,2,DET,AL,2,0,0,0,0,0,0,0,0,0,0,0,0,0,0,0,0
britojh01,2023,1,NYA,AL,25,0,0,0,0,0,0,0,0,0,0,0,0,0,0,0,0
britojh01,2024,1,SDN,NL,26,0,0,0,0,0,0,0,0,0,0,0,0,0,0,0,0
brogdco01,2023,1,PHI,NL,27,0,0,0,0,0,0,0,0,0,0,0,0,0,0,0,0
brogdco01,2024,1,PHI,NL,3,0,0,0,0,0,0,0,0,0,0,0,0,0,0,0,0
brogdco01,2024,2,LAN,NL,1,0,0,0,0,0,0,0,0,0,0,0,0,0,0,0,0
brogdco01,2025,1,LAA,AL,43,0,0,0,0,0,0,0,0,0,0,0,0,0,0,0,0
brookaa01,2024,1,OAK,AL,5,0,0,0,0,0,0,0,0,0,0,0,0,0,0,0,0
brooktr01,2024,1,SFN,NL,12,25,3,3,0,0,0,1,1,0,4,6,0,0,0,0,1
brooktr01,2025,1,SDN,NL,25,41,5,6,2,0,1,2,0,0,2,13,0,0,0,0,2
brossmi01,2023,1,MIL,NL,29,73,4,15,2,0,4,8,0,0,4,20,0,1,0,0,2
brownbe01,2024,1,CHN,NL,15,0,0,0,0,0,0,0,0,0,0,0,0,0,0,0,0
brownbe01,2025,1,CHN,NL,25,0,0,0,0,0,0,0,0,0,0,0,0,0,0,0,0
brownhu01,2023,1,HOU,AL,31,0,0,0,0,0,0,0,0,0,0,0,0,0,0,0,0
brownhu01,2024,1,HOU,AL,31,0,0,0,0,0,0,0,0,0,0,0,0,0,0,0,0
brownhu01,2025,1,HOU,AL,31,0,0,0,0,0,0,0,0,0,0,0,0,0,0,0,0
brownmc01,2025,1,COL,NL,7,0,0,0,0,0,0,0,0,0,0,0,0,0,0,0,0
brownse01,2023,1,OAK,AL,112,343,33,76,19,1,14,52,3,1,30,101,1,2,1,2,6
brownse01,2024,1,OAK,AL,124,372,32,86,11,1,14,44,4,2,25,112,0,2,0,1,7
brownse01,2025,1,ATH,AL,38,65,6,12,2,0,1,3,1,0,9,23,0,2,0,0,2
brubajt01,2025,1,NYA,AL,12,0,0,0,0,0,0,0,0,0,0,0,0,0,0,0,0
brubajt01,2025,2,SFN,NL,5,0,0,0,0,0,0,0,0,0,0,0,0,0,0,0,0
bruihju01,2023,1,LAN,NL,20,0,0,0,0,0,0,0,0,0,0,0,0,0,0,0,0
bruihju01,2023,2,COL,NL,7,0,0,0,0,0,0,0,0,0,0,0,0,0,0,0,0
bruihju01,2024,1,PIT,NL,7,0,0,0,0,0,0,0,0,0,0,0,0,0,0,0,0
bruihju01,2025,1,TOR,AL,15,0,0,0,0,0,0,0,0,0,0,0,0,0,0,0,0
brujavi01,2023,1,TBA,AL,37,76,14,13,2,0,0,6,3,2,5,21,0,2,1,0,1
brujavi01,2024,1,MIA,NL,102,248,32,55,14,2,2,16,5,6,25,54,3,4,1,0,5
brujavi01,2025,1,CHN,NL,36,45,6,10,3,0,0,3,2,1,1,12,0,0,0,1,1
brujavi01,2025,2,BAL,AL,1,1,0,1,0,0,0,0,0,0,0,0,0,0,0,0,0
brujavi01,2025,3,ATL,NL,24,41,8,11,2,0,0,5,0,0,5,9,0,1,0,0,0
bryankr01,2023,1,COL,NL,80,300,36,70,10,0,10,31,0,0,29,68,0,6,0,0,6
bryankr01,2024,1,COL,NL,37,133,9,29,5,0,2,15,0,0,13,48,0,8,0,1,6
bryankr01,2025,1,COL,NL,11,39,2,6,2,0,0,1,0,0,2,13,0,0,0,0,1
brzykza01,2024,1,WAS,NL,6,0,0,0,0,0,0,0,0,0,0,0,0,0,0,0,0
brzykza01,2025,1,WAS,NL,26,0,0,0,0,0,0,0,0,0,0,0,0,0,0,0,0
bubickr01,2023,1,KCA,AL,3,0,0,0,0,0,0,0,0,0,0,0,0,0,0,0,0
bubickr01,2024,1,KCA,AL,27,0,0,0,0,0,0,0,0,0,0,0,0,0,0,0,0
bubickr01,2025,1,KCA,AL,20,0,0,0,0,0,0,0,0,0,0,0,0,0,0,0,0
buchada01,2024,1,CIN,NL,1,0,0,0,0,0,0,0,0,0,0,0,0,0,0,0,0
buehlwa01,2024,1,LAN,NL,16,0,0,0,0,0,0,0,0,0,0,0,0,0,0,0,0
buehlwa01,2025,1,BOS,AL,23,0,0,0,0,0,0,0,0,0,0,0,0,0,0,0,0
buehlwa01,2025,2,PHI,NL,3,0,0,0,0,0,0,0,0,0,0,0,0,0,0,0,0
bukaujb01,2023,1,SEA,AL,1,0,0,0,0,0,0,0,0,0,0,0,0,0,0,0,0
bukaujb01,2023,2,MIL,NL,5,0,0,0,0,0,0,0,0,0,0,0,0,0,0,0,0
bukaujb01,2024,1,MIL,NL,6,0,0,0,0,0,0,0,0,0,0,0,0,0,0,0,0
bumgama01,2023,1,ARI,NL,4,0,0,0,0,0,0,0,0,0,0,0,0,0,0,0,0
bummeaa01,2023,1,CHA,AL,61,0,0,0,0,0,0,0,0,0,0,0,0,0,0,0,0
bummeaa01,2024,1,ATL,NL,56,0,0,0,0,0,0,0,0,0,0,0,0,0,0,0,0
bummeaa01,2025,1,ATL,NL,42,0,0,0,0,0,0,0,0,0,0,0,0,0,0,0,0
burdini01,2023,1,CHN,NL,3,0,0,0,0,0,0,0,0,0,0,0,0,0,0,0,0
burdini01,2024,1,NYA,AL,12,0,0,0,0,0,0,0,0,0,0,0,0,0,0,0,0
burdini01,2025,1,BOS,AL,4,0,0,0,0,0,0,0,0,0,0,0,0,0,0,0,0
burdipe01,2023,1,MIA,NL,14,33,4,6,2,0,1,2,1,0,3,18,0,1,0,0,0
burdiza01,2023,1,TBA,AL,3,0,0,0,0,0,0,0,0,0,0,0,0,0,0,0,0
burgeja01,2023,1,CHA,AL,88,294,44,63,15,1,25,52,1,1,22,102,0,5,0,2,3
burgeja01,2023,2,MIA,NL,53,198,27,60,13,0,9,28,0,0,10,47,0,7,0,2,1
burgeja01,2024,1,MIA,NL,137,535,68,134,23,1,29,76,1,1,31,150,2,9,0,4,11
burgeja01,2025,1,TEX,AL,103,356,43,84,15,1,16,53,1,1,12,93,0,5,0,3,3
burgoju01,2025,1,SEA,AL,4,0,0,0,0,0,0,0,0,0,0,0,0,0,0,0,0
burgoju01,2025,2,ARI,NL,9,0,0,0,0,0,0,0,0,0,0,0,0,0,0,0,0
burgora01,2024,1,SFN,NL,1,0,0,0,0,0,0,0,0,0,0,0,0,0,0,0,0
burkebr01,2023,1,TEX,AL,53,0,0,0,0,0,0,0,0,0,0,0,0,0,0,0,0
burkebr01,2024,1,TEX,AL,13,0,0,0,0,0,0,0,0,0,0,0,0,0,0,0,0
burkebr01,2024,2,LAA,AL,21,0,0,0,0,0,0,0,0,0,0,0,0,0,0,0,0
burkebr01,2025,1,LAA,AL,69,0,0,0,0,0,0,0,0,0,0,0,0,0,0,0,0
burkese01,2024,1,CHA,AL,4,0,0,0,0,0,0,0,0,0,0,0,0,0,0,0,0
burkese01,2025,1,CHA,AL,28,0,0,0,0,0,0,0,0,0,0,0,0,0,0,0,0
burleal01,2023,1,SLN,NL,107,315,34,77,20,1,8,36,3,1,23,45,0,3,1,2,13
burleal01,2024,1,SLN,NL,152,547,71,147,20,0,21,78,9,4,35,76,0,4,1,6,8
burleal01,2025,1,SLN,NL,139,497,54,144,26,2,18,69,5,1,39,79,1,3,1,4,14
burneco01,2023,1,MIL,NL,32,0,0,0,0,0,0,0,0,0,0,0,0,0,0,0,0
burneco01,2024,1,BAL,AL,32,0,0,0,0,0,0,0,0,0,0,0,0,0,0,0,0
burneco01,2025,1,ARI,NL,11,0,0,0,0,0,0,0,0,0,0,0,0,0,0,0,0
burnsch01,2025,1,CIN,NL,13,0,0,0,0,0,0,0,0,0,0,0,0,0,0,0,0
burromi01,2024,1,PIT,NL,1,0,0,0,0,0,0,0,0,0,0,0,0,0,0,0,0
burromi01,2025,1,PIT,NL,23,0,0,0,0,0,0,0,0,0,0,0,0,0,0,0,0
burrry01,2024,1,TOR,AL,34,0,0,0,0,0,0,0,0,0,0,0,0,0,0,0,0
burrry01,2025,1,TOR,AL,2,0,0,0,0,0,0,0,0,0,0,0,0,0,0,0,0
buschmi02,2023,1,LAN,NL,27,72,9,12,3,0,2,7,1,0,8,27,0,0,0,1,0
buschmi02,2024,1,CHN,NL,152,496,73,123,28,2,21,65,2,1,63,162,1,4,0,4,9
buschmi02,2025,1,CHN,NL,155,524,78,137,25,5,34,90,4,0,56,139,2,10,0,2,2
busenal01,2023,1,CIN,NL,6,0,0,0,0,0,0,0,0,0,0,0,0,0,0,0,0
busenal01,2024,1,CIN,NL,3,0,0,0,0,0,0,0,0,0,0,0,0,0,0,0,0
bushky01,2024,1,CHA,AL,4,0,0,0,0,0,0,0,0,0,0,0,0,0,0,0,0
bushma01,2023,1,MIL,NL,12,0,0,0,0,0,0,0,0,0,0,0,0,0,0,0,0
butlela01,2023,1,OAK,AL,42,123,10,26,4,0,4,10,0,0,4,35,0,1,0,1,5
butlela01,2024,1,OAK,AL,125,412,63,108,24,2,22,57,18,0,35,108,0,0,0,4,8
butlela01,2025,1,ATH,AL,152,569,83,133,30,2,21,63,22,7,59,179,0,0,2,0,7
buttojo01,2023,1,NYN,NL,9,0,0,0,0,0,0,0,0,0,0,0,0,0,0,0,0
buttojo01,2024,1,NYN,NL,30,0,0,0,0,0,0,0,0,0,0,0,0,0,0,0,0
buttojo01,2025,1,NYN,NL,34,0,0,0,0,0,0,0,0,0,0,0,0,0,0,0,0
buttojo01,2025,2,SFN,NL,21,0,0,0,0,0,0,0,0,0,0,0,0,0,0,0,0
buxtoby01,2023,1,MIN,AL,85,304,49,63,17,1,17,42,9,0,35,109,2,4,0,4,3
buxtoby01,2024,1,MIN,AL,102,355,62,99,27,3,18,56,7,2,20,99,1,11,0,2,3
buxtoby01,2025,1,MIN,AL,126,488,97,129,21,7,35,83,24,0,41,148,5,7,0,6,0
cabaljo01,2023,1,SEA,AL,104,231,37,51,9,1,4,26,26,3,28,66,0,17,0,4,0
cabaljo01,2024,1,TBA,AL,139,441,53,100,24,1,9,44,44,16,27,133,1,9,3,3,6
cabaljo01,2025,1,TBA,AL,86,235,37,53,12,1,2,27,34,8,33,80,0,3,3,1,1
cabaljo01,2025,2,NYA,AL,40,79,15,21,6,0,3,9,15,3,14,18,0,0,1,1,0
cabbatr01,2023,1,LAA,AL,22,53,5,11,3,0,1,7,1,1,2,26,0,0,0,1,1
cabbatr01,2024,1,HOU,AL,45,86,12,18,8,0,1,8,1,1,4,34,0,1,0,0,1
cabreed02,2023,1,MIA,NL,22,0,0,0,0,0,0,0,0,0,0,0,0,0,0,0,0
cabreed02,2024,1,MIA,NL,20,0,0,0,0,0,0,0,0,0,0,0,0,0,0,0,0
cabreed02,2025,1,MIA,NL,26,0,0,0,0,0,0,0,0,0,0,0,0,0,0,0,0
cabrege01,2023,1,SLN,NL,32,0,0,0,0,0,0,0,0,0,0,0,0,0,0,0,0
cabrege01,2023,2,TOR,AL,29,0,0,0,0,0,0,0,0,0,0,0,0,0,0,0,0
cabrege01,2024,1,TOR,AL,69,0,0,0,0,0,0,0,0,0,0,0,0,0,0,0,0
cabrege01,2025,1,NYN,NL,6,0,0,0,0,0,0,0,0,0,0,0,0,0,0,0,0
cabrege01,2025,2,CHN,NL,9,0,0,0,0,0,0,0,0,0,0,0,0,0,0,0,0
cabrege01,2025,3,PIT,NL,9,0,0,0,0,0,0,0,0,0,0,0,0,0,0,0,0
cabrege01,2025,4,MIN,AL,16,0,0,0,0,0,0,0,0,0,0,0,0,0,0,0,0
cabremi01,2023,1,DET,AL,98,334,21,86,20,0,4,34,0,0,31,74,0,2,0,3,11
cabreos01,2023,1,NYA,AL,115,298,35,63,11,0,5,29,8,0,25,72,1,2,3,2,6
cabreos01,2024,1,NYA,AL,109,299,47,74,11,0,8,36,4,2,21,63,0,1,2,3,6
cabreos01,2025,1,NYA,AL,34,107,17,26,4,0,1,11,0,1,11,25,0,2,1,1,1
cacerke01,2023,1,LAA,AL,2,0,0,0,0,0,0,0,0,0,0,0,0,0,0,0,0
caglija01,2025,1,KCA,AL,62,210,19,33,6,1,7,18,1,0,18,52,0,4,0,0,4
caissow01,2025,1,CHN,NL,12,26,4,5,1,0,1,4,0,0,1,11,0,0,0,0,0
calhoko01,2023,1,CLE,AL,43,157,18,34,7,0,6,25,0,1,13,37,0,2,0,2,3
calhowi01,2023,1,NYA,AL,44,134,16,32,7,0,5,16,0,0,14,20,1,0,0,1,2
calhowi01,2024,1,LAA,AL,68,229,26,56,16,0,5,20,0,1,23,31,1,1,0,1,5
callal01,2023,1,WAS,NL,128,375,43,75,14,1,8,38,9,8,53,78,0,6,3,2,1
callal01,2024,1,WAS,NL,30,99,15,34,9,0,3,14,5,1,12,19,0,2,0,0,2
callal01,2025,1,WAS,NL,72,197,30,54,9,2,3,26,1,1,26,36,0,6,5,3,5
callal01,2025,2,LAN,NL,38,73,13,18,4,0,2,5,1,0,10,19,0,0,1,1,1
callity01,2025,1,CIN,NL,4,6,0,1,0,0,0,1,0,0,0,1,0,0,0,0,0
calvobl01,2023,1,COL,NL,1,0,0,0,0,0,0,0,0,0,0,0,0,0,0,0,0
camarja01,2024,1,MIN,AL,5,6,1,0,0,0,0,0,0,0,1,3,0,0,0,0,0
camarjo01,2023,1,SFN,NL,8,18,0,4,0,0,0,2,0,0,1,4,0,1,0,0,2
camerda01,2024,1,OAK,AL,66,170,22,34,5,1,5,15,5,0,13,51,0,1,0,2,3
camerda01,2025,1,MIL,NL,21,41,7,8,1,0,1,3,1,0,1,13,0,0,0,0,1
camerno01,2025,1,KCA,AL,24,0,0,0,0,0,0,0,0,0,0,0,0,0,0,0,0
caminju01,2023,1,TBA,AL,7,34,4,8,1,0,1,7,0,0,2,8,0,0,0,0,2
caminju01,2024,1,TBA,AL,43,165,15,41,9,1,6,18,2,0,11,38,2,1,0,0,2
caminju01,2025,1,TBA,AL,154,602,93,159,28,0,45,110,7,1,41,125,1,3,0,7,31
campbis01,2023,1,SEA,AL,27,0,0,0,0,0,0,0,0,0,0,0,0,0,0,0,0
campbis01,2024,1,BOS,AL,8,0,0,0,0,0,0,0,0,0,0,0,0,0,0,0,0
campbis01,2025,1,BOS,AL,6,0,0,0,0,0,0,0,0,0,0,0,0,0,0,0,0
campbkr01,2025,1,BOS,AL,67,229,24,51,10,0,6,21,2,1,29,72,0,4,0,1,1
campegu01,2024,1,LAA,AL,13,46,6,11,0,1,1,6,3,0,0,8,0,2,0,0,0
campegu01,2025,1,LAA,AL,28,58,9,10,1,0,3,8,4,1,5,14,0,3,0,0,2
campulu01,2023,1,SDN,NL,49,163,27,52,7,0,7,30,0,0,7,21,0,3,0,1,8
campulu01,2024,1,SDN,NL,91,277,37,63,13,0,8,40,0,0,20,41,0,1,0,1,11
campulu01,2025,1,SDN,NL,10,21,0,0,0,0,0,0,0,0,6,11,0,0,0,0,2
canaral01,2023,1,CHN,NL,6,17,1,5,1,1,1,6,0,0,0,8,0,0,0,0,0
canaral01,2024,1,CHN,NL,15,25,4,7,1,0,1,2,1,0,2,11,0,1,0,0,0
canaral01,2025,1,PIT,NL,87,216,25,47,6,1,6,20,3,1,17,80,0,0,0,1,5
candeje01,2023,1,WAS,NL,98,368,57,95,30,2,16,53,6,1,36,88,1,12,0,2,10
candeje01,2023,2,CHN,NL,41,137,20,32,9,1,6,17,2,0,17,39,0,1,0,2,1
candeje01,2024,1,CIN,NL,112,427,47,96,23,2,20,56,4,3,27,114,1,6,0,3,7
candeje01,2025,1,CIN,NL,22,80,3,9,2,0,2,10,0,1,9,29,0,0,0,2,1
canhama01,2023,1,NYN,NL,89,257,28,63,15,1,6,29,7,0,32,52,0,9,0,5,8
canhama01,2023,2,MIL,NL,50,178,23,51,10,0,5,33,4,1,17,27,1,8,0,1,3
canhama01,2024,1,DET,AL,93,320,42,74,17,0,7,38,4,0,42,79,2,11,0,4,9
canhama01,2024,2,SFN,NL,32,73,4,21,3,0,0,4,3,0,9,17,0,2,0,1,1
canhama01,2025,1,KCA,AL,46,113,9,24,3,0,1,6,0,1,7,24,0,3,0,2,1
cannigr01,2023,1,LAA,AL,24,0,0,0,0,0,0,0,0,0,0,0,0,0,0,0,0
cannigr01,2024,1,LAA,AL,32,0,0,0,0,0,0,0,0,0,0,0,0,0,0,0,0
cannigr01,2025,1,NYN,NL,16,0,0,0,0,0,0,0,0,0,0,0,0,0,0,0,0
cannojo02,2024,1,CHA,AL,23,0,0,0,0,0,0,0,0,0,0,0,0,0,0,0,0
cannojo02,2025,1,CHA,AL,22,0,0,0,0,0,0,0,0,0,0,0,0,0,0,0,0
canoye01,2023,1,BAL,AL,72,0,0,0,0,0,0,0,0,0,0,0,0,0,0,0,0
canoye01,2024,1,BAL,AL,70,0,0,0,0,0,0,0,0,0,0,0,0,0,0,0,0
canoye01,2025,1,BAL,AL,65,0,0,0,0,0,0,0,0,0,0,0,0,0,0,0,0
cantijo01,2024,1,CLE,AL,9,0,0,0,0,0,0,0,0,0,0,0,0,0,0,0,0
cantijo01,2025,1,CLE,AL,34,0,0,0,0,0,0,0,0,0,0,0,0,0,0,0,0
canzodo01,2023,1,ARI,NL,15,38,4,9,2,0,1,8,0,0,2,8,0,1,0,0,1
canzodo01,2023,2,SEA,AL,44,135,19,29,11,0,5,13,1,0,6,24,0,0,0,0,4
canzodo01,2024,1,SEA,AL,67,168,20,33,7,0,8,17,1,0,18,53,2,0,0,2,5
canzodo01,2025,1,SEA,AL,82,243,30,73,11,0,11,32,3,1,20,59,0,3,0,2,6
capelco01,2023,1,OAK,AL,32,73,6,19,5,0,0,3,5,3,12,25,0,1,0,0,1
capelco01,2024,1,CIN,NL,5,8,1,2,0,0,0,0,1,0,0,2,0,0,0,0,0
capravi01,2023,1,PIT,NL,9,18,3,3,1,0,0,1,0,0,2,5,0,0,1,0,0
capravi01,2024,1,MIL,NL,3,9,1,1,1,0,0,0,0,0,0,3,0,0,0,0,1
capravi01,2025,1,MIL,NL,24,54,6,4,0,0,1,4,1,0,2,15,0,1,1,1,4
capravi01,2025,2,CHA,AL,23,42,4,8,2,0,0,2,1,0,1,10,0,0,2,1,1
carasma01,2023,1,COL,NL,16,0,0,0,0,0,0,0,0,0,0,0,0,0,0,0,0
carasma01,2024,1,COL,NL,7,0,0,0,0,0,0,0,0,0,0,0,0,0,0,0,0
caratvi01,2023,1,MIL,NL,62,201,23,52,4,0,7,25,1,1,19,45,0,3,0,3,8
caratvi01,2024,1,HOU,AL,87,245,30,66,8,1,8,30,0,1,23,53,1,3,0,3,6
caratvi01,2025,1,HOU,AL,114,344,35,89,14,0,12,46,1,0,23,65,0,13,0,6,8
carlsdy01,2023,1,SLN,NL,76,219,27,48,8,1,5,27,3,0,26,49,0,7,0,3,4
carlsdy01,2024,1,SLN,NL,59,121,12,24,5,0,0,11,0,1,12,37,0,2,0,3,2
carlsdy01,2024,2,TBA,AL,37,114,7,25,2,0,3,14,2,0,10,38,0,3,0,0,0
carlsdy01,2025,1,BAL,AL,83,217,17,44,9,1,6,20,3,3,21,54,0,2,0,1,3
carltdr01,2023,1,SDN,NL,11,0,0,0,0,0,0,0,0,0,0,0,0,0,0,0,0
carpeke01,2023,1,DET,AL,118,418,57,116,17,2,20,64,6,0,32,115,3,8,0,1,5
carpeke01,2024,1,DET,AL,87,264,37,75,16,5,18,57,0,2,22,75,1,4,0,3,5
carpeke01,2025,1,DET,AL,130,433,66,109,18,5,26,62,1,1,18,106,0,7,0,2,3
carpema01,2023,1,SDN,NL,76,188,18,33,12,0,5,31,1,0,41,67,0,2,0,5,2
carpema01,2024,1,SLN,NL,59,137,15,32,7,0,4,15,0,2,15,51,0,2,0,2,0
carraca01,2023,1,NYN,NL,20,0,0,0,0,0,0,0,0,0,0,0,0,0,0,0,0
carraca01,2024,1,CLE,AL,21,0,0,0,0,0,0,0,0,0,0,0,0,0,0,0,0
carraca01,2025,1,NYA,AL,8,0,0,0,0,0,0,0,0,0,0,0,0,0,0,0,0
carraca01,2025,2,ATL,NL,3,0,0,0,0,0,0,0,0,0,0,0,0,0,0,0,0
carrial01,2025,1,NYN,NL,3,0,0,0,0,0,0,0,0,0,0,0,0,0,0,0,0
carroco02,2023,1,ARI,NL,155,565,116,161,30,10,25,76,54,5,57,125,1,13,6,4,7
carroco02,2024,1,ARI,NL,158,589,121,136,22,14,22,74,35,8,73,130,0,10,3,9,3
carroco02,2025,1,ARI,NL,143,564,107,146,32,17,31,84,32,6,67,153,4,7,0,4,6
carteev01,2023,1,TEX,AL,23,62,15,19,4,1,5,12,3,0,12,24,1,0,0,1,1
carteev01,2024,1,TEX,AL,45,144,23,27,6,2,5,15,2,0,15,43,0,2,0,1,1
carteev01,2025,1,TEX,AL,63,194,31,48,9,2,5,25,14,2,19,41,1,7,0,0,2
casalcu01,2023,1,CIN,NL,40,80,8,14,2,0,0,6,0,0,11,23,0,2,3,0,1
casalcu01,2024,1,SFN,NL,41,108,12,21,3,0,1,8,0,0,13,22,0,2,2,0,3
casastr01,2023,1,BOS,AL,132,429,66,113,21,2,24,65,0,0,70,126,2,1,0,2,7
casastr01,2024,1,BOS,AL,63,212,28,51,8,0,13,32,0,1,30,77,4,1,0,0,6
casastr01,2025,1,BOS,AL,29,99,5,18,3,0,3,11,0,0,11,27,2,2,0,0,3
caspabe01,2024,1,LAN,NL,3,0,0,0,0,0,0,0,0,0,0,0,0,0,0,0,0
caspabe01,2025,1,LAN,NL,46,0,0,0,0,0,0,0,0,0,0,0,0,0,0,0,0
castabl01,2025,1,SEA,AL,1,0,0,0,0,0,0,0,0,0,0,0,0,0,0,0,0
castada01,2023,1,MIA,NL,2,0,0,0,0,0,0,0,0,0,0,0,0,0,0,0,0
castehu01,2024,1,ARI,NL,7,0,0,0,0,0,0,0,0,0,0,0,0,0,0,0,0
casteni01,2023,1,PHI,NL,157,626,79,170,37,2,29,106,11,2,36,185,0,3,0,6,17
casteni01,2024,1,PHI,NL,162,606,80,154,30,4,23,86,6,2,41,139,2,10,0,2,14
casteni01,2025,1,PHI,NL,147,547,72,137,27,2,17,72,4,0,32,133,0,4,0,6,13
castidi01,2023,1,SEA,AL,8,0,0,0,0,0,0,0,0,0,0,0,0,0,0,0,0
castidi01,2024,1,MIN,AL,7,0,0,0,0,0,0,0,0,0,0,0,0,0,0,0,0
castidi02,2023,1,ARI,NL,1,1,0,0,0,0,0,0,0,0,0,0,0,0,0,0,0
castidi02,2024,1,MIN,AL,4,6,3,2,1,0,0,2,0,0,2,1,0,0,0,0,0
castijo03,2023,1,SDN,NL,1,0,0,0,0,0,0,0,0,0,0,0,0,0,0,0,0
castijo03,2025,1,ARI,NL,5,0,0,0,0,0,0,0,0,0,0,0,0,0,0,0,0
castijo03,2025,2,NYN,NL,16,0,0,0,0,0,0,0,0,0,0,0,0,0,0,0,0
castijo03,2025,3,SEA,AL,3,0,0,0,0,0,0,0,0,0,0,0,0,0,0,0,0
castijo03,2025,4,BAL,AL,5,0,0,0,0,0,0,0,0,0,0,0,0,0,0,0,0
castilu02,2023,1,SEA,AL,33,0,0,0,0,0,0,0,0,0,0,0,0,0,0,0,0
castilu02,2024,1,SEA,AL,30,1,0,0,0,0,0,0,0,0,0,1,0,0,0,0,0
castilu02,2025,1,SEA,AL,32,0,0,0,0,0,0,0,0,0,0,0,0,0,0,0,0
castilu03,2025,1,SEA,AL,2,0,0,0,0,0,0,0,0,0,0,0,0,0,0,0,0
castima03,2023,1,KCA,AL,7,0,0,0,0,0,0,0,0,0,0,0,0,0,0,0,0
castrha01,2023,1,COL,NL,99,258,24,65,13,0,1,31,1,0,9,66,0,0,1,2,5
castrmi01,2023,1,ARI,NL,75,0,0,0,0,0,0,0,0,0,0,0,0,0,0,0,0
castrmi01,2024,1,ARI,NL,11,0,0,0,0,0,0,0,0,0,0,0,0,0,0,0,0
castrmi01,2025,1,CHA,AL,6,0,0,0,0,0,0,0,0,0,0,0,0,0,0,0,0
castrro01,2023,1,PIT,NL,78,197,19,45,7,0,6,22,1,4,21,62,1,5,0,1,4
castrro01,2023,2,PHI,NL,14,30,2,3,0,0,0,2,0,0,2,12,0,0,0,0,0
castrwi01,2023,1,MIN,AL,124,358,60,92,18,5,9,34,33,5,34,99,1,12,2,3,5
castrwi01,2024,1,MIN,AL,158,558,89,138,31,5,12,60,14,9,51,150,0,21,1,4,8
castrwi01,2025,1,MIN,AL,86,302,48,74,15,2,10,27,9,3,32,84,1,9,1,0,9
castrwi01,2025,2,CHN,NL,34,100,10,17,2,1,1,6,1,1,8,27,0,2,0,0,3
cavalca01,2025,1,WAS,NL,10,0,0,0,0,0,0,0,0,0,0,0,0,0,0,0,0
caveja01,2023,1,PHI,NL,65,184,18,39,8,1,5,21,3,0,15,55,0,1,1,2,3
caveja01,2024,1,COL,NL,123,323,42,81,16,5,7,37,5,2,18,98,1,1,1,3,6
ceasedy01,2023,1,CHA,AL,33,0,0,0,0,0,0,0,0,0,0,0,0,0,0,0,0
ceasedy01,2024,1,SDN,NL,33,0,0,0,0,0,0,0,0,0,0,0,0,0,0,0,0
ceasedy01,2025,1,SDN,NL,32,0,0,0,0,0,0,0,0,0,0,0,0,0,0,0,0
ceccosl01,2023,1,ARI,NL,7,0,0,0,0,0,0,0,0,0,0,0,0,0,0,0,0
ceccosl01,2024,1,ARI,NL,20,0,0,0,0,0,0,0,0,0,0,0,0,0,0,0,0
ceccosl01,2025,1,CLE,AL,23,0,0,0,0,0,0,0,0,0,0,0,0,0,0,0,0
cessalu01,2023,1,CIN,NL,7,0,0,0,0,0,0,0,0,0,0,0,0,0,0,0,0
chafian01,2023,1,ARI,NL,43,0,0,0,0,0,0,0,0,0,0,0,0,0,0,0,0
chafian01,2023,2,MIL,NL,20,0,0,0,0,0,0,0,0,0,0,0,0,0,0,0,0
chafian01,2024,1,DET,AL,41,0,0,0,0,0,0,0,0,0,0,0,0,0,0,0,0
chafian01,2024,2,TEX,AL,21,0,0,0,0,0,0,0,0,0,0,0,0,0,0,0,0
chafian01,2025,1,WAS,NL,26,0,0,0,0,0,0,0,0,0,0,0,0,0,0,0,0
chafian01,2025,2,LAA,AL,16,0,0,0,0,0,0,0,0,0,0,0,0,0,0,0,0
chandbu01,2025,1,PIT,NL,7,0,0,0,0,0,0,0,0,0,0,0,0,0,0,0,0
changyu01,2023,1,BOS,AL,39,105,12,17,2,0,6,18,4,0,3,34,0,2,2,0,2
chapaan01,2024,1,WAS,NL,33,121,12,26,12,0,4,15,1,1,7,24,0,4,0,0,3
chapaan01,2025,1,WAS,NL,34,66,4,12,2,0,1,5,0,0,5,22,0,1,0,1,0
chapmar01,2023,1,KCA,AL,31,0,0,0,0,0,0,0,0,0,0,0,0,0,0,0,0
chapmar01,2023,2,TEX,AL,30,0,0,0,0,0,0,0,0,0,0,0,0,0,0,0,0
chapmar01,2024,1,PIT,NL,68,0,0,0,0,0,0,0,0,0,0,0,0,0,0,0,0
chapmar01,2025,1,BOS,AL,67,0,0,0,0,0,0,0,0,0,0,0,0,0,0,0,0
chapmma01,2023,1,TOR,AL,140,509,66,122,39,2,17,54,4,2,62,165,1,8,0,2,4
chapmma01,2024,1,SFN,NL,154,575,98,142,39,2,27,78,15,2,64,158,3,6,0,2,13
chapmma01,2025,1,SFN,NL,128,454,76,105,23,2,21,61,9,4,71,126,1,6,0,4,8
chargjt01,2023,1,MIA,NL,46,0,0,0,0,0,0,0,0,0,0,0,0,0,0,0,0
chargjt01,2024,1,MIA,NL,15,0,0,0,0,0,0,0,0,0,0,0,0,0,0,0,0
chargjt01,2024,2,SEA,AL,21,0,0,0,0,0,0,0,0,0,0,0,0,0,0,0,0
chaveje01,2023,1,ATL,NL,36,0,0,0,0,0,0,0,0,0,0,0,0,0,0,0,0
chaveje01,2024,1,ATL,NL,46,0,0,0,0,0,0,0,0,0,0,0,0,0,0,0,0
chaveje01,2025,1,ATL,NL,4,0,0,0,0,0,0,0,0,0,0,0,0,0,0,0,0
chavimi01,2023,1,WAS,NL,48,91,16,22,3,0,2,5,1,0,5,33,0,0,0,0,3
chengts01,2025,1,PIT,NL,3,7,0,0,0,0,0,0,0,1,0,3,0,0,0,0,0
chiriyo01,2023,1,TBA,AL,15,0,0,0,0,0,0,0,0,0,0,0,0,0,0,0,0
chiriyo01,2023,2,ATL,NL,5,0,0,0,0,0,0,0,0,0,0,0,0,0,0,0,0
chiriyo01,2024,1,MIA,NL,6,0,0,0,0,0,0,0,0,0,0,0,0,0,0,0,0
chishja01,2023,1,MIA,NL,97,352,50,88,12,2,19,51,22,3,26,118,0,2,1,2,4
chishja01,2024,1,MIA,NL,101,386,46,96,14,4,13,50,22,8,39,107,5,4,0,1,4
chishja01,2024,2,NYA,AL,46,176,28,48,7,0,11,23,18,2,14,45,0,0,0,1,2
chishja01,2025,1,NYA,AL,130,462,75,112,15,1,31,80,31,8,58,148,1,6,1,4,3
chivian01,2024,1,COL,NL,30,0,0,0,0,0,0,0,0,0,0,0,0,0,0,0,0
chivian01,2025,1,COL,NL,43,0,0,0,0,0,0,0,0,0,0,0,0,0,0,0,0
choiji01,2023,1,PIT,NL,23,73,9,15,4,0,6,11,0,0,2,27,0,0,0,1,1
choiji01,2023,2,SDN,NL,16,31,3,2,1,0,0,2,0,0,8,8,0,1,0,1,1
chourja01,2024,1,MIL,NL,148,528,80,145,29,4,21,79,22,7,39,121,4,3,1,2,7
chourja01,2025,1,MIL,NL,131,549,88,148,35,4,21,78,21,7,30,121,1,3,1,6,13
churcma01,2024,1,TEX,AL,1,0,0,0,0,0,0,0,0,0,0,0,0,0,0,0,0
churcma01,2025,1,TEX,AL,5,0,0,0,0,0,0,0,0,0,0,0,0,0,0,0,0
churcna01,2025,1,SLN,NL,27,56,9,10,1,0,1,8,1,0,3,18,0,3,2,1,0
cimbead01,2023,1,TOR,AL,22,0,0,0,0,0,0,0,0,0,0,0,0,0,0,0,0
cimbead01,2024,1,LAA,AL,28,0,0,0,0,0,0,0,0,0,0,0,0,0,0,0,0
cisnejo01,2023,1,DET,AL,63,0,0,0,0,0,0,0,0,0,0,0,0,0,0,0,0
cisnejo01,2024,1,LAA,AL,15,0,0,0,0,0,0,0,0,0,0,0,0,0,0,0,0
civalaa01,2023,1,CLE,AL,13,0,0,0,0,0,0,0,0,0,0,0,0,0,0,0,0
civalaa01,2023,2,TBA,AL,10,0,0,0,0,0,0,0,0,0,0,0,0,0,0,0,0
civalaa01,2024,1,TBA,AL,17,0,0,0,0,0,0,0,0,0,0,0,0,0,0,0,0
civalaa01,2024,2,MIL,NL,14,0,0,0,0,0,0,0,0,0,0,0,0,0,0,0,0
civalaa01,2025,1,MIL,NL,5,0,0,0,0,0,0,0,0,0,0,0,0,0,0,0,0
civalaa01,2025,2,CHA,AL,13,0,0,0,0,0,0,0,0,0,0,0,0,0,0,0,0
civalaa01,2025,3,CHN,NL,5,0,0,0,0,0,0,0,0,0,0,0,0,0,0,0,0
clarkde02,2025,1,ATH,AL,47,148,18,34,8,2,3,8,6,0,6,61,0,3,2,0,1
clarkta01,2023,1,KCA,AL,58,0,0,0,0,0,0,0,0,0,0,0,0,0,0,0,0
clarkta01,2025,1,KCA,AL,51,0,0,0,0,0,0,0,0,0,0,0,0,0,0,0,0
claseem01,2023,1,CLE,AL,75,0,0,0,0,0,0,0,0,0,0,0,0,0,0,0,0
claseem01,2024,1,CLE,AL,74,0,0,0,0,0,0,0,0,0,0,0,0,0,0,0,0
claseem01,2025,1,CLE,AL,48,0,0,0,0,0,0,0,0,0,0,0,0,0,0,0,0
clasejo01,2024,1,SEA,AL,19,41,4,8,1,0,0,3,3,0,2,14,0,0,0,0,1
clasejo01,2024,2,TOR,AL,7,20,3,7,1,0,1,2,0,1,1,3,0,2,0,0,0
clasejo01,2025,1,TOR,AL,34,100,10,21,3,0,2,9,3,1,10,28,0,1,1,0,1
claudal01,2023,1,MIL,NL,1,0,0,0,0,0,0,0,0,0,0,0,0,0,0,0,0
cleavga01,2023,1,TBA,AL,15,0,0,0,0,0,0,0,0,0,0,0,0,0,0,0,0
cleavga01,2024,1,TBA,AL,68,0,0,0,0,0,0,0,0,0,0,0,0,0,0,0,0
cleavga01,2025,1,TBA,AL,67,0,0,0,0,0,0,0,0,0,0,0,0,0,0,0,0
clemeer01,2023,1,TOR,AL,30,50,7,19,1,1,1,10,1,0,1,4,0,0,0,1,0
clemeer01,2024,1,TOR,AL,139,434,48,114,21,3,12,51,12,3,11,41,1,3,2,2,11
clemeer01,2025,1,TOR,AL,157,545,83,151,35,2,9,50,6,5,27,61,1,4,7,5,13
clemeko01,2023,1,PHI,NL,49,139,15,32,7,0,4,13,0,0,8,40,0,1,0,0,1
clemeko01,2024,1,PHI,NL,44,114,17,25,9,1,5,18,0,0,5,29,0,1,0,0,2
clemeko01,2025,1,PHI,NL,7,6,0,0,0,0,0,0,0,0,1,0,0,0,0,0,0
clemeko01,2025,2,MIN,AL,112,342,46,74,12,4,19,52,5,1,28,93,1,5,2,2,4
clevimi01,2023,1,CHA,AL,24,0,0,0,0,0,0,0,0,0,0,0,0,0,0,0,0
clevimi01,2024,1,CHA,AL,4,0,0,0,0,0,0,0,0,0,0,0,0,0,0,0,0
clevimi01,2025,1,CHA,AL,8,0,0,0,0,0,0,0,0,0,0,0,0,0,0,0,0
cobbal01,2023,1,SFN,NL,28,0,0,0,0,0,0,0,0,0,0,0,0,0,0,0,0
cobbal01,2024,1,CLE,AL,3,0,0,0,0,0,0,0,0,0,0,0,0,0,0,0,0
colasos01,2023,1,CHA,AL,75,245,32,53,9,0,5,19,4,3,12,71,1,2,2,2,5
colasos01,2024,1,CHA,AL,13,33,1,9,0,0,0,4,0,1,4,10,0,1,0,0,0
colege01,2023,1,NYA,AL,33,0,0,0,0,0,0,0,0,0,0,0,0,0,0,0,0
colege01,2024,1,NYA,AL,17,0,0,0,0,0,0,0,0,0,0,0,0,0,0,0,0
colemdy01,2023,1,KCA,AL,23,0,0,0,0,0,0,0,0,0,0,0,0,0,0,0,0
colemdy01,2024,1,HOU,AL,1,0,0,0,0,0,0,0,0,0,0,0,0,0,0,0,0
coleza01,2025,1,HOU,AL,15,47,9,12,2,0,4,11,3,0,5,20,0,0,0,0,0
colliis01,2024,1,MIL,NL,11,17,0,2,0,0,0,0,1,0,2,10,0,0,0,0,0
colliis01,2025,1,MIL,NL,130,372,56,98,22,3,9,54,16,7,57,93,0,6,3,3,8
colliza01,2023,1,CLE,AL,2,4,0,2,0,0,0,0,0,0,2,2,0,0,0,0,0
colomal01,2023,1,CHA,AL,4,0,0,0,0,0,0,0,0,0,0,0,0,0,0,0,0
confomi01,2023,1,SFN,NL,125,406,58,97,14,0,15,58,4,0,53,106,4,7,0,4,12
confomi01,2024,1,SFN,NL,130,438,56,104,27,3,20,66,0,1,42,118,1,5,0,3,16
confomi01,2025,1,LAN,NL,138,418,54,83,20,0,12,36,1,0,56,121,0,9,0,3,12
coningr01,2024,1,MIA,NL,30,82,14,22,4,1,3,12,0,0,6,28,0,1,0,0,1
coningr01,2025,1,MIA,NL,24,79,13,20,7,0,2,8,0,1,7,25,0,0,0,0,0
contrlu01,2024,1,HOU,AL,5,0,0,0,0,0,0,0,0,0,0,0,0,0,0,0,0
contrlu01,2025,1,HOU,AL,9,0,0,0,0,0,0,0,0,0,0,0,0,0,0,0,0
contrro01,2023,1,PIT,NL,19,0,0,0,0,0,0,0,0,0,0,0,0,0,0,0,0
contrro01,2024,1,PIT,NL,12,0,0,0,0,0,0,0,0,0,0,0,0,0,0,0,0
contrro01,2024,2,LAA,AL,37,0,0,0,0,0,0,0,0,0,0,0,0,0,0,0,0
contrro01,2025,1,BAL,AL,1,0,0,0,0,0,0,0,0,0,0,0,0,0,0,0,0
contrro01,2025,2,COL,NL,4,0,0,0,0,0,0,0,0,0,0,0,0,0,0,0,0
contrwi01,2023,1,SLN,NL,125,428,55,113,27,0,20,67,6,3,51,111,0,13,1,2,12
contrwi01,2024,1,SLN,NL,84,301,48,79,17,0,15,36,4,1,45,96,2,12,0,0,7
contrwi01,2025,1,SLN,NL,135,490,70,126,31,1,20,80,5,1,44,142,1,23,1,4,15
contrwi02,2023,1,MIL,NL,141,540,86,156,38,1,17,78,6,1,63,126,2,5,1,2,23
contrwi02,2024,1,MIL,NL,155,595,99,167,37,2,23,92,9,2,78,139,5,3,0,3,19
contrwi02,2025,1,MIL,NL,150,566,89,147,28,0,17,76,6,4,84,120,4,3,0,6,14
cookbi01,2024,1,PIT,NL,16,49,5,11,2,0,3,8,1,0,0,19,0,0,0,0,0
cookbi01,2025,1,PIT,NL,3,6,1,2,0,0,0,0,0,0,0,1,0,0,0,0,0
coonrsa01,2023,1,NYN,NL,10,0,0,0,0,0,0,0,0,0,0,0,0,0,0,0,0
coopega03,2023,1,MIA,NL,82,305,28,78,11,1,13,46,0,0,17,97,0,1,0,1,9
coopega03,2023,2,SDN,NL,41,117,14,28,7,0,4,15,0,0,14,35,0,1,0,1,6
coopega03,2024,1,CHN,NL,12,37,3,10,1,1,1,6,0,0,4,13,0,0,0,0,1
coopega03,2024,2,BOS,AL,24,70,3,12,4,0,0,5,0,0,3,22,0,2,0,0,2
corbipa01,2023,1,WAS,NL,32,0,0,0,0,0,0,0,0,0,0,0,0,0,0,0,0
corbipa01,2024,1,WAS,NL,32,0,0,0,0,0,0,0,0,0,0,0,0,0,0,0,0
corbipa01,2025,1,TEX,AL,31,0,0,0,0,0,0,0,0,0,0,0,0,0,0,0,0
cordefr02,2023,1,NYA,AL,24,69,9,13,2,0,6,13,0,0,2,25,0,0,0,0,0
cordeji01,2023,1,NYA,AL,31,0,0,0,0,0,0,0,0,0,0,0,0,0,0,0,0
cornijo01,2025,1,TEX,AL,1,0,0,0,0,0,0,0,0,0,0,0,0,0,0,0,0
coronke01,2025,1,HOU,AL,3,2,0,0,0,0,0,0,0,0,2,1,0,0,0,0,0
correca01,2023,1,MIN,AL,135,514,60,118,29,2,18,65,0,0,59,131,3,4,0,3,30
correca01,2024,1,MIN,AL,86,319,55,99,20,2,14,54,0,0,40,61,4,3,0,4,5
correca01,2025,1,MIN,AL,93,337,40,90,19,0,7,31,0,0,26,68,0,0,0,1,12
correca01,2025,2,HOU,AL,51,200,23,58,10,0,6,21,0,0,19,45,0,1,0,0,7
corteca01,2025,1,ATH,AL,42,94,11,29,8,1,4,14,0,0,3,20,0,0,0,2,3
cortene01,2023,1,NYA,AL,12,0,0,0,0,0,0,0,0,0,0,0,0,0,0,0,0
cortene01,2024,1,NYA,AL,31,0,0,0,0,0,0,0,0,0,0,0,0,0,0,0,0
cortene01,2025,1,MIL,NL,2,0,0,0,0,0,0,0,0,0,0,0,0,0,0,0,0
cortene01,2025,2,SDN,NL,6,0,0,0,0,0,0,0,0,0,0,0,0,0,0,0,0
cosgrto01,2023,1,SDN,NL,54,0,0,0,0,0,0,0,0,0,0,0,0,0,0,0,0
cosgrto01,2024,1,SDN,NL,18,0,0,0,0,0,0,0,0,0,0,0,0,0,0,0,0
cosgrto01,2025,1,CHN,NL,2,0,0,0,0,0,0,0,0,0,0,0,0,0,0,0,0
couloda01,2023,1,BAL,AL,61,0,0,0,0,0,0,0,0,0,0,0,0,0,0,0,0
couloda01,2024,1,BAL,AL,33,0,0,0,0,0,0,0,0,0,0,0,0,0,0,0,0
couloda01,2025,1,MIN,AL,40,0,0,0,0,0,0,0,0,0,0,0,0,0,0,0,0
couloda01,2025,2,TEX,AL,15,0,0,0,0,0,0,0,0,0,0,0,0,0,0,0,0
cousija01,2023,1,MIL,NL,9,0,0,0,0,0,0,0,0,0,0,0,0,0,0,0,0
cousija01,2024,1,NYA,AL,37,0,0,0,0,0,0,0,0,0,0,0,0,0,0,0,0
coveydy01,2023,1,LAN,NL,1,0,0,0,0,0,0,0,0,0,0,0,0,0,0,0,0
coveydy01,2023,2,PHI,NL,28,0,0,0,0,0,0,0,0,0,0,0,0,0,0,0,0
cowseco01,2023,1,BAL,AL,26,61,15,7,2,0,0,4,1,0,13,22,0,2,0,1,1
cowseco01,2024,1,BAL,AL,153,499,77,121,24,3,24,69,9,4,52,172,2,7,0,3,9
cowseco01,2025,1,BAL,AL,92,327,36,64,14,0,16,40,14,0,27,128,1,6,0,0,5
coxau01,2023,1,KCA,AL,24,0,0,0,0,0,0,0,0,0,0,0,0,0,0,0,0
coxau01,2025,1,ATL,NL,13,0,0,0,0,0,0,0,0,0,0,0,0,0,0,0,0
crawfbr01,2023,1,SFN,NL,94,283,31,55,11,1,7,38,3,0,28,81,1,4,1,4,5
crawfbr01,2024,1,SLN,NL,29,71,5,12,5,0,1,4,0,0,8,26,0,1,0,0,0
crawfjp01,2023,1,SEA,AL,145,534,94,142,35,0,19,65,2,0,94,125,1,5,3,2,7
crawfjp01,2024,1,SEA,AL,105,392,55,79,16,2,9,37,5,0,52,102,0,6,0,1,4
crawfjp01,2025,1,SEA,AL,157,570,69,151,24,0,12,58,8,1,74,122,1,3,6,1,11
crawfku01,2023,1,BOS,AL,32,0,1,0,0,0,0,0,0,0,0,0,0,0,0,0,0
crawfku01,2024,1,BOS,AL,33,0,0,0,0,0,0,0,0,0,0,0,0,0,0,0,0
crewsdy01,2024,1,WAS,NL,31,119,12,26,5,1,3,8,12,3,11,26,0,1,0,1,4
crewsdy01,2025,1,WAS,NL,85,293,43,61,8,2,10,27,17,5,24,76,0,5,0,0,4
crimbl01,2025,1,TEX,AL,5,11,1,0,0,0,0,0,0,0,1,6,0,1,0,0,0
crimbl01,2025,2,COL,NL,15,54,9,13,2,0,5,12,0,0,5,22,0,0,0,2,0
crismna01,2023,1,SDN,NL,7,0,0,0,0,0,0,0,0,0,0,0,0,0,0,0,0
crismna01,2023,2,ARI,NL,1,0,0,0,0,0,0,0,0,0,0,0,0,0,0,0,0
crismna01,2024,1,LAN,NL,5,0,0,0,0,0,0,0,0,0,0,0,0,0,0,0,0
crismna01,2025,1,ARI,NL,8,0,0,0,0,0,0,0,0,0,0,0,0,0,0,0,0
criswco01,2023,1,TBA,AL,10,0,0,0,0,0,0,0,0,0,0,0,0,0,0,0,0
criswco01,2024,1,BOS,AL,26,0,0,0,0,0,0,0,0,0,0,0,0,0,0,0,0
criswco01,2025,1,BOS,AL,7,0,0,0,0,0,0,0,0,0,0,0,0,0,0,0,0
criswje01,2024,1,COL,NL,13,0,0,0,0,0,0,0,0,0,0,0,0,0,0,0,0
crochga01,2023,1,CHA,AL,13,0,0,0,0,0,0,0,0,0,0,0,0,0,0,0,0
crochga01,2024,1,CHA,AL,32,0,0,0,0,0,0,0,0,0,0,0,0,0,0,0,0
crochga01,2025,1,BOS,AL,32,0,0,0,0,0,0,0,0,0,0,0,0,0,0,0,0
croncj01,2023,1,COL,NL,56,208,31,54,12,0,11,32,0,0,13,50,0,1,0,2,10
croncj01,2023,2,LAA,AL,15,50,7,10,0,0,1,5,0,0,4,15,0,0,0,0,3
croneja01,2023,1,SDN,NL,127,458,54,105,24,7,10,48,6,1,46,97,2,11,1,5,8
croneja01,2024,1,SDN,NL,155,577,72,139,29,3,17,83,5,2,61,118,0,11,1,3,19
croneja01,2025,1,SDN,NL,135,419,61,103,20,1,11,59,3,3,69,107,1,15,4,7,4
cronide01,2023,1,CHA,AL,9,0,0,0,0,0,0,0,0,0,0,0,0,0,0,0,0
cronide01,2024,1,MIA,NL,56,0,0,0,0,0,0,0,0,0,0,0,0,0,0,0,0
crookji01,2025,1,SLN,NL,15,45,3,6,0,1,1,1,0,0,0,17,0,1,0,0,1
croplty01,2023,1,KCA,AL,2,6,0,1,0,0,0,1,0,0,0,2,0,0,0,1,0
crousha01,2024,1,LAA,AL,25,0,0,0,0,0,0,0,0,0,0,0,0,0,0,0,0
crowape01,2023,1,CHN,NL,13,14,3,0,0,0,0,1,2,2,3,7,0,0,2,0,0
crowape01,2024,1,CHN,NL,123,372,46,88,13,6,10,47,27,3,21,98,2,6,8,3,4
crowape01,2025,1,CHN,NL,157,591,91,146,37,4,31,95,35,8,29,155,1,9,6,12,1
crowewi01,2023,1,PIT,NL,5,0,0,0,0,0,0,0,0,0,0,0,0,0,0,0,0
cruzfe01,2023,1,CIN,NL,58,0,0,0,0,0,0,0,0,0,0,0,0,0,0,0,0
cruzfe01,2024,1,CIN,NL,69,0,0,0,0,0,0,0,0,0,0,0,0,0,0,0,0
cruzfe01,2025,1,NYA,AL,49,0,0,0,0,0,0,0,0,0,0,0,0,0,0,0,0
cruzne02,2023,1,SDN,NL,49,143,9,35,5,1,5,23,1,0,6,46,1,2,0,1,2
cruzom01,2025,1,SDN,NL,2,0,0,0,0,0,0,0,0,0,0,0,0,0,0,0,0
cruzon01,2023,1,PIT,NL,9,32,7,8,1,0,1,4,3,0,7,8,0,0,0,1,0
cruzon01,2024,1,PIT,NL,146,541,72,140,34,3,21,76,22,1,51,181,5,3,0,4,8
cruzon01,2025,1,PIT,NL,135,471,62,94,18,3,20,61,38,5,64,174,4,4,0,5,6
cruzst01,2023,1,KCA,AL,10,0,0,0,0,0,0,0,0,0,0,0,0,0,0,0,0
cruzst01,2024,1,KCA,AL,5,0,0,0,0,0,0,0,0,0,0,0,0,0,0,0,0
cruzst01,2025,1,KCA,AL,47,0,0,0,0,0,0,0,0,0,0,0,0,0,0,0,0
cuasjo01,2023,1,KCA,AL,45,0,0,0,0,0,0,0,0,0,0,0,0,0,0,0,0
cuasjo01,2023,2,CHN,NL,27,0,0,0,0,0,0,0,0,0,0,0,0,0,0,0,0
cuasjo01,2024,1,CHN,NL,9,0,0,0,0,0,0,0,0,0,0,0,0,0,0,0,0
cuasjo01,2024,2,TOR,AL,4,0,0,0,0,0,0,0,0,0,0,0,0,0,0,0,0
cuetojo01,2023,1,MIA,NL,13,0,0,0,0,0,0,0,0,0,0,0,0,0,0,0,0
cuetojo01,2024,1,LAA,AL,2,0,0,0,0,0,0,0,0,0,0,0,0,0,0,0,0
culbech01,2023,1,ATL,NL,1,1,0,1,0,0,0,0,0,0,0,0,0,0,0,0,0
curryxz01,2023,1,CLE,AL,41,0,0,0,0,0,0,0,0,0,0,0,0,0,0,0,0
curryxz01,2024,1,CLE,AL,7,0,0,0,0,0,0,0,0,0,0,0,0,0,0,0,0
curryxz01,2024,2,MIA,NL,9,0,0,0,0,0,0,0,0,0,0,0,0,0,0,0,0
curryxz01,2025,1,MIA,NL,3,0,0,0,0,0,0,0,0,0,0,0,0,0,0,0,0
curtijo02,2023,1,NYN,NL,15,0,0,0,0,0,0,0,0,0,0,0,0,0,0,0,0
curtijo02,2024,1,COL,NL,3,0,0,0,0,0,0,0,0,0,0,0,0,0,0,0,0
curtijo02,2025,1,ARI,NL,30,0,0,0,0,0,0,0,0,0,0,0,0,0,0,0,0
curvelu01,2025,1,TEX,AL,17,0,0,0,0,0,0,0,0,0,0,0,0,0,0,0,0
cyrty01,2023,1,LAN,NL,2,0,0,0,0,0,0,0,0,0,0,0,0,0,0,0,0
dahlda01,2023,1,SDN,NL,4,9,1,1,0,0,1,1,0,0,0,2,0,0,0,0,0
dahlda01,2024,1,PHI,NL,19,58,6,12,2,0,3,8,0,0,3,21,0,0,0,1,0
dalbebo01,2023,1,BOS,AL,21,49,6,10,2,0,1,1,1,0,4,28,0,0,0,0,0
dalbebo01,2024,1,BOS,AL,37,83,6,11,2,0,1,8,3,0,8,43,0,1,1,0,1
dalbebo01,2025,1,CHA,AL,7,18,2,4,1,0,0,1,0,0,3,6,0,0,0,0,1
danaca01,2024,1,LAA,AL,3,0,0,0,0,0,0,0,0,0,0,0,0,0,0,0,0
danaca01,2025,1,LAA,AL,7,0,0,0,0,0,0,0,0,0,0,0,0,0,0,0,0
danieda01,2023,1,LAA,AL,3,0,0,0,0,0,0,0,0,0,0,0,0,0,0,0,0
danieda01,2024,1,LAA,AL,6,0,0,0,0,0,0,0,0,0,0,0,0,0,0,0,0
danieda01,2025,1,ATL,NL,3,0,0,0,0,0,0,0,0,0,0,0,0,0,0,0,0
danneha01,2023,1,TOR,AL,1,0,0,0,0,0,0,0,0,0,0,0,0,0,0,0,0
darnatr01,2023,1,ATL,NL,74,267,31,60,13,0,11,39,0,0,21,67,0,3,0,1,6
darnatr01,2024,1,ATL,NL,99,307,40,73,16,0,15,48,1,0,24,89,0,6,0,4,8
darnatr01,2025,1,LAA,AL,69,213,16,42,13,0,6,21,0,0,13,74,0,4,0,1,5
darnedu01,2025,1,COL,NL,9,0,0,0,0,0,0,0,0,0,0,0,0,0,0,0,0
darremi01,2025,1,LAA,AL,6,0,0,0,0,0,0,0,0,0,0,0,0,0,0,0,0
darremi01,2025,2,PIT,NL,1,0,0,0,0,0,0,0,0,0,0,0,0,0,0,0,0
darviyu01,2023,1,SDN,NL,24,0,0,0,0,0,0,0,0,0,0,0,0,0,0,0,0
darviyu01,2024,1,SDN,NL,16,0,0,0,0,0,0,0,0,0,0,0,0,0,0,0,0
darviyu01,2025,1,SDN,NL,15,0,0,0,0,0,0,0,0,0,0,0,0,0,0,0,0
davidlo01,2025,1,ATH,AL,9,20,1,3,1,0,0,2,0,0,3,12,0,0,1,0,1
davidlo01,2025,2,LAA,AL,10,22,2,4,1,0,1,2,0,0,0,10,0,0,1,0,0
davidtu01,2023,1,LAA,AL,18,0,0,0,0,0,0,0,0,0,0,0,0,0,0,0,0
davidtu01,2023,2,KCA,AL,20,0,0,0,0,0,0,0,0,0,0,0,0,0,0,0,0
davidtu01,2024,1,BAL,AL,1,0,0,0,0,0,0,0,0,0,0,0,0,0,0,0,0
davieza01,2023,1,ARI,NL,18,0,0,0,0,0,0,0,0,0,0,0,0,0,0,0,0
davisau01,2024,1,SDN,NL,7,0,0,0,0,0,0,0,0,0,0,0,0,0,0,0,0
davishe01,2023,1,PIT,NL,62,225,27,48,10,0,7,24,3,5,25,69,2,4,0,1,3
davishe01,2024,1,PIT,NL,37,104,9,15,4,0,1,5,0,0,13,45,0,1,1,2,1
davishe01,2025,1,PIT,NL,87,252,25,42,7,0,7,22,2,1,18,76,0,5,3,3,2
davisjd01,2023,1,SFN,NL,144,480,61,119,23,1,18,69,1,0,52,152,0,6,0,6,16
davisjd01,2024,1,OAK,AL,39,123,12,29,4,0,4,5,0,0,9,30,0,3,0,0,3
davisjd01,2024,2,NYA,AL,7,19,1,2,1,0,0,1,0,0,3,9,0,0,0,0,2
davisjd01,2025,1,LAA,AL,5,9,0,1,0,0,0,0,0,0,0,3,0,0,0,0,0
davisjo05,2023,1,MIA,NL,34,90,22,22,4,1,2,10,1,2,7,29,0,2,2,2,1
davisno01,2023,1,COL,NL,8,0,0,0,0,0,0,0,0,0,0,0,0,0,0,0,0
davisno01,2024,1,COL,NL,9,0,0,0,0,0,0,0,0,0,0,0,0,0,0,0,0
davisno01,2025,1,LAN,NL,5,0,0,0,0,0,0,0,0,0,0,0,0,0,0,0,0
davisno01,2025,2,MIN,AL,4,0,0,0,0,0,0,0,0,0,0,0,0,0,0,0,0
dazayo01,2023,1,COL,NL,24,74,8,20,6,0,0,7,1,0,3,13,0,1,1,1,5
deanju01,2025,1,LAN,NL,18,2,0,0,0,0,0,0,1,0,0,1,0,0,0,0,0
degeubr01,2024,1,SEA,AL,4,0,0,0,0,0,0,0,0,0,0,0,0,0,0,0,0
degeubr01,2024,2,MIA,NL,7,0,0,0,0,0,0,0,0,0,0,0,0,0,0,0,0
degeubr01,2024,3,TOR,AL,2,0,0,0,0,0,0,0,0,0,0,0,0,0,0,0,0
degeubr01,2025,1,PHI,NL,1,0,0,0,0,0,0,0,0,0,0,0,0,0,0,0,0
degroja01,2023,1,TEX,AL,6,0,0,0,0,0,0,0,0,0,0,0,0,0,0,0,0
degroja01,2024,1,TEX,AL,3,0,0,0,0,0,0,0,0,0,0,0,0,0,0,0,0
degroja01,2025,1,TEX,AL,30,0,0,0,0,0,0,0,0,0,0,0,0,0,0,0,0
dejesen01,2023,1,MIA,NL,2,0,0,0,0,0,0,0,0,0,0,0,0,0,0,0,0
dejonch01,2023,1,PIT,NL,6,0,0,0,0,0,0,0,0,0,0,0,0,0,0,0,0
dejonpa01,2023,1,SLN,NL,81,279,38,65,11,0,13,32,4,4,21,87,0,5,0,1,8
dejonpa01,2023,2,TOR,AL,13,44,1,3,0,0,0,1,0,0,0,18,0,0,0,0,1
dejonpa01,2023,3,SFN,NL,18,49,2,9,2,0,1,5,0,0,0,16,0,0,0,1,1
dejonpa01,2024,1,CHA,AL,102,337,39,77,14,0,18,41,2,1,14,112,0,9,0,3,8
dejonpa01,2024,2,KCA,AL,37,108,15,24,3,0,6,15,0,1,9,44,0,0,0,2,1
dejonpa01,2025,1,WAS,NL,57,193,18,44,10,0,6,23,4,0,11,70,0,1,0,3,3
delacbr01,2023,1,MIA,NL,153,579,60,149,32,0,19,78,4,1,40,142,0,1,0,5,18
delacbr01,2024,1,MIA,NL,105,424,44,104,19,0,18,51,3,1,25,118,1,2,0,2,8
delacbr01,2024,2,PIT,NL,44,160,17,32,6,0,3,17,2,1,4,52,0,1,0,3,2
delacbr01,2025,1,ATL,NL,16,47,1,9,1,0,0,0,1,0,3,18,0,0,0,0,1
delacel01,2023,1,CIN,NL,98,388,67,91,15,7,13,44,35,8,35,144,3,2,1,1,6
delacel01,2024,1,CIN,NL,160,618,105,160,36,10,25,76,67,16,69,218,2,6,2,1,12
delacel01,2025,1,CIN,NL,162,629,102,166,31,7,22,86,37,8,67,181,10,2,0,1,14
delayja01,2023,1,PIT,NL,70,167,20,42,11,1,1,18,0,0,14,44,0,3,2,1,5
delayja01,2024,1,PIT,NL,7,15,1,3,3,0,0,6,0,0,3,0,0,0,1,0,0
delcaad01,2024,1,ARI,NL,25,80,12,25,5,0,4,19,1,1,7,28,0,0,0,0,1
delcaad01,2025,1,ARI,NL,44,120,9,29,6,0,4,17,0,0,8,47,0,1,0,2,2
deleojo03,2023,1,MIN,AL,13,0,0,0,0,0,0,0,0,0,0,0,0,0,0,0,0
deleojo03,2025,1,BOS,AL,1,0,0,0,0,0,0,0,0,0,0,0,0,0,0,0,0
deloaza01,2024,1,CHA,AL,22,67,10,14,5,0,1,5,0,1,8,21,0,0,0,0,0
delosen01,2023,1,CLE,AL,70,0,0,0,0,0,0,0,0,0,0,0,0,0,0,0,0
delosen01,2024,1,SDN,NL,44,0,0,0,0,0,0,0,0,0,0,0,0,0,0,0,0
delosen01,2024,2,NYA,AL,5,0,0,0,0,0,0,0,0,0,0,0,0,0,0,0,0
delosen01,2024,3,CHA,AL,15,0,0,0,0,0,0,0,0,0,0,0,0,0,0,0,0
delosen01,2025,1,ATL,NL,43,0,0,0,0,0,0,0,0,0,0,0,0,0,0,0,0
delosen01,2025,2,HOU,AL,22,0,0,0,0,0,0,0,0,0,0,0,0,0,0,0,0
deloslu03,2024,1,TOR,AL,13,29,2,5,2,0,0,1,0,0,2,10,0,0,0,0,2
delosye01,2023,1,PIT,NL,22,0,0,0,0,0,0,0,0,0,0,0,0,0,0,0,0
delosye01,2025,1,NYA,AL,25,0,0,0,0,0,0,0,0,0,0,0,0,0,0,0,0
delucjo01,2023,1,LAN,NL,24,42,5,11,1,0,2,6,1,0,3,8,0,0,0,0,0
delucjo01,2024,1,TBA,AL,107,332,29,72,12,4,6,31,16,6,24,77,1,4,2,0,1
delucjo01,2025,1,TBA,AL,20,57,5,19,1,3,0,4,6,0,2,13,0,0,0,0,0
dermoma01,2023,1,BOS,AL,1,0,0,0,0,0,0,0,0,0,0,0,0,0,0,0,0
desclan01,2023,1,SFN,NL,19,0,0,0,0,0,0,0,0,0,0,0,0,0,0,0,0
desclan01,2025,1,ARI,NL,13,0,0,0,0,0,0,0,0,0,0,0,0,0,0,0,0
detmere01,2023,1,LAA,AL,28,0,0,0,0,0,0,0,0,0,0,0,0,0,0,0,0
detmere01,2024,1,LAA,AL,17,0,0,0,0,0,0,0,0,0,0,0,0,0,0,0,0
detmere01,2025,1,LAA,AL,61,0,0,0,0,0,0,0,0,0,0,0,0,0,0,0,0
devanca01,2025,1,PIT,NL,14,36,1,5,1,0,0,1,0,1,2,21,0,0,0,0,1
devench02,2023,1,LAA,AL,29,0,0,0,0,0,0,0,0,0,0,0,0,0,0,0,0
devench02,2023,2,TBA,AL,9,0,0,0,0,0,0,0,0,0,0,0,0,0,0,0,0
devench02,2024,1,TBA,AL,19,0,0,0,0,0,0,0,0,0,0,0,0,0,0,0,0
devench02,2025,1,NYN,NL,13,0,0,0,0,0,0,0,0,0,0,0,0,0,0,0,0
deverjo01,2024,1,MIA,NL,3,4,1,1,0,0,0,0,0,0,0,1,0,0,0,0,0
deverra01,2023,1,BOS,AL,153,580,90,157,34,0,33,100,5,1,62,126,10,11,0,3,15
deverra01,2024,1,BOS,AL,138,525,87,143,34,5,28,83,3,0,67,147,14,3,0,6,13
deverra01,2025,1,BOS,AL,73,272,47,74,18,0,15,58,1,1,56,76,7,4,0,2,7
deverra01,2025,2,SFN,NL,90,335,52,79,15,0,20,51,0,0,56,116,3,2,0,2,9
dezenza01,2024,1,HOU,AL,19,62,5,15,2,0,2,8,0,0,3,22,0,0,0,0,3
dezenza01,2025,1,HOU,AL,34,98,17,24,6,0,2,10,1,0,11,37,0,0,0,0,2
diazal02,2023,1,OAK,AL,109,315,25,72,20,1,4,24,1,0,17,66,2,7,1,4,14
diazal02,2024,1,OAK,AL,12,29,2,3,0,0,0,1,0,0,1,7,0,0,0,0,0
diazal02,2024,2,HOU,AL,2,4,0,0,0,0,0,0,0,0,0,2,0,0,0,0,0
diazal03,2023,1,CIN,NL,71,0,0,0,0,0,0,0,0,0,0,0,0,0,0,0,0
diazal03,2024,1,CIN,NL,60,0,0,0,0,0,0,0,0,0,0,0,0,0,0,0,0
diazal03,2025,1,CIN,NL,6,0,0,0,0,0,0,0,0,0,0,0,0,0,0,0,0
diazal03,2025,2,LAN,NL,9,0,0,0,0,0,0,0,0,0,0,0,0,0,0,0,0
diazal03,2025,3,ATL,NL,3,0,0,0,0,0,0,0,0,0,0,0,0,0,0,0,0
diazed04,2024,1,NYN,NL,55,0,0,0,0,0,0,0,0,0,0,0,0,0,0,0,0
diazed04,2025,1,NYN,NL,62,0,0,0,0,0,0,0,0,0,0,0,0,0,0,0,0
diazel01,2023,1,COL,NL,141,486,48,130,25,1,14,72,1,0,34,118,0,2,0,4,12
diazel01,2024,1,COL,NL,84,304,26,82,18,0,5,36,0,0,17,64,2,4,0,2,13
diazel01,2024,2,SDN,NL,12,21,1,4,2,0,1,3,0,0,3,5,0,0,0,0,2
diazel01,2025,1,SDN,NL,106,255,34,52,7,0,9,29,0,0,21,74,0,2,5,0,11
diazis01,2023,1,SFN,NL,6,19,0,1,0,0,0,1,0,0,2,7,0,0,0,0,0
diazis01,2023,2,DET,AL,2,5,0,0,0,0,0,0,0,0,0,2,0,0,0,0,0
diazjh01,2023,1,LAA,AL,4,0,0,0,0,0,0,0,0,0,0,0,0,0,0,0,0
diazjh01,2024,1,SEA,AL,5,0,0,0,0,0,0,0,0,0,0,0,0,0,0,0,0
diazjh01,2025,1,SEA,AL,1,0,0,0,0,0,0,0,0,0,0,0,0,0,0,0,0
diazjo03,2023,1,OAK,AL,90,272,20,60,9,0,10,27,0,1,17,69,0,3,0,1,10
diazmi02,2023,1,DET,AL,12,0,0,0,0,0,0,0,0,0,0,0,0,0,0,0,0
diazmi02,2024,1,HOU,AL,1,0,0,0,0,0,0,0,0,0,0,0,0,0,0,0,0
diazya01,2023,1,TBA,AL,136,525,95,173,35,0,22,78,0,1,65,94,0,8,0,2,16
diazya01,2024,1,TBA,AL,145,563,55,158,31,1,14,65,0,0,50,95,0,4,0,4,12
diazya01,2025,1,TBA,AL,150,583,79,175,29,1,25,83,3,1,57,92,4,6,0,5,12
diazya02,2023,1,HOU,AL,104,355,51,100,22,0,23,60,0,0,11,74,0,5,0,6,12
diazya02,2024,1,HOU,AL,148,585,70,175,29,3,16,84,2,0,24,107,1,2,0,8,22
diazya02,2025,1,HOU,AL,143,542,56,139,25,1,20,70,1,1,20,95,2,2,0,3,13
diazyi01,2024,1,ARI,NL,7,0,0,0,0,0,0,0,0,0,0,0,0,0,0,0,0
diazyi01,2025,1,ARI,NL,1,0,0,0,0,0,0,0,0,0,0,0,0,0,0,0,0
dickeco01,2023,1,WAS,NL,50,144,12,36,7,1,2,17,0,1,7,28,0,0,0,1,3
diekmja01,2023,1,CHA,AL,13,0,0,0,0,0,0,0,0,0,0,0,0,0,0,0,0
diekmja01,2023,2,TBA,AL,50,0,0,0,0,0,0,0,0,0,0,0,0,0,0,0,0
diekmja01,2024,1,NYN,NL,43,0,0,0,0,0,0,0,0,0,0,0,0,0,0,0,0
dingldi01,2024,1,DET,AL,27,84,2,14,5,2,1,11,0,0,3,30,0,0,0,0,2
dingldi01,2025,1,DET,AL,126,435,54,121,21,2,13,57,0,0,23,110,2,9,0,1,5
dixonbr01,2023,1,SDN,NL,33,79,10,16,4,0,2,9,1,0,1,31,0,4,0,2,1
dobbihu01,2025,1,BOS,AL,13,0,0,0,0,0,0,0,0,0,0,0,0,0,0,0,0
dobnara01,2024,1,MIN,AL,5,0,0,0,0,0,0,0,0,0,0,0,0,0,0,0,0
dobnara01,2025,1,MIN,AL,1,0,0,0,0,0,0,0,0,0,0,0,0,0,0,0,0
dodddy01,2023,1,ATL,NL,7,0,0,0,0,0,0,0,0,0,0,0,0,0,0,0,0
dodddy01,2024,1,ATL,NL,1,0,0,0,0,0,0,0,0,0,0,0,0,0,0,0,0
dodddy01,2025,1,ATL,NL,28,0,0,0,0,0,0,0,0,0,0,0,0,0,0,0,0
dollach01,2025,1,COL,NL,21,0,0,0,0,0,0,0,0,0,0,0,0,0,0,0,0
dominja01,2023,1,NYA,AL,8,31,6,8,1,0,4,7,1,0,2,8,0,0,0,0,1
dominja01,2024,1,NYA,AL,18,56,8,10,1,0,2,4,5,0,11,19,0,0,0,0,0
dominja01,2025,1,NYA,AL,123,381,58,98,18,1,10,47,23,5,41,115,1,3,0,4,5
dominse01,2023,1,PHI,NL,57,0,0,0,0,0,0,0,0,0,0,0,0,0,0,0,0
dominse01,2024,1,PHI,NL,38,0,0,0,0,0,0,0,0,0,0,0,0,0,0,0,0
dominse01,2024,2,BAL,AL,25,0,0,0,0,0,0,0,0,0,0,0,0,0,0,0,0
dominse01,2025,1,BAL,AL,43,0,0,0,0,0,0,0,0,0,0,0,0,0,0,0,0
dominse01,2025,2,TOR,AL,24,0,0,0,0,0,0,0,0,0,0,0,0,0,0,0,0
donaljo02,2023,1,NYA,AL,34,106,13,15,1,0,10,15,0,0,12,32,0,0,0,2,2
donaljo02,2023,2,MIL,NL,17,59,5,10,4,0,3,11,0,0,10,18,0,0,0,0,4
donovbr01,2023,1,SLN,NL,95,327,48,93,10,1,11,34,5,1,33,53,2,9,1,1,4
donovbr01,2024,1,SLN,NL,153,587,65,163,34,3,14,73,5,5,47,81,0,13,0,5,4
donovbr01,2025,1,SLN,NL,118,460,64,132,32,0,10,50,3,3,42,67,3,7,2,4,4
dovalca01,2023,1,SFN,NL,69,0,0,0,0,0,0,0,0,0,0,0,0,0,0,0,0
dovalca01,2024,1,SFN,NL,62,0,0,0,0,0,0,0,0,0,0,0,0,0,0,0,0
dovalca01,2025,1,SFN,NL,47,0,0,0,0,0,0,0,0,0,0,0,0,0,0,0,0
dovalca01,2025,2,NYA,AL,22,0,0,0,0,0,0,0,0,0,0,0,0,0,0,0,0
downsje01,2023,1,WAS,NL,6,5,4,2,0,0,0,1,2,0,4,1,0,0,0,0,0
doylebr02,2023,1,COL,NL,126,399,48,81,16,5,10,48,22,5,22,151,0,4,3,3,9
doylebr02,2024,1,COL,NL,149,542,82,141,24,4,23,72,30,5,46,153,1,3,4,8,13
doylebr02,2025,1,COL,NL,138,502,57,117,23,2,15,57,18,2,30,138,0,0,2,4,14
doyleto01,2023,1,COL,NL,15,0,0,0,0,0,0,0,0,0,0,0,0,0,0,0,0
doziehu01,2023,1,KCA,AL,29,82,8,15,2,1,2,9,2,0,8,29,0,0,0,1,0
dreyeja01,2025,1,LAN,NL,67,0,0,0,0,0,0,0,0,0,0,0,0,0,0,0,0
drisclo01,2024,1,TBA,AL,15,35,2,6,0,0,1,5,0,0,1,6,0,0,0,1,0
drurybr01,2023,1,LAA,AL,125,485,61,127,30,3,26,83,0,2,25,136,0,8,0,5,14
drurybr01,2024,1,LAA,AL,97,325,28,55,7,0,4,15,1,0,27,81,0,5,0,3,13
duartda01,2023,1,CIN,NL,31,0,0,0,0,0,0,0,0,0,0,0,0,0,0,0,0
duartda01,2024,1,MIN,AL,2,0,0,0,0,0,0,0,0,0,0,0,0,0,0,0,0
dubinsh01,2023,1,HOU,AL,3,0,0,0,0,0,0,0,0,0,0,0,0,0,0,0,0
dubinsh01,2024,1,HOU,AL,31,0,0,0,0,0,0,0,0,0,0,0,0,0,0,0,0
dubinsh01,2025,1,HOU,AL,23,0,0,0,0,0,0,0,0,0,0,0,0,0,0,0,0
dubinsh01,2025,2,BAL,AL,7,0,0,0,0,0,0,0,0,0,0,0,0,0,0,0,0
dubonma01,2023,1,HOU,AL,132,467,76,130,26,3,10,46,7,2,19,70,0,3,0,3,10
dubonma01,2024,1,HOU,AL,137,402,45,108,25,0,4,47,3,2,16,55,0,2,3,5,6
dubonma01,2025,1,HOU,AL,133,369,43,89,21,0,7,33,3,0,24,42,0,1,3,1,12
duffety01,2023,1,CHN,NL,1,0,0,0,0,0,0,0,0,0,0,0,0,0,0,0,0
duffety01,2024,1,KCA,AL,9,0,0,0,0,0,0,0,0,0,0,0,0,0,0,0,0
duffyma01,2023,1,KCA,AL,79,191,17,48,8,0,2,16,1,0,12,39,0,4,0,2,4
duffyma01,2024,1,TEX,AL,4,7,2,2,0,0,0,0,0,0,2,1,0,1,0,0,0
dunnbl01,2024,1,CIN,NL,19,26,8,4,1,0,1,1,2,0,2,11,0,1,0,0,1
dunnbl01,2025,1,CIN,NL,30,60,10,9,2,0,1,7,1,1,8,25,0,7,0,0,1
dunnida01,2023,1,TEX,AL,35,0,0,0,0,0,0,0,0,0,0,0,0,0,0,0,0
dunnida01,2024,1,TEX,AL,26,0,0,0,0,0,0,0,0,0,0,0,0,0,0,0,0
dunnida01,2025,1,TEX,AL,5,0,0,0,0,0,0,0,0,0,0,0,0,0,0,0,0
dunnida01,2025,2,ATL,NL,7,0,0,0,0,0,0,0,0,0,0,0,0,0,0,0,0
dunnol01,2024,1,MIL,NL,41,95,11,21,2,2,1,7,3,0,6,40,0,2,1,0,1
dunnol01,2025,1,MIL,NL,14,36,4,6,2,0,0,6,1,0,2,11,0,0,2,1,0
dunshpa01,2024,1,ATL,NL,1,0,0,0,0,0,0,0,0,0,0,0,0,0,0,0,0
duranca01,2025,1,ATH,AL,1,0,0,0,0,0,0,0,0,0,0,0,0,0,0,0,0
duranez01,2023,1,TEX,AL,122,406,55,112,22,2,14,46,8,4,23,120,1,7,1,2,7
duranez01,2024,1,TEX,AL,92,268,26,66,11,0,3,20,1,2,14,63,0,2,0,1,6
duranez01,2025,1,TEX,AL,90,205,16,46,14,0,0,14,11,2,8,55,0,4,1,1,3
duranja01,2023,1,BOS,AL,102,332,46,98,34,2,8,40,24,2,24,90,1,3,0,2,3
duranja01,2024,1,BOS,AL,160,671,111,191,48,14,21,75,34,7,54,160,1,6,1,3,6
duranja01,2025,1,BOS,AL,157,620,86,159,41,13,16,84,24,6,60,169,1,12,1,3,6
duranjh01,2023,1,MIN,AL,59,0,0,0,0,0,0,0,0,0,0,0,0,0,0,0,0
duranjh01,2024,1,MIN,AL,58,0,0,0,0,0,0,0,0,0,0,0,0,0,0,0,0
duranjh01,2025,1,MIN,AL,49,0,0,0,0,0,0,0,0,0,0,0,0,0,0,0,0
duranjh01,2025,2,PHI,NL,23,0,0,0,0,0,0,0,0,0,0,0,0,0,0,0,0
durbica01,2025,1,MIL,NL,136,445,60,114,25,0,11,53,18,6,30,50,0,24,3,4,10
duvalad01,2023,1,BOS,AL,92,320,45,79,24,2,21,58,4,0,22,110,1,6,0,5,0
duvalad01,2024,1,ATL,NL,104,303,29,55,10,0,11,30,0,0,21,99,0,5,0,1,6
earlyco01,2025,1,BOS,AL,4,0,0,0,0,0,0,0,0,0,0,0,0,0,0,0,0
eatonna01,2023,1,KCA,AL,28,53,2,4,0,0,0,1,3,0,2,21,0,1,0,0,0
eatonna01,2025,1,BOS,AL,41,81,16,24,4,0,1,4,9,2,6,19,0,1,1,1,1
edenca01,2023,1,TOR,AL,5,6,1,1,0,0,0,0,0,0,0,2,0,0,0,0,0
ederja01,2024,1,CHA,AL,1,0,0,0,0,0,0,0,0,0,0,0,0,0,0,0,0
ederja01,2025,1,LAA,AL,8,0,0,0,0,0,0,0,0,0,0,0,0,0,0,0,0
edmanto01,2023,1,SLN,NL,137,479,69,119,25,4,13,47,27,4,35,84,1,7,3,4,9
edmanto01,2024,1,LAN,NL,37,139,20,33,5,1,6,20,6,0,11,30,0,1,0,2,2
edmanto01,2025,1,LAN,NL,97,346,49,78,13,1,13,49,3,1,19,61,0,6,1,5,4
edwarca01,2023,1,WAS,NL,32,0,0,0,0,0,0,0,0,0,0,0,0,0,0,0,0
edwarca01,2024,1,SDN,NL,1,0,0,0,0,0,0,0,0,0,0,0,0,0,0,0,0
edwarca01,2025,1,LAA,AL,2,0,0,0,0,0,0,0,0,0,0,0,0,0,0,0,0
edwarca01,2025,2,TEX,AL,2,0,0,0,0,0,0,0,0,0,0,0,0,0,0,0,0
edwarxa01,2023,1,MIA,NL,30,78,12,23,3,0,0,3,5,0,3,14,0,1,2,0,1
edwarxa01,2024,1,MIA,NL,70,265,39,87,12,5,1,26,31,4,33,52,1,0,1,4,0
edwarxa01,2025,1,MIA,NL,139,561,75,159,20,5,3,43,27,7,49,88,2,3,3,3,6
effrosc01,2024,1,NYA,AL,3,0,0,0,0,0,0,0,0,0,0,0,0,0,0,0,0
effrosc01,2025,1,NYA,AL,11,0,0,0,0,0,0,0,0,0,0,0,0,0,0,0,0
eflinza01,2023,1,TBA,AL,31,0,0,0,0,0,0,0,0,0,0,0,0,0,0,0,0
eflinza01,2024,1,TBA,AL,19,0,0,0,0,0,0,0,0,0,0,0,0,0,0,0,0
eflinza01,2024,2,BAL,AL,9,0,0,0,0,0,0,0,0,0,0,0,0,0,0,0,0
eflinza01,2025,1,BAL,AL,14,0,0,0,0,0,0,0,0,0,0,0,0,0,0,0,0
eiserbr01,2024,1,TOR,AL,3,0,0,0,0,0,0,0,0,0,0,0,0,0,0,0,0
eiserbr01,2025,1,CHA,AL,72,0,0,0,0,0,0,0,0,0,0,0,0,0,0,0,0
elderbr01,2023,1,ATL,NL,31,0,0,0,0,0,0,0,0,0,0,0,0,0,0,0,0
elderbr01,2024,1,ATL,NL,10,0,0,0,0,0,0,0,0,0,0,0,0,0,0,0,0
elderbr01,2025,1,ATL,NL,28,0,0,0,0,0,0,0,0,0,0,0,0,0,0,0,0
eldribr01,2025,1,SFN,NL,10,28,1,3,2,0,0,4,0,0,7,13,0,1,0,1,0
elkoti01,2025,1,CHA,AL,23,67,6,9,1,0,4,8,1,0,5,30,0,0,0,0,1
ellarfr01,2024,1,CHA,AL,25,0,0,0,0,0,0,0,0,0,0,0,0,0,0,0,0
ellarfr01,2025,1,CHA,AL,18,0,0,0,0,0,0,0,0,0,0,0,0,0,0,0,0
ellisdr01,2023,1,PHI,NL,12,23,4,5,0,0,2,4,0,1,6,7,0,0,0,0,0
ellisdu01,2024,1,CHA,AL,8,4,1,0,0,0,0,0,4,0,0,2,0,0,0,0,0
ellisdu01,2024,2,NYA,AL,3,1,0,1,0,0,0,0,1,0,0,0,0,0,0,0,0
emanuke01,2024,1,MIA,NL,12,0,0,0,0,0,0,0,0,0,0,0,0,0,0,0,0
encarch01,2023,1,CIN,NL,63,222,29,60,7,0,13,37,2,0,14,69,0,5,0,0,5
encarch01,2024,1,CIN,NL,29,116,13,22,6,0,2,16,0,0,4,35,0,1,0,2,4
encarch01,2025,1,CIN,NL,36,130,13,27,4,0,6,19,0,2,3,32,0,2,0,2,1
encarje01,2024,1,SFN,NL,35,113,13,28,5,0,5,19,1,0,5,34,0,0,0,1,0
encarje01,2025,1,SFN,NL,19,55,5,11,3,0,2,7,1,0,1,15,0,0,0,0,3
engelad01,2023,1,SDN,NL,5,6,0,0,0,0,0,0,0,1,0,2,0,0,0,0,0
englema01,2023,1,DET,AL,31,0,0,0,0,0,0,0,0,0,0,0,0,0,0,0,0
englema01,2024,1,DET,AL,12,0,0,0,0,0,0,0,0,0,0,0,0,0,0,0,0
englema01,2025,1,TBA,AL,30,0,0,0,0,0,0,0,0,0,0,0,0,0,0,0,0
englitr01,2025,1,ARI,NL,7,22,0,2,1,0,0,1,0,0,1,8,0,0,0,0,0
ennsdi01,2025,1,DET,AL,7,0,0,0,0,0,0,0,0,0,0,0,0,0,0,0,0
ennsdi01,2025,2,BAL,AL,17,0,0,0,0,0,0,0,0,0,0,0,0,0,0,0,0
enrigni01,2025,1,CLE,AL,27,0,0,0,0,0,0,0,0,0,0,0,0,0,0,0,0
eovalna01,2023,1,TEX,AL,25,0,0,0,0,0,0,0,0,0,0,0,0,0,0,0,0
eovalna01,2024,1,TEX,AL,29,0,0,0,0,0,0,0,0,0,0,0,0,0,0,0,0
eovalna01,2025,1,TEX,AL,22,0,0,0,0,0,0,0,0,0,0,0,0,0,0,0,0
erceglu01,2023,1,OAK,AL,50,0,0,0,0,0,0,0,0,0,0,0,0,0,0,0,0
erceglu01,2024,1,OAK,AL,38,0,0,0,0,0,0,0,0,0,0,0,0,0,0,0,0
erceglu01,2024,2,KCA,AL,23,0,0,0,0,0,0,0,0,0,0,0,0,0,0,0,0
erceglu01,2025,1,KCA,AL,61,0,0,0,0,0,0,0,0,0,0,0,0,0,0,0,0
escarjc01,2025,1,NYA,AL,40,84,5,17,5,0,2,11,1,0,11,14,0,1,0,2,1
escobed01,2023,1,NYN,NL,40,110,15,26,3,2,4,16,2,0,8,24,0,0,1,1,4
escobed01,2023,2,LAA,AL,60,178,17,39,3,3,2,15,0,1,10,54,0,0,0,1,3
espadjo01,2023,1,SDN,NL,1,0,0,0,0,0,0,0,0,0,0,0,0,0,0,0,0
espadjo01,2025,1,BAL,AL,1,0,0,0,0,0,0,0,0,0,0,0,0,0,0,0,0
espinpa01,2023,1,WAS,NL,3,0,0,0,0,0,0,0,0,0,0,0,0,0,0,0,0
espinpa01,2024,1,TOR,AL,3,0,0,0,0,0,0,0,0,0,0,0,0,0,0,0,0
espinsa01,2023,1,TOR,AL,93,230,30,57,14,0,2,25,2,1,18,36,1,3,2,1,5
espinsa01,2024,1,CIN,NL,118,357,32,88,12,0,9,45,11,1,24,54,1,2,4,4,7
espinsa01,2025,1,CIN,NL,114,301,25,73,12,0,0,16,2,1,21,38,0,1,3,2,11
estesjo01,2023,1,OAK,AL,2,0,0,0,0,0,0,0,0,0,0,0,0,0,0,0,0
estesjo01,2024,1,OAK,AL,25,0,0,0,0,0,0,0,0,0,0,0,0,0,0,0,0
estesjo01,2025,1,ATH,AL,3,0,0,0,0,0,0,0,0,0,0,0,0,0,0,0,0
estevca01,2023,1,LAA,AL,63,0,0,0,0,0,0,0,0,0,0,0,0,0,0,0,0
estevca01,2024,1,LAA,AL,34,0,0,0,0,0,0,0,0,0,0,0,0,0,0,0,0
estevca01,2024,2,PHI,NL,20,0,0,0,0,0,0,0,0,0,0,0,0,0,0,0,0
estevca01,2025,1,KCA,AL,67,0,0,0,0,0,0,0,0,0,0,0,0,0,0,0,0
estraje01,2023,1,CHN,NL,12,0,0,0,0,0,0,0,0,0,0,0,0,0,0,0,0
estraje01,2024,1,SDN,NL,62,0,0,0,0,0,0,0,0,0,0,0,0,0,0,0,0
estraje01,2025,1,SDN,NL,77,0,0,0,0,0,0,0,0,0,0,0,0,0,0,0,0
estrala01,2025,1,TOR,AL,2,0,0,0,0,0,0,0,0,0,0,0,0,0,0,0,0
estrath01,2023,1,SFN,NL,120,495,63,134,26,2,14,49,23,7,22,120,1,11,0,2,10
estrath01,2024,1,SFN,NL,96,364,43,79,15,2,9,47,2,2,10,76,0,5,0,2,8
estrath01,2025,1,COL,NL,39,154,14,39,9,0,3,21,1,3,6,26,0,2,0,3,6
evanslo01,2025,1,SEA,AL,16,0,0,0,0,0,0,0,0,0,0,0,0,0,0,0,0
fabiasa01,2024,1,TEX,AL,3,5,0,0,0,0,0,0,0,0,0,0,0,0,0,0,0
faedoal01,2023,1,DET,AL,15,0,0,0,0,0,0,0,0,0,0,0,0,0,0,0,0
faedoal01,2024,1,DET,AL,37,0,0,0,0,0,0,0,0,0,0,0,0,0,0,0,0
fairbpe01,2023,1,TBA,AL,49,0,0,0,0,0,0,0,0,0,0,0,0,0,0,0,0
fairbpe01,2024,1,TBA,AL,46,0,0,0,0,0,0,0,0,0,0,0,0,0,0,0,0
fairbpe01,2025,1,TBA,AL,61,0,0,0,0,0,0,0,0,0,0,0,0,0,0,0,0
faircst01,2023,1,CIN,NL,97,219,34,50,16,2,5,28,10,3,25,69,0,6,3,2,2
faircst01,2024,1,CIN,NL,94,209,33,45,8,0,8,30,13,1,17,60,0,4,2,1,1
faircst01,2025,1,ATL,NL,28,51,7,11,4,1,0,2,2,1,4,15,0,0,0,0,2
falteba01,2023,1,PHI,NL,8,0,0,0,0,0,0,0,0,0,0,0,0,0,0,0,0
falteba01,2023,2,PIT,NL,10,0,0,0,0,0,0,0,0,0,0,0,0,0,0,0,0
falteba01,2024,1,PIT,NL,28,0,0,0,0,0,0,0,0,0,0,0,0,0,0,0,0
falteba01,2025,1,PIT,NL,22,0,0,0,0,0,0,0,0,0,0,0,0,0,0,0,0
falteba01,2025,2,KCA,AL,4,0,0,0,0,0,0,0,0,0,0,0,0,0,0,0,0
familje01,2023,1,OAK,AL,14,0,0,0,0,0,0,0,0,0,0,0,0,0,0,0,0
fariaja01,2023,1,BOS,AL,1,0,0,0,0,0,0,0,0,0,0,0,0,0,0,0,0
farmebu01,2023,1,CIN,NL,71,0,0,0,0,0,0,0,0,0,0,0,0,0,0,0,0
farmebu01,2024,1,CIN,NL,61,0,0,0,0,0,0,0,0,0,0,0,0,0,0,0,0
farmeky01,2023,1,MIN,AL,120,336,49,86,14,2,11,46,2,4,23,86,0,8,0,2,7
farmeky01,2024,1,MIN,AL,107,215,26,46,13,1,5,25,3,5,19,49,1,6,0,2,6
farmeky01,2025,1,COL,NL,97,277,24,63,14,0,8,31,0,1,17,66,0,4,0,2,9
farrimi01,2025,1,LAA,AL,5,0,0,0,0,0,0,0,0,0,0,0,0,0,0,0,0
fauchca01,2023,1,TBA,AL,17,0,0,0,0,0,0,0,0,0,0,0,0,0,0,0,0
fauchca01,2024,1,MIA,NL,53,0,0,0,0,0,0,0,0,0,0,0,0,0,0,0,0
fauchca01,2025,1,MIA,NL,65,0,0,0,0,0,0,0,0,0,0,0,0,0,0,0,0
feddeer01,2024,1,CHA,AL,21,0,0,0,0,0,0,0,0,0,0,0,0,0,0,0,0
feddeer01,2024,2,SLN,NL,10,0,0,0,0,0,0,0,0,0,0,0,0,0,0,0,0
feddeer01,2025,1,SLN,NL,20,0,0,0,0,0,0,0,0,0,0,0,0,0,0,0,0
feddeer01,2025,2,ATL,NL,5,0,0,0,0,0,0,0,0,0,0,0,0,0,0,0,0
feddeer01,2025,3,MIL,NL,7,0,0,0,0,0,0,0,0,0,0,0,0,0,0,0,0
feduchu01,2024,1,LAN,NL,5,12,2,4,0,0,0,1,0,0,2,2,0,0,0,0,1
feduchu01,2025,1,LAN,NL,2,2,0,0,0,0,0,0,0,0,1,1,0,0,0,0,0
feduchu01,2025,2,TBA,AL,36,86,5,13,5,0,0,8,1,0,14,28,0,0,0,2,0
feiglbr01,2024,1,PIT,NL,1,0,0,0,0,0,0,0,0,0,0,0,0,0,0,0,0
felipan01,2023,1,OAK,AL,14,0,0,0,0,0,0,0,0,0,0,0,0,0,0,0,0
feltnry01,2023,1,COL,NL,10,0,0,0,0,0,0,0,0,0,0,0,0,0,0,0,0
feltnry01,2024,1,COL,NL,30,0,0,0,0,0,0,0,0,0,0,0,0,0,0,0,0
feltnry01,2025,1,COL,NL,6,0,0,0,0,0,0,0,0,0,0,0,0,0,0,0,0
ferguca01,2023,1,LAN,NL,68,0,0,0,0,0,0,0,0,0,0,0,0,0,0,0,0
ferguca01,2024,1,NYA,AL,42,0,0,0,0,0,0,0,0,0,0,0,0,0,0,0,0
ferguca01,2024,2,HOU,AL,20,0,0,0,0,0,0,0,0,0,0,0,0,0,0,0,0
ferguca01,2025,1,PIT,NL,45,0,0,0,0,0,0,0,0,0,0,0,0,0,0,0,0
ferguca01,2025,2,SEA,AL,25,0,0,0,0,0,0,0,0,0,0,0,0,0,0,0,0
ferguty01,2024,1,OAK,AL,48,0,0,0,0,0,0,0,0,0,0,0,0,0,0,0,0
ferguty01,2025,1,ATH,AL,56,0,0,0,0,0,0,0,0,0,0,0,0,0,0,0,0
fermifr01,2023,1,KCA,AL,70,217,26,61,10,1,9,32,0,0,13,50,0,1,1,3,11
fermifr01,2024,1,KCA,AL,111,339,40,92,14,0,6,36,2,0,23,66,1,2,1,3,10
fermifr01,2025,1,KCA,AL,67,192,17,49,7,0,3,12,1,2,13,37,1,2,1,0,2
fermifr01,2025,2,SDN,NL,42,127,15,31,6,0,2,14,0,0,6,28,0,0,6,0,3
fermijo01,2023,1,SLN,NL,21,51,2,12,1,0,0,4,0,1,6,8,0,2,2,0,1
fermijo01,2024,1,SLN,NL,45,71,7,11,1,1,0,4,2,1,7,11,0,1,0,0,3
fermijo01,2025,1,SLN,NL,30,60,5,17,5,0,1,9,2,2,8,10,0,1,1,0,0
fermijo02,2025,1,LAA,AL,40,0,0,0,0,0,0,0,0,0,0,0,0,0,0,0,0
fernaju02,2025,1,LAN,NL,1,0,0,0,0,0,0,0,0,0,0,0,0,0,0,0,0
fernaju02,2025,2,WAS,NL,3,0,0,0,0,0,0,0,0,0,0,0,0,0,0,0,0
fernary01,2024,1,SLN,NL,62,0,0,0,0,0,0,0,0,0,0,0,0,0,0,0,0
fernary01,2025,1,SLN,NL,32,0,0,0,0,0,0,0,0,0,0,0,0,0,0,0,0
fernaya01,2025,1,COL,NL,52,138,13,31,5,0,4,11,0,0,8,44,0,0,0,1,4
ferrejo01,2023,1,WAS,NL,39,0,0,0,0,0,0,0,0,0,0,0,0,0,0,0,0
ferrejo01,2024,1,WAS,NL,31,0,0,0,0,0,0,0,0,0,0,0,0,0,0,0,0
ferrejo01,2025,1,WAS,NL,72,0,0,0,0,0,0,0,0,0,0,0,0,0,0,0,0
festada01,2024,1,MIN,AL,14,0,0,0,0,0,0,0,0,0,0,0,0,0,0,0,0
festada01,2025,1,MIN,AL,11,0,0,0,0,0,0,0,0,0,0,0,0,0,0,0,0
festama01,2023,1,SEA,AL,8,0,0,0,0,0,0,0,0,0,0,0,0,0,0,0,0
festama01,2024,1,NYN,NL,1,0,0,0,0,0,0,0,0,0,0,0,0,0,0,0,0
festama01,2024,2,TEX,AL,18,0,0,0,0,0,0,0,0,0,0,0,0,0,0,0,0
festama01,2025,1,CLE,AL,63,0,0,0,0,0,0,0,0,0,0,0,0,0,0,0,0
feyerjo01,2024,1,LAN,NL,10,0,0,0,0,0,0,0,0,0,0,0,0,0,0,0,0
feyerjo01,2025,1,ARI,NL,2,0,0,0,0,0,0,0,0,0,0,0,0,0,0,0,0
feyerjo01,2025,2,LAN,NL,2,0,0,0,0,0,0,0,0,0,0,0,0,0,0,0,0
finneky01,2023,1,WAS,NL,67,0,0,0,0,0,0,0,0,0,0,0,0,0,0,0,0
finneky01,2024,1,WAS,NL,65,0,0,0,0,0,0,0,0,0,0,0,0,0,0,0,0
finneky01,2025,1,WAS,NL,40,0,0,0,0,0,0,0,0,0,0,0,0,0,0,0,0
finneky01,2025,2,DET,AL,16,0,0,0,0,0,0,0,0,0,0,0,0,0,0,0,0
fishebr02,2025,1,TOR,AL,52,0,0,0,0,0,0,0,0,0,0,0,0,0,0,0,0
fittsri01,2024,1,BOS,AL,4,0,0,0,0,0,0,0,0,0,0,0,0,0,0,0,0
fittsri01,2025,1,BOS,AL,11,0,0,0,0,0,0,0,0,0,0,0,0,0,0,0,0
fitzgry01,2025,1,MIN,AL,24,46,10,9,0,0,4,9,1,0,7,8,0,0,0,0,0
fitzgty01,2023,1,SFN,NL,10,32,3,7,2,0,2,5,2,0,2,10,0,0,0,0,0
fitzgty01,2024,1,SFN,NL,96,314,53,88,19,2,15,34,17,4,22,108,0,4,0,1,2
fitzgty01,2025,1,SFN,NL,72,217,19,47,10,1,4,14,9,4,17,70,0,2,6,1,3
flaheja01,2023,1,SLN,NL,20,0,0,0,0,0,0,0,0,0,0,0,0,0,0,0,0
flaheja01,2023,2,BAL,AL,9,0,0,0,0,0,0,0,0,0,0,0,0,0,0,0,0
flaheja01,2024,1,DET,AL,18,0,0,0,0,0,0,0,0,0,0,0,0,0,0,0,0
flaheja01,2024,2,LAN,NL,10,0,0,0,0,0,0,0,0,0,0,0,0,0,0,0,0
flaheja01,2025,1,DET,AL,31,0,0,0,0,0,0,0,0,0,0,0,0,0,0,0,0
flemijo01,2023,1,TBA,AL,12,0,0,0,0,0,0,0,0,0,0,0,0,0,0,0,0
flemijo01,2024,1,PIT,NL,25,0,0,0,0,0,0,0,0,0,0,0,0,0,0,0,0
fletcda02,2023,1,LAA,AL,33,89,7,22,1,0,2,12,0,0,7,9,1,0,1,0,2
fletcda02,2024,1,ATL,NL,5,8,0,2,0,0,0,2,0,0,0,1,0,0,0,1,0
fletcdo01,2023,1,ARI,NL,28,93,10,28,5,1,2,14,0,2,7,22,1,0,2,0,0
fletcdo01,2024,1,CHA,AL,72,223,14,46,8,0,1,17,0,0,11,58,1,3,2,1,5
fletcdo01,2025,1,CHA,AL,12,32,5,7,5,0,1,2,1,0,2,2,0,0,0,0,1
flexech01,2023,1,SEA,AL,17,0,0,0,0,0,0,0,0,0,0,0,0,0,0,0,0
flexech01,2023,2,COL,NL,12,0,0,0,0,0,0,0,0,0,0,0,0,0,0,0,0
flexech01,2024,1,CHA,AL,33,0,0,0,0,0,0,0,0,0,0,0,0,0,0,0,0
flexech01,2025,1,CHN,NL,21,0,0,0,0,0,0,0,0,0,0,0,0,0,0,0,0
florera03,2025,1,PIT,NL,7,15,0,3,2,0,0,0,0,0,2,7,0,0,0,0,0
florewi01,2023,1,SFN,NL,126,405,51,115,22,0,23,60,0,0,41,63,1,5,0,3,13
florewi01,2024,1,SFN,NL,71,214,19,44,12,0,4,26,0,0,20,33,1,3,0,5,5
florewi01,2025,1,SFN,NL,125,419,44,101,10,0,16,71,1,0,34,88,0,7,0,3,14
flories01,2023,1,NYA,AL,19,61,5,14,3,1,0,8,3,0,7,20,0,2,0,1,0
flories01,2024,1,CLE,AL,36,98,11,17,6,2,3,11,2,1,11,41,0,1,1,0,2
florody01,2023,1,MIA,NL,43,0,0,0,0,0,0,0,0,0,0,0,0,0,0,0,0
florody01,2023,2,MIN,AL,19,0,0,0,0,0,0,0,0,0,0,0,0,0,0,0,0
florody01,2024,1,WAS,NL,51,0,0,0,0,0,0,0,0,0,0,0,0,0,0,0,0
florody01,2024,2,ARI,NL,15,0,0,0,0,0,0,0,0,0,0,0,0,0,0,0,0
fluhama01,2025,1,TOR,AL,55,0,0,0,0,0,0,0,0,0,0,0,0,0,0,0,0
foleyja01,2023,1,DET,AL,70,0,0,0,0,0,0,0,0,0,0,0,0,0,0,0,0
foleyja01,2024,1,DET,AL,69,0,0,0,0,0,0,0,0,0,0,0,0,0,0,0,0
fordha01,2025,1,SEA,AL,8,6,1,1,0,0,0,1,0,0,0,3,0,1,0,1,0
fordmi01,2023,1,SEA,AL,84,219,32,50,6,0,16,34,0,0,24,81,0,7,0,1,4
fordmi01,2024,1,CIN,NL,17,60,2,9,0,1,1,4,0,0,2,15,0,0,0,0,1
forteni01,2023,1,MIA,NL,108,294,33,60,10,0,6,26,4,2,17,59,0,7,3,2,12
forteni01,2024,1,MIA,NL,110,308,28,70,16,0,4,29,0,1,11,41,0,4,7,5,6
forteni01,2025,1,MIA,NL,59,129,11,31,6,1,2,10,0,0,7,22,0,2,2,1,4
forteni01,2025,2,TBA,AL,38,89,8,19,3,0,3,11,1,0,7,25,0,5,0,0,3
foscuju01,2024,1,TEX,AL,15,42,3,2,1,0,0,1,0,0,2,18,0,0,0,0,0
foscuju01,2025,1,TEX,AL,4,9,0,1,1,0,0,2,0,0,0,3,0,0,0,0,0
fostema01,2024,1,CHA,AL,6,0,0,0,0,0,0,0,0,0,0,0,0,0,0,0,0
fraleja01,2023,1,CIN,NL,111,336,41,86,18,0,15,65,21,5,37,71,2,6,0,1,5
fraleja01,2024,1,CIN,NL,116,350,44,97,19,2,5,26,20,5,26,70,0,3,0,3,6
fraleja01,2025,1,CIN,NL,67,168,29,39,8,0,6,23,4,2,24,41,1,1,0,0,1
fraleja01,2025,2,ATL,NL,9,23,2,7,1,0,0,0,0,1,1,8,0,0,0,0,0
francbo01,2023,1,TOR,AL,20,0,0,0,0,0,0,0,0,0,0,0,0,0,0,0,0
francbo01,2024,1,TOR,AL,27,0,0,0,0,0,0,0,0,0,0,0,0,0,0,0,0
francbo01,2025,1,TOR,AL,14,0,0,0,0,0,0,0,0,0,0,0,0,0,0,0,0
francjp01,2023,1,HOU,AL,24,0,0,0,0,0,0,0,0,0,0,0,0,0,0,0,0
francjp01,2024,1,HOU,AL,5,0,0,0,0,0,0,0,0,0,0,0,0,0,0,0,0
francjp01,2025,1,HOU,AL,2,0,0,0,0,0,0,0,0,0,0,0,0,0,0,0,0
francty01,2023,1,SEA,AL,158,587,79,147,32,0,12,58,1,0,43,117,0,34,0,1,25
francty01,2024,1,SEA,AL,88,300,28,67,14,0,8,31,0,1,28,83,0,11,0,1,11
francty01,2024,2,CIN,NL,52,179,18,45,10,0,5,20,1,0,10,31,0,2,0,4,5
francty01,2025,1,MIN,AL,101,350,41,88,19,0,6,44,1,0,19,63,0,17,0,1,8
francty01,2025,2,TOR,AL,37,94,9,26,6,0,1,8,0,0,3,20,1,4,0,2,3
francwa01,2023,1,TBA,AL,112,442,65,124,23,6,17,58,30,10,42,69,3,3,0,4,18
fraziad01,2023,1,BAL,AL,141,412,59,99,21,2,13,60,11,4,32,68,0,4,4,2,4
fraziad01,2024,1,KCA,AL,104,262,35,53,10,1,4,22,3,0,22,59,0,7,3,0,0
fraziad01,2025,1,PIT,NL,78,235,22,60,10,0,3,21,7,5,17,45,2,6,1,3,8
fraziad01,2025,2,KCA,AL,56,184,21,52,10,0,4,23,1,1,9,36,0,2,0,2,0
frazicl01,2023,1,CHA,AL,33,66,10,13,1,1,0,3,4,2,10,23,0,0,0,0,0
freelal01,2025,1,LAN,NL,29,84,10,16,2,1,2,6,1,0,11,35,0,1,1,0,3
freelky01,2023,1,COL,NL,29,0,0,0,0,0,0,0,0,0,0,0,0,0,0,0,0
freelky01,2024,1,COL,NL,22,0,0,0,0,0,0,0,0,0,0,0,0,0,0,0,0
freelky01,2025,1,COL,NL,31,0,0,0,0,0,0,0,0,0,0,0,0,0,0,0,0
freemca01,2025,1,CHA,AL,5,0,0,0,0,0,0,0,0,0,0,0,0,0,0,0,0
freemco01,2025,1,TEX,AL,36,114,13,26,4,0,3,15,1,1,5,19,0,0,1,1,3
freemfr01,2023,1,LAN,NL,161,637,131,211,59,2,29,102,23,1,72,121,12,16,0,5,14
freemfr01,2024,1,LAN,NL,147,542,81,153,35,2,22,89,9,2,78,100,9,10,0,8,13
freemfr01,2025,1,LAN,NL,147,556,81,164,39,2,24,90,6,2,60,128,7,6,0,5,13
freemty01,2023,1,CLE,AL,64,153,20,37,7,0,4,18,5,0,10,30,0,2,2,1,3
freemty01,2024,1,CLE,AL,118,330,48,69,14,1,7,32,11,6,28,53,1,19,3,3,15
freemty01,2025,1,COL,NL,110,377,50,106,20,2,2,31,18,9,34,51,0,11,2,4,10
frelisa01,2023,1,MIL,NL,57,191,29,47,9,1,3,24,7,0,28,37,0,1,0,3,2
frelisa01,2024,1,MIL,NL,145,475,66,123,22,4,2,32,18,3,39,78,0,4,2,1,8
frelisa01,2025,1,MIL,NL,142,528,76,152,20,3,12,63,19,6,47,80,0,7,3,5,4
friaslu01,2023,1,ARI,NL,29,0,0,0,0,0,0,0,0,0,0,0,0,0,0,0,0
friaslu01,2024,1,ARI,NL,7,0,0,0,0,0,0,0,0,0,0,0,0,0,0,0,0
friaslu01,2024,2,TOR,AL,4,0,0,0,0,0,0,0,0,0,0,0,0,0,0,0,0
friedma01,2023,1,ATL,NL,14,0,0,0,0,0,0,0,0,0,0,0,0,0,0,0,0
friedma01,2024,1,ATL,NL,29,0,0,0,0,0,0,0,0,0,0,0,0,0,0,0,0
friedma01,2025,1,NYA,AL,32,0,0,0,0,0,0,0,0,0,0,0,0,0,0,0,0
friedtj01,2023,1,CIN,NL,138,488,73,136,22,8,18,66,27,6,47,90,1,10,8,3,0
friedtj01,2024,1,CIN,NL,85,297,35,67,5,1,13,55,9,1,26,52,0,12,2,4,1
friedtj01,2025,1,CIN,NL,152,579,82,151,22,2,14,53,12,3,81,115,0,16,4,5,7
fryda01,2023,1,CLE,AL,58,101,12,24,6,0,4,15,2,0,8,30,0,4,0,0,3
fryda01,2024,1,CLE,AL,122,335,44,88,18,1,14,51,4,1,42,84,4,9,0,4,13
fryda01,2025,1,CLE,AL,66,146,16,25,4,0,8,23,1,0,9,58,0,2,0,0,3
fuentdi01,2025,1,ATL,NL,4,0,0,0,0,0,0,0,0,0,0,0,0,0,0,0,0
fujinsh01,2023,1,OAK,AL,34,0,0,0,0,0,0,0,0,0,0,0,0,0,0,0,0
fujinsh01,2023,2,BAL,AL,30,0,0,0,0,0,0,0,0,0,0,0,0,0,0,0,0
fulfobr01,2025,1,COL,NL,38,108,11,23,5,2,1,16,1,0,7,36,0,2,0,3,1
fulmeca01,2023,1,LAA,AL,3,0,0,0,0,0,0,0,0,0,0,0,0,0,0,0,0
fulmeca01,2024,1,LAA,AL,37,0,0,0,0,0,0,0,0,0,0,0,0,0,0,0,0
fulmeca01,2025,1,LAA,AL,13,0,0,0,0,0,0,0,0,0,0,0,0,0,0,0,0
fulmemi01,2023,1,CHN,NL,58,1,0,0,0,0,0,0,0,0,0,1,0,0,0,0,0
fulmemi01,2025,1,BOS,AL,1,0,0,0,0,0,0,0,0,0,0,0,0,0,0,0,0
fulmemi01,2025,2,CHN,NL,2,0,0,0,0,0,0,0,0,0,0,0,0,0,0,0,0
fundeko01,2023,1,MIN,AL,11,0,0,0,0,0,0,0,0,0,0,0,0,0,0,0,0
fundeko01,2024,1,MIN,AL,27,0,0,0,0,0,0,0,0,0,0,0,0,0,0,0,0
fundeko01,2025,1,MIN,AL,39,0,0,0,0,0,0,0,0,0,0,0,0,0,0,0,0
gaddihu01,2023,1,CLE,AL,11,0,0,0,0,0,0,0,0,0,0,0,0,0,0,0,0
gaddihu01,2024,1,CLE,AL,78,0,0,0,0,0,0,0,0,0,0,0,0,0,0,0,0
gaddihu01,2025,1,CLE,AL,73,0,0,0,0,0,0,0,0,0,0,0,0,0,0,0,0
gagema01,2023,1,HOU,AL,5,0,0,0,0,0,0,0,0,0,0,0,0,0,0,0,0
gagema01,2025,1,DET,AL,6,0,0,0,0,0,0,0,0,0,0,0,0,0,0,0,0
gagema01,2025,2,SFN,NL,27,0,0,0,0,0,0,0,0,0,0,0,0,0,0,0,0
gallaca01,2023,1,CLE,AL,56,143,6,18,6,0,0,7,0,0,4,46,0,1,0,1,3
gallegi01,2023,1,SLN,NL,56,0,0,0,0,0,0,0,0,0,0,0,0,0,0,0,0
gallegi01,2024,1,SLN,NL,21,0,0,0,0,0,0,0,0,0,0,0,0,0,0,0,0
galleza01,2023,1,ARI,NL,34,0,0,0,0,0,0,0,0,0,0,0,0,0,0,0,0
galleza01,2024,1,ARI,NL,28,0,0,0,0,0,0,0,0,0,0,0,0,0,0,0,0
galleza01,2025,1,ARI,NL,33,0,0,0,0,0,0,0,0,0,0,0,0,0,0,0,0
gallojo01,2023,1,MIN,AL,111,282,39,50,9,1,21,40,1,1,48,142,1,2,0,0,3
gallojo01,2024,1,WAS,NL,76,223,24,36,9,0,10,27,3,1,32,102,0,4,0,1,1
gamelbe01,2023,1,SDN,NL,6,15,2,3,1,0,0,2,0,0,0,2,0,0,0,0,0
gamelbe01,2024,1,NYN,NL,18,23,9,5,1,0,0,0,1,0,7,7,0,0,0,0,0
gamelbe01,2024,2,HOU,AL,20,58,13,15,3,0,1,4,0,0,11,17,1,0,0,0,0
garabge01,2024,1,TEX,AL,18,0,0,0,0,0,0,0,0,0,0,0,0,0,0,0,0
garabge01,2025,1,TEX,AL,3,0,0,0,0,0,0,0,0,0,0,0,0,0,0,0,0
garciad02,2023,1,TEX,AL,148,555,108,136,29,0,39,107,9,1,65,175,0,6,0,6,12
garciad02,2024,1,TEX,AL,154,580,68,130,27,0,25,85,11,5,45,177,2,6,0,6,12
garciad02,2025,1,TEX,AL,135,507,58,115,28,0,19,75,13,4,28,135,1,5,0,7,9
garciar01,2024,1,PHI,NL,3,7,0,0,0,0,0,0,0,0,0,3,0,0,0,0,1
garciar01,2025,1,ARI,NL,2,4,0,0,0,0,0,0,0,0,0,3,0,0,0,0,0
garciav01,2023,1,MIA,NL,37,108,8,20,3,1,3,12,2,0,6,39,1,2,0,0,1
garciav01,2024,1,MIA,NL,18,50,4,12,1,0,2,2,0,0,1,13,0,0,0,0,4
garcibr02,2025,1,SEA,AL,2,0,0,0,0,0,0,0,0,0,0,0,0,0,0,0,0
garcibr02,2025,2,ARI,NL,12,0,0,0,0,0,0,0,0,0,0,0,0,0,0,0,0
garcide01,2023,1,NYA,AL,2,0,0,0,0,0,0,0,0,0,0,0,0,0,0,0,0
garcide01,2023,2,CHA,AL,6,0,0,0,0,0,0,0,0,0,0,0,0,0,0,0,0
garcide01,2024,1,CHA,AL,14,0,0,0,0,0,0,0,0,0,0,0,0,0,0,0,0
garcijh01,2025,1,BOS,AL,5,7,0,1,1,0,0,0,0,0,2,5,0,0,0,0,0
garcijo02,2023,1,CIN,NL,46,133,15,29,8,0,2,17,3,2,15,44,0,0,0,1,1
garcijo02,2025,1,SLN,NL,22,29,4,4,1,0,1,3,0,0,1,9,0,1,0,0,0
garcilu03,2023,1,SDN,NL,61,0,0,0,0,0,0,0,0,0,0,0,0,0,0,0,0
garcilu03,2024,1,LAA,AL,45,0,0,0,0,0,0,0,0,0,0,0,0,0,0,0,0
garcilu03,2024,2,BOS,AL,15,0,0,0,0,0,0,0,0,0,0,0,0,0,0,0,0
garcilu03,2025,1,LAN,NL,28,0,0,0,0,0,0,0,0,0,0,0,0,0,0,0,0
garcilu03,2025,2,WAS,NL,10,0,0,0,0,0,0,0,0,0,0,0,0,0,0,0,0
garcilu03,2025,3,LAA,AL,20,0,0,0,0,0,0,0,0,0,0,0,0,0,0,0,0
garcilu04,2023,1,WAS,NL,122,447,61,119,18,4,9,50,9,4,27,60,1,0,1,7,10
garcilu04,2024,1,WAS,NL,140,500,58,141,25,1,18,70,22,5,27,86,2,0,0,1,12
garcilu04,2025,1,WAS,NL,139,488,67,123,28,1,16,66,14,5,27,84,1,2,0,9,7
garcilu05,2023,1,HOU,AL,5,0,0,0,0,0,0,0,0,0,0,0,0,0,0,0,0
garcilu05,2025,1,HOU,AL,2,0,0,0,0,0,0,0,0,0,0,0,0,0,0,0,0
garcima01,2023,1,KCA,AL,123,464,59,126,20,4,4,50,23,7,38,115,0,2,1,10,9
garcima01,2024,1,KCA,AL,157,575,84,133,27,5,7,58,37,2,42,103,0,0,4,5,7
garcima01,2025,1,KCA,AL,160,595,81,170,39,5,16,74,23,9,62,84,0,1,3,5,14
garciri01,2023,1,OAK,AL,7,0,0,0,0,0,0,0,0,0,0,0,0,0,0,0,0
garciri01,2023,2,WAS,NL,3,0,0,0,0,0,0,0,0,0,0,0,0,0,0,0,0
garciri01,2025,1,NYN,NL,8,0,0,0,0,0,0,0,0,0,0,0,0,0,0,0,0
garciri01,2025,2,NYA,AL,1,0,0,0,0,0,0,0,0,0,0,0,0,0,0,0,0
garciri01,2025,3,BAL,AL,20,0,0,0,0,0,0,0,0,0,0,0,0,0,0,0,0
garciro04,2023,1,MIA,NL,1,0,0,0,0,0,0,0,0,0,0,0,0,0,0,0,0
garciro04,2023,2,WAS,NL,24,0,0,0,0,0,0,0,0,0,0,0,0,0,0,0,0
garciro04,2024,1,WAS,NL,72,0,0,0,0,0,0,0,0,0,0,0,0,0,0,0,0
garciro04,2025,1,TEX,AL,71,0,0,0,0,0,0,0,0,0,0,0,0,0,0,0,0
garciyi01,2023,1,TOR,AL,73,0,0,0,0,0,0,0,0,0,0,0,0,0,0,0,0
garciyi01,2024,1,TOR,AL,29,0,0,0,0,0,0,0,0,0,0,0,0,0,0,0,0
garciyi01,2024,2,SEA,AL,10,0,0,0,0,0,0,0,0,0,0,0,0,0,0,0,0
garciyi01,2025,1,TOR,AL,22,0,0,0,0,0,0,0,0,0,0,0,0,0,0,0,0
garliky01,2023,1,MIN,AL,14,28,2,5,1,0,2,4,0,0,2,11,0,0,0,0,0
garream01,2023,1,KCA,AL,27,0,0,0,0,0,0,0,0,0,0,0,0,0,0,0,0
garream01,2024,1,LAA,AL,6,0,0,0,0,0,0,0,0,0,0,0,0,0,0,0,0
garrebr01,2023,1,MIA,NL,31,0,0,0,0,0,0,0,0,0,0,0,0,0,0,0,0
garrebr01,2024,1,MIA,NL,7,0,0,0,0,0,0,0,0,0,0,0,0,0,0,0,0
garrere01,2023,1,BAL,AL,2,0,0,0,0,0,0,0,0,0,0,0,0,0,0,0,0
garrere01,2023,2,NYN,NL,9,0,0,0,0,0,0,0,0,0,0,0,0,0,0,0,0
garrere01,2024,1,NYN,NL,53,0,0,0,0,0,0,0,0,0,0,0,0,0,0,0,0
garrere01,2025,1,NYN,NL,58,0,0,0,0,0,0,0,0,0,0,0,0,0,0,0,0
garrest01,2023,1,WAS,NL,89,234,40,63,17,0,9,40,3,1,26,82,0,3,0,5,6
garrest01,2024,1,WAS,NL,2,5,2,3,1,0,1,3,0,0,1,0,0,0,0,0,0
garvemi01,2023,1,TEX,AL,87,296,45,80,11,0,19,50,0,0,44,82,1,3,0,0,6
garvemi01,2024,1,SEA,AL,114,367,37,63,17,0,15,51,0,0,53,133,0,7,0,3,9
garvemi01,2025,1,SEA,AL,87,254,29,53,5,1,9,30,3,0,30,80,1,3,0,3,6
garzaju01,2023,1,BOS,AL,17,0,0,0,0,0,0,0,0,0,0,0,0,0,0,0,0
garzaju01,2025,1,NYN,NL,5,0,0,0,0,0,0,0,0,0,0,0,0,0,0,0,0
gaspemi01,2024,1,BOS,AL,13,18,1,0,0,0,0,0,0,0,4,8,0,1,0,0,1
gaspemi01,2025,1,MIN,AL,45,95,15,15,1,0,2,11,2,0,10,20,0,3,1,1,1
gassero01,2024,1,MIL,NL,5,0,0,0,0,0,0,0,0,0,0,0,0,0,0,0,0
gassero01,2025,1,MIL,NL,2,0,0,0,0,0,0,0,0,0,0,0,0,0,0,0,0
gausmke01,2023,1,TOR,AL,31,0,0,0,0,0,0,0,0,0,0,0,0,0,0,0,0
gausmke01,2024,1,TOR,AL,31,0,0,0,0,0,0,0,0,0,0,0,0,0,0,0,0
gausmke01,2025,1,TOR,AL,32,0,0,0,0,0,0,0,0,0,0,0,0,0,0,0,0
gelofza01,2023,1,OAK,AL,69,270,40,72,20,1,14,32,14,2,26,82,1,3,0,1,5
gelofza01,2024,1,OAK,AL,138,497,60,105,20,2,17,49,25,3,38,188,0,4,3,5,7
gelofza01,2025,1,ATH,AL,30,92,12,16,3,0,2,7,1,2,7,46,0,0,1,1,0
gentrty01,2024,1,KCA,AL,3,5,0,0,0,0,0,0,0,0,0,2,0,0,0,0,0
gerbejo01,2025,1,TBA,AL,2,0,0,0,0,0,0,0,0,0,0,0,0,0,0,0,0
germado01,2023,1,NYA,AL,20,0,0,0,0,0,0,0,0,0,0,0,0,0,0,0,0
germado01,2024,1,PIT,NL,7,0,0,0,0,0,0,0,0,0,0,0,0,0,0,0,0
gervapa01,2025,1,TBA,AL,5,0,0,0,0,0,0,0,0,0,0,0,0,0,0,0,0
gervapa01,2025,2,LAN,NL,1,0,0,0,0,0,0,0,0,0,0,0,0,0,0,0,0
gibauia01,2023,1,CIN,NL,74,0,0,0,0,0,0,0,0,0,0,0,0,0,0,0,0
gibauia01,2024,1,CIN,NL,2,0,0,0,0,0,0,0,0,0,0,0,0,0,0,0,0
gibauia01,2025,1,CIN,NL,25,0,0,0,0,0,0,0,0,0,0,0,0,0,0,0,0
gibsoca01,2025,1,MIA,NL,44,0,0,0,0,0,0,0,0,0,0,0,0,0,0,0,0
gibsoky01,2023,1,BAL,AL,33,0,0,0,0,0,0,0,0,0,0,0,0,0,0,0,0
gibsoky01,2024,1,SLN,NL,30,0,0,0,0,0,0,0,0,0,0,0,0,0,0,0,0
gibsoky01,2025,1,BAL,AL,4,0,0,0,0,0,0,0,0,0,0,0,0,0,0,0,0
gilbedr01,2025,1,SFN,NL,39,100,12,19,5,1,3,13,1,1,7,20,0,1,0,1,2
gilbelo01,2023,1,SEA,AL,32,0,0,0,0,0,0,0,0,0,0,0,0,0,0,0,0
gilbelo01,2024,1,SEA,AL,33,0,0,0,0,0,0,0,0,0,0,0,0,0,0,0,0
gilbelo01,2025,1,SEA,AL,25,0,0,0,0,0,0,0,0,0,0,0,0,0,0,0,0
gilbety01,2023,1,ARI,NL,11,0,0,0,0,0,0,0,0,0,0,0,0,0,0,0,0
gilbety01,2024,1,PHI,NL,6,0,0,0,0,0,0,0,0,0,0,0,0,0,0,0,0
gilbety01,2025,1,CHA,AL,46,0,0,0,0,0,0,0,0,0,0,0,0,0,0,0,0
gilbrlu01,2024,1,COL,NL,3,0,0,0,0,0,0,0,0,0,0,0,0,0,0,0,0
gilbrlu01,2025,1,COL,NL,1,0,0,0,0,0,0,0,0,0,0,0,0,0,0,0,0
gillalo01,2023,1,BAL,AL,11,0,0,0,0,0,0,0,0,0,0,0,0,0,0,0,0
gillalo01,2024,1,SDN,NL,9,0,0,0,0,0,0,0,0,0,0,0,0,0,0,0,0
gillalo01,2025,1,SDN,NL,3,0,0,0,0,0,0,0,0,0,0,0,0,0,0,0,0
gillico01,2024,1,CLE,AL,3,0,0,0,0,0,0,0,0,0,0,0,0,0,0,0,0
gillico01,2025,1,MIA,NL,6,0,0,0,0,0,0,0,0,0,0,0,0,0,0,0,0
gillu01,2024,1,NYA,AL,29,0,0,0,0,0,0,0,0,0,0,0,0,0,0,0,0
gillu01,2025,1,NYA,AL,11,0,0,0,0,0,0,0,0,0,0,0,0,0,0,0,0
gimenan01,2023,1,CLE,AL,153,557,76,140,27,5,15,62,30,6,32,112,3,20,4,3,10
gimenan01,2024,1,CLE,AL,152,583,64,147,22,1,9,63,30,5,26,97,1,15,3,6,11
gimenan01,2025,1,TOR,AL,101,329,39,69,11,1,7,35,12,2,25,66,0,11,1,3,8
ginkeke01,2023,1,ARI,NL,60,0,0,0,0,0,0,0,0,0,0,0,0,0,0,0,0
ginkeke01,2024,1,ARI,NL,72,0,0,0,0,0,0,0,0,0,0,0,0,0,0,0,0
ginkeke01,2025,1,ARI,NL,29,0,0,0,0,0,0,0,0,0,0,0,0,0,0,0,0
ginnjt01,2024,1,OAK,AL,8,0,0,0,0,0,0,0,0,0,0,0,0,0,0,0,0
ginnjt01,2025,1,ATH,AL,23,0,0,0,0,0,0,0,0,0,0,0,0,0,0,0,0
giolilu01,2023,1,CHA,AL,21,0,0,0,0,0,0,0,0,0,0,0,0,0,0,0,0
giolilu01,2023,2,LAA,AL,6,0,0,0,0,0,0,0,0,0,0,0,0,0,0,0,0
giolilu01,2023,3,CLE,AL,6,0,0,0,0,0,0,0,0,0,0,0,0,0,0,0,0
giolilu01,2025,1,BOS,AL,26,0,0,0,0,0,0,0,0,0,0,0,0,0,0,0,0
gipsosa01,2023,1,DET,AL,4,0,0,0,0,0,0,0,0,0,0,0,0,0,0,0,0
gipsosa01,2025,1,DET,AL,8,0,0,0,0,0,0,0,0,0,0,0,0,0,0,0,0
givenmy01,2023,1,BAL,AL,6,0,0,0,0,0,0,0,0,0,0,0,0,0,0,0,0
glasnty01,2023,1,TBA,AL,21,0,0,0,0,0,0,0,0,0,0,0,0,0,0,0,0
glasnty01,2024,1,LAN,NL,22,0,0,0,0,0,0,0,0,0,0,0,0,0,0,0,0
glasnty01,2025,1,LAN,NL,18,0,0,0,0,0,0,0,0,0,0,0,0,0,0,0,0
goldspa01,2023,1,SLN,NL,154,593,89,159,31,0,25,80,11,2,87,161,6,3,0,3,12
goldspa01,2024,1,SLN,NL,154,599,70,147,33,1,22,65,11,0,47,173,2,2,0,2,20
goldspa01,2025,1,NYA,AL,146,489,76,134,31,1,10,45,5,1,36,100,5,4,0,2,8
gombeau01,2023,1,COL,NL,27,0,0,0,0,0,0,0,0,0,0,0,0,0,0,0,0
gombeau01,2024,1,COL,NL,30,0,0,0,0,0,0,0,0,0,0,0,0,0,0,0,0
gombeau01,2025,1,COL,NL,12,0,0,0,0,0,0,0,0,0,0,0,0,0,0,0,0
gomesya01,2023,1,CHN,NL,116,382,44,102,20,2,10,63,1,0,21,81,1,9,0,7,9
gomesya01,2024,1,CHN,NL,34,91,7,14,2,0,2,7,0,0,2,36,0,1,1,1,2
gomezyo01,2023,1,NYA,AL,1,0,0,0,0,0,0,0,0,0,0,0,0,0,0,0,0
gomezyo01,2024,1,NYA,AL,5,0,0,0,0,0,0,0,0,0,0,0,0,0,0,0,0
gomezyo01,2025,1,NYA,AL,6,0,0,0,0,0,0,0,0,0,0,0,0,0,0,0,0
gomezyo01,2025,2,LAN,NL,3,0,0,0,0,0,0,0,0,0,0,0,0,0,0,0,0
gomezyo01,2025,3,CHA,AL,12,0,0,0,0,0,0,0,0,0,0,0,0,0,0,0,0
gonsoto01,2023,1,LAN,NL,20,0,0,0,0,0,0,0,0,0,0,0,0,0,0,0,0
gonsoto01,2025,1,LAN,NL,7,0,0,0,0,0,0,0,0,0,0,0,0,0,0,0,0
gonzach01,2023,1,MIA,NL,3,0,0,0,0,0,0,0,0,0,0,0,0,0,0,0,0
gonzama02,2023,1,SEA,AL,10,0,0,0,0,0,0,0,0,0,0,0,0,0,0,0,0
gonzama02,2024,1,PIT,NL,7,0,0,0,0,0,0,0,0,0,0,0,0,0,0,0,0
gonzani01,2023,1,PIT,NL,35,115,12,24,8,1,2,13,0,1,6,36,0,4,1,2,0
gonzani01,2024,1,PIT,NL,94,359,42,97,19,3,7,49,5,3,18,74,1,5,1,4,8
gonzani01,2025,1,PIT,NL,96,381,39,99,18,3,5,30,0,2,21,73,0,2,0,4,12
gonzaos01,2023,1,CLE,AL,54,173,15,37,7,2,2,12,0,0,5,46,0,1,0,1,2
gonzaos01,2025,1,SDN,NL,21,59,2,13,1,0,0,4,0,1,2,13,0,0,0,0,1
gonzaro01,2023,1,CHA,AL,44,93,11,18,4,2,3,14,7,0,2,36,0,0,1,1,0
gonzaro01,2024,1,BOS,AL,89,199,25,53,10,1,6,29,11,3,12,58,0,1,0,4,5
gonzaro01,2025,1,BOS,AL,96,315,47,96,23,3,9,53,6,5,18,81,1,3,0,5,8
gonzavi02,2023,1,LAN,NL,34,0,0,0,0,0,0,0,0,0,0,0,0,0,0,0,0
gonzavi02,2024,1,NYA,AL,27,0,0,0,0,0,0,0,0,0,0,0,0,0,0,0,0
gonzawi02,2025,1,CHA,AL,16,0,0,0,0,0,0,0,0,0,0,0,0,0,0,0,0
goodmhu01,2023,1,COL,NL,23,70,6,14,4,3,1,17,1,0,5,24,0,0,0,2,2
goodmhu01,2024,1,COL,NL,70,211,24,40,9,0,13,36,1,1,8,64,0,3,0,2,5
goodmhu01,2025,1,COL,NL,144,540,73,150,28,5,31,91,1,2,33,152,0,4,0,2,16
goodrni01,2024,1,TBA,AL,9,16,1,3,0,0,0,0,0,1,1,6,0,0,1,0,0
goodrni01,2024,2,LAA,AL,4,13,1,0,0,0,0,0,1,0,2,4,0,0,0,0,0
gordoco01,2025,1,HOU,AL,20,0,0,0,0,0,0,0,0,0,0,0,0,0,0,0,0
gordoni01,2023,1,MIN,AL,34,91,13,16,5,1,2,7,0,0,1,11,0,0,1,0,1
gordoni01,2024,1,MIA,NL,95,260,29,59,11,1,8,32,5,5,11,67,0,1,0,3,5
gordota01,2024,1,COL,NL,8,0,0,0,0,0,0,0,0,0,0,0,0,0,0,0,0
gordota01,2025,1,COL,NL,15,0,0,0,0,0,0,0,0,0,0,0,0,0,0,0,0
gorema01,2023,1,WAS,NL,27,0,0,0,0,0,0,0,0,0,0,0,0,0,0,0,0
gorema01,2024,1,WAS,NL,32,0,0,0,0,0,0,0,0,0,0,0,0,0,0,0,0
gorema01,2025,1,WAS,NL,30,0,0,0,0,0,0,0,0,0,0,0,0,0,0,0,0
gormano01,2023,1,SLN,NL,119,406,59,96,17,0,27,76,7,2,53,148,1,3,0,2,5
gormano01,2024,1,SLN,NL,107,365,42,74,15,0,19,50,6,1,34,151,1,1,0,2,2
gormano01,2025,1,SLN,NL,111,351,48,72,14,1,14,46,1,1,47,136,2,0,0,4,1
gorskma01,2025,1,PIT,NL,15,41,2,8,0,1,2,4,0,1,1,16,0,0,0,0,1
gosean01,2024,1,CLE,AL,3,0,0,0,0,0,0,0,0,0,0,0,0,0,0,0,0
gotttr01,2023,1,SEA,AL,30,0,0,0,0,0,0,0,0,0,0,0,0,0,0,0,0
gotttr01,2023,2,NYN,NL,34,0,0,0,0,0,0,0,0,0,0,0,0,0,0,0,0
gourryu01,2023,1,MIA,NL,108,298,32,73,16,3,4,27,4,0,26,44,3,1,0,4,13
gourryu01,2024,1,KCA,AL,18,54,7,13,3,0,0,6,1,0,9,15,0,0,0,2,1
gourryu01,2025,1,SDN,NL,16,36,2,4,1,0,0,3,0,0,4,8,0,0,0,0,0
gracego01,2024,1,SLN,NL,2,0,0,0,0,0,0,0,0,0,0,0,0,0,0,0,0
gracego01,2025,1,SLN,NL,26,0,0,0,0,0,0,0,0,0,0,0,0,0,0,0,0
grandya01,2023,1,CHA,AL,118,363,33,85,14,0,8,33,0,0,36,86,1,4,0,2,11
grandya01,2024,1,PIT,NL,72,215,26,49,10,0,9,27,1,0,24,46,0,0,3,1,7
granian01,2025,1,SLN,NL,14,0,0,0,0,0,0,0,0,0,0,0,0,0,0,0,0
gratebr01,2023,1,LAN,NL,68,0,0,0,0,0,0,0,0,0,0,0,0,0,0,0,0
gratebr01,2024,1,LAN,NL,7,0,0,0,0,0,0,0,0,0,0,0,0,0,0,0,0
graveke01,2023,1,CHA,AL,45,0,0,0,0,0,0,0,0,0,0,0,0,0,0,0,0
graveke01,2023,2,HOU,AL,23,0,0,0,0,0,0,0,0,0,0,0,0,0,0,0,0
graveke01,2025,1,ARI,NL,19,0,0,0,0,0,0,0,0,0,0,0,0,0,0,0,0
grayjo02,2023,1,TEX,AL,29,0,0,0,0,0,0,0,0,0,0,0,0,0,0,0,0
grayjo02,2024,1,TEX,AL,24,0,0,0,0,0,0,0,0,0,0,0,0,0,0,0,0
grayjo02,2025,1,TEX,AL,6,0,0,0,0,0,0,0,0,0,0,0,0,0,0,0,0
grayjo03,2023,1,WAS,NL,30,0,0,0,0,0,0,0,0,0,0,0,0,0,0,0,0
grayjo03,2024,1,WAS,NL,2,0,0,0,0,0,0,0,0,0,0,0,0,0,0,0,0
grayso01,2023,1,MIN,AL,32,0,0,0,0,0,0,0,0,0,0,0,0,0,0,0,0
grayso01,2024,1,SLN,NL,28,0,0,0,0,0,0,0,0,0,0,0,0,0,0,0,0
grayso01,2025,1,SLN,NL,32,0,0,0,0,0,0,0,0,0,0,0,0,0,0,0,0
graytr01,2023,1,TBA,AL,2,5,1,2,0,0,1,1,0,0,0,0,0,0,0,0,0
graytr01,2024,1,MIA,NL,7,7,0,0,0,0,0,0,0,0,0,3,0,0,0,0,0
graytr01,2024,2,OAK,AL,8,21,0,3,1,0,0,0,0,0,3,13,0,0,0,0,0
graytr01,2025,1,TBA,AL,30,78,9,18,5,0,3,9,0,0,6,19,0,0,1,1,0
greench03,2023,1,TOR,AL,12,0,0,0,0,0,0,0,0,0,0,0,0,0,0,0,0
greench03,2024,1,TOR,AL,53,0,0,0,0,0,0,0,0,0,0,0,0,0,0,0,0
greench03,2025,1,TOR,AL,45,0,0,0,0,0,0,0,0,0,0,0,0,0,0,0,0
greenhu01,2023,1,CIN,NL,22,0,0,0,0,0,0,0,0,0,0,0,0,0,0,0,0
greenhu01,2024,1,CIN,NL,26,0,0,0,0,0,0,0,0,0,0,0,0,0,0,0,0
greenhu01,2025,1,CIN,NL,19,0,0,0,0,0,0,0,0,0,0,0,0,0,0,0,0
greenri02,2023,1,DET,AL,99,378,51,109,19,4,11,37,7,0,35,114,0,1,0,2,7
greenri02,2024,1,DET,AL,137,512,82,134,27,6,24,74,4,2,64,156,3,5,0,2,2
greenri02,2025,1,DET,AL,157,600,84,155,31,1,36,111,2,1,46,201,1,4,0,5,14
greensh02,2023,1,CHN,NL,2,0,0,0,0,0,0,0,0,0,0,0,0,0,0,0,0
greinza01,2023,1,KCA,AL,30,0,0,0,0,0,0,0,0,0,0,0,0,0,0,0,0
grichra01,2023,1,COL,NL,64,240,40,74,19,1,8,27,2,2,18,51,2,4,0,1,6
grichra01,2023,2,LAA,AL,54,194,25,42,12,1,8,17,0,0,11,45,0,2,0,1,5
grichra01,2024,1,ARI,NL,106,254,40,74,20,2,12,46,0,0,20,46,0,3,0,2,5
grichra01,2025,1,ARI,NL,70,175,25,42,15,1,7,22,0,1,10,39,1,0,0,3,5
grichra01,2025,2,KCA,AL,43,97,10,20,3,0,2,5,0,0,7,22,0,1,0,0,1
grishtr01,2023,1,SDN,NL,153,469,67,93,31,1,13,50,15,3,75,154,0,5,4,1,7
grishtr01,2024,1,NYA,AL,76,179,21,34,8,0,9,31,1,1,22,57,1,4,1,2,5
grishtr01,2025,1,NYA,AL,143,494,87,116,9,1,34,74,3,2,82,137,0,4,0,1,7
grissva01,2023,1,ATL,NL,23,75,5,21,3,1,0,9,0,1,2,15,0,2,0,1,2
grissva01,2024,1,BOS,AL,31,105,10,20,3,0,0,6,2,0,7,24,0,1,0,1,3
grossro01,2023,1,TEX,AL,115,353,56,84,23,1,10,49,1,0,57,98,0,2,0,8,8
grossro01,2024,1,CHA,AL,25,71,6,15,4,0,0,4,2,0,13,20,0,0,0,1,2
grossro01,2024,2,TEX,AL,46,105,13,25,4,0,3,10,1,0,16,25,0,0,0,1,5
grossro01,2024,3,KCA,AL,16,32,2,4,0,0,0,2,0,0,5,13,0,1,0,0,1
grovemi01,2023,1,LAN,NL,18,0,0,0,0,0,0,0,0,0,0,0,0,0,0,0,0
grovemi01,2024,1,LAN,NL,39,0,0,0,0,0,0,0,0,0,0,0,0,0,0,0,0
guentse01,2024,1,DET,AL,17,0,0,0,0,0,0,0,0,0,0,0,0,0,0,0,0
guentse01,2025,1,DET,AL,9,0,0,0,0,0,0,0,0,0,0,0,0,0,0,0,0
guerrja02,2023,1,MIL,NL,8,0,0,0,0,0,0,0,0,0,0,0,0,0,0,0,0
guerrja02,2023,2,TBA,AL,9,0,0,0,0,0,0,0,0,0,0,0,0,0,0,0,0
guerrlu01,2024,1,BOS,AL,9,0,0,0,0,0,0,0,0,0,0,0,0,0,0,0,0
guerrlu01,2025,1,BOS,AL,13,0,0,0,0,0,0,0,0,0,0,0,0,0,0,0,0
guerrvl02,2023,1,TOR,AL,156,602,78,159,30,0,26,94,5,3,67,100,5,9,0,4,23
guerrvl02,2024,1,TOR,AL,159,616,98,199,44,1,30,103,2,2,72,96,12,5,0,4,16
guerrvl02,2025,1,TOR,AL,156,589,96,172,34,0,23,84,6,3,81,94,8,6,0,4,17
guilllu01,2023,1,NYN,NL,54,107,12,24,6,1,1,9,0,0,10,28,1,0,2,1,4
guilllu01,2024,1,ATL,NL,10,20,2,3,2,0,0,3,0,0,1,5,0,0,0,0,1
guilllu01,2024,2,LAA,AL,51,104,6,24,5,1,0,3,1,2,11,23,0,0,1,1,4
guilllu01,2024,3,ARI,NL,18,37,6,6,2,0,0,4,3,0,11,8,0,0,0,1,2
guilllu01,2025,1,HOU,AL,12,20,2,3,0,0,0,0,0,0,1,8,0,0,0,0,2
gurrilo01,2023,1,ARI,NL,145,551,65,144,35,2,24,82,5,0,33,103,1,6,0,2,20
gurrilo01,2024,1,ARI,NL,133,513,72,143,22,2,18,75,7,1,29,101,1,6,0,5,16
gurrilo01,2025,1,ARI,NL,129,500,52,124,24,2,19,80,10,4,31,76,0,6,0,9,11
gustory01,2025,1,HOU,AL,24,0,0,0,0,0,0,0,0,0,0,0,0,0,0,0,0
gustory01,2025,2,MIA,NL,3,0,0,0,0,0,0,0,0,0,0,0,0,0,0,0,0
guthrda01,2023,1,PHI,NL,23,24,4,4,1,0,0,0,0,0,3,7,0,1,0,0,0
gutievl01,2024,1,MIA,NL,1,0,0,0,0,0,0,0,0,0,0,0,0,0,0,0,0
guzmade01,2025,1,LAA,AL,13,42,4,8,1,0,2,3,0,0,1,22,0,0,0,0,0
haaseer01,2023,1,DET,AL,86,264,22,53,8,1,4,26,3,1,16,78,1,0,1,1,10
haaseer01,2023,2,CLE,AL,3,10,0,2,0,0,0,0,1,0,1,3,0,0,0,0,1
haaseer01,2024,1,MIL,NL,30,66,10,18,1,0,5,14,0,0,3,28,0,0,0,0,0
haaseer01,2025,1,MIL,NL,30,70,11,16,3,0,2,9,0,0,4,31,0,2,1,0,1
haderjo01,2023,1,SDN,NL,61,0,0,0,0,0,0,0,0,0,0,0,0,0,0,0,0
haderjo01,2024,1,HOU,AL,71,0,0,0,0,0,0,0,0,0,0,0,0,0,0,0,0
haderjo01,2025,1,HOU,AL,48,0,0,0,0,0,0,0,0,0,0,0,0,0,0,0,0
hagenju01,2025,1,NYN,NL,9,0,0,0,0,0,0,0,0,0,0,0,0,0,0,0,0
haggesa01,2023,1,SEA,AL,52,91,13,23,3,1,1,5,10,1,15,17,0,1,1,0,0
haggesa01,2024,1,SEA,AL,8,15,1,1,0,0,0,1,1,0,1,4,0,0,0,0,0
haggesa01,2025,1,TEX,AL,64,162,31,41,7,3,2,13,12,4,16,37,1,2,1,0,1
hahnje01,2025,1,SEA,AL,3,0,0,0,0,0,0,0,0,0,0,0,0,0,0,0,0
hallda02,2023,1,PHI,NL,18,54,2,9,1,0,1,3,0,0,2,18,0,0,0,0,2
halldl01,2023,1,BAL,AL,18,0,0,0,0,0,0,0,0,0,0,0,0,0,0,0,0
halldl01,2024,1,MIL,NL,13,0,0,0,0,0,0,0,0,0,0,0,0,0,0,0,0
halldl01,2025,1,MIL,NL,20,0,0,0,0,0,0,0,0,0,0,0,0,0,0,0,0
halpipe01,2025,1,CLE,AL,6,6,5,2,0,0,0,0,0,0,2,2,0,0,0,0,0
halvose01,2024,1,COL,NL,12,0,0,0,0,0,0,0,0,0,0,0,0,0,0,0,0
halvose01,2025,1,COL,NL,42,0,0,0,0,0,0,0,0,0,0,0,0,0,0,0,0
hameldo01,2025,1,NYN,NL,1,0,0,0,0,0,0,0,0,0,0,0,0,0,0,0,0
hamilbi02,2023,1,CHA,AL,3,2,2,0,0,0,0,0,2,0,0,1,0,0,0,0,0
hamilca01,2023,1,BOS,AL,4,5,0,0,0,0,0,0,0,0,1,5,0,0,0,0,0
hamilda03,2023,1,BOS,AL,15,33,2,4,2,0,0,0,2,1,6,10,0,0,0,0,1
hamilda03,2024,1,BOS,AL,98,294,47,73,17,1,8,28,33,4,22,80,0,1,0,0,1
hamilda03,2025,1,BOS,AL,91,177,27,35,4,1,6,19,22,6,13,47,0,1,3,0,3
hamilia01,2023,1,NYA,AL,39,0,0,0,0,0,0,0,0,0,0,0,0,0,0,0,0
hamilia01,2024,1,NYA,AL,35,0,0,0,0,0,0,0,0,0,0,0,0,0,0,0,0
hamilia01,2025,1,NYA,AL,36,0,0,0,0,0,0,0,0,0,0,0,0,0,0,0,0
hampsga01,2023,1,MIA,NL,98,221,30,61,12,1,3,23,5,0,23,67,0,3,3,2,3
hampsga01,2024,1,KCA,AL,113,213,16,49,13,1,0,16,7,2,14,59,0,0,2,2,3
hampsga01,2025,1,ARI,NL,18,30,10,5,0,0,0,0,2,1,9,10,0,0,2,0,0
hampsga01,2025,2,CIN,NL,9,18,0,3,1,0,0,0,0,0,1,6,0,0,0,0,1
hampsga01,2025,3,SLN,NL,35,29,9,3,1,0,0,1,1,0,1,13,0,0,1,0,1
hancoem01,2023,1,SEA,AL,3,0,0,0,0,0,0,0,0,0,0,0,0,0,0,0,0
hancoem01,2024,1,SEA,AL,12,0,0,0,0,0,0,0,0,0,0,0,0,0,0,0,0
hancoem01,2025,1,SEA,AL,22,0,0,0,0,0,0,0,0,0,0,0,0,0,0,0,0
handbr01,2023,1,COL,NL,40,0,0,0,0,0,0,0,0,0,0,0,0,0,0,0,0
handbr01,2023,2,ATL,NL,20,0,0,0,0,0,0,0,0,0,0,0,0,0,0,0,0
handlma01,2025,1,BAL,AL,16,41,2,3,0,0,0,3,0,0,2,18,0,1,2,1,0
hanifbr01,2023,1,DET,AL,3,0,0,0,0,0,0,0,0,0,0,0,0,0,0,0,0
hanifbr01,2024,1,DET,AL,21,0,0,0,0,0,0,0,0,0,0,0,0,0,0,0,0
hanifbr01,2025,1,DET,AL,54,0,0,0,0,0,0,0,0,0,0,0,0,0,0,0,0
hanigmi01,2023,1,SFN,NL,61,211,27,44,13,1,6,28,1,0,15,65,0,2,0,1,7
hanigmi01,2024,1,SEA,AL,121,380,42,79,12,0,12,44,0,0,40,126,0,2,0,1,10
happia01,2023,1,CHN,NL,158,580,86,144,35,4,21,84,14,3,99,153,2,6,0,6,12
happia01,2024,1,CHN,NL,153,569,89,138,34,2,25,86,13,2,80,168,1,6,0,2,7
happia01,2025,1,CHN,NL,150,569,87,138,32,0,23,79,6,3,87,151,2,2,0,5,8
harpebr03,2023,1,PHI,NL,126,457,84,134,29,1,21,72,11,3,80,119,8,5,0,4,10
harpebr03,2024,1,PHI,NL,145,550,85,157,42,0,30,87,7,4,76,138,11,2,1,2,18
harpebr03,2025,1,PHI,NL,132,501,72,131,32,0,27,75,12,2,70,121,6,6,0,3,5
harribr02,2024,1,OAK,AL,36,103,15,15,3,0,3,12,0,3,17,25,0,2,0,1,3
harribr02,2025,1,ATH,AL,32,73,11,20,5,0,0,5,1,0,7,21,0,2,1,1,1
harridu01,2024,1,TEX,AL,2,6,1,2,1,0,1,3,0,0,1,2,0,0,0,0,0
harridu01,2025,1,TEX,AL,19,40,5,8,3,0,1,2,1,1,3,13,0,0,0,0,1
harriha01,2025,1,ATL,NL,3,0,0,0,0,0,0,0,0,0,0,0,0,0,0,0,0
harriho01,2023,1,WAS,NL,16,0,0,0,0,0,0,0,0,0,0,0,0,0,0,0,0
harriho02,2023,1,OAK,AL,14,0,0,0,0,0,0,0,0,0,0,0,0,0,0,0,0
harriho02,2024,1,OAK,AL,21,0,0,0,0,0,0,0,0,0,0,0,0,0,0,0,0
harriho02,2025,1,ATH,AL,48,0,0,0,0,0,0,0,0,0,0,0,0,0,0,0,0
harrijo05,2023,1,PHI,NL,41,103,8,21,3,0,2,10,0,0,3,20,0,6,0,2,2
harriky01,2023,1,SFN,NL,7,0,0,0,0,0,0,0,0,0,0,0,0,0,0,0,0
harriky01,2024,1,SFN,NL,24,0,0,0,0,0,0,0,0,0,0,0,0,0,0,0,0
harriky01,2025,1,SFN,NL,8,0,0,0,0,0,0,0,0,0,0,0,0,0,0,0,0
harriky01,2025,2,BOS,AL,3,0,0,0,0,0,0,0,0,0,0,0,0,0,0,0,0
harrimi04,2023,1,ATL,NL,138,505,76,148,33,3,18,57,20,4,25,101,1,5,1,3,8
harrimi04,2024,1,ATL,NL,110,440,58,116,14,3,16,48,10,6,23,94,1,4,0,3,6
harrimi04,2025,1,ATL,NL,160,611,55,152,26,6,20,86,20,6,16,128,1,3,4,7,7
harrito03,2025,1,PIT,NL,3,0,0,0,0,0,0,0,0,0,0,0,0,0,0,0,0
hartky01,2025,1,SDN,NL,20,0,0,0,0,0,0,0,0,0,0,0,0,0,0,0,0
hartlge01,2023,1,MIA,NL,2,0,0,0,0,0,0,0,0,0,0,0,0,0,0,0,0
hartlge01,2024,1,COL,NL,5,0,0,0,0,0,0,0,0,0,0,0,0,0,0,0,0
hartlge01,2025,1,NYA,AL,2,0,0,0,0,0,0,0,0,0,0,0,0,0,0,0,0
hartlge01,2025,2,DET,AL,2,0,0,0,0,0,0,0,0,0,0,0,0,0,0,0,0
hartwgr01,2023,1,NYN,NL,28,0,0,0,0,0,0,0,0,0,0,0,0,0,0,0,0
hartwgr01,2024,1,NYN,NL,4,0,0,0,0,0,0,0,0,0,0,0,0,0,0,0,0
harvehu01,2023,1,WAS,NL,57,0,0,0,0,0,0,0,0,0,0,0,0,0,0,0,0
harvehu01,2024,1,WAS,NL,43,0,0,0,0,0,0,0,0,0,0,0,0,0,0,0,0
harvehu01,2024,2,KCA,AL,6,0,0,0,0,0,0,0,0,0,0,0,0,0,0,0,0
harvehu01,2025,1,KCA,AL,12,0,0,0,0,0,0,0,0,0,0,0,0,0,0,0,0
haselad01,2023,1,CHA,AL,28,36,6,8,2,0,0,2,1,0,3,8,0,0,0,0,1
hassero02,2025,1,WAS,NL,70,197,22,44,9,0,3,18,4,0,8,62,0,1,0,0,4
hatchto01,2023,1,TOR,AL,6,0,0,0,0,0,0,0,0,0,0,0,0,0,0,0,0
hatchto01,2023,2,PIT,NL,12,0,0,0,0,0,0,0,0,0,0,0,0,0,0,0,0
hatchto01,2025,1,KCA,AL,1,0,0,0,0,0,0,0,0,0,0,0,0,0,0,0,0
hatchto01,2025,2,MIN,AL,11,0,0,0,0,0,0,0,0,0,0,0,0,0,0,0,0
hayeske01,2023,1,PIT,NL,124,494,65,134,31,7,15,61,10,6,28,104,1,0,0,3,11
hayeske01,2024,1,PIT,NL,96,365,38,85,9,0,4,25,11,2,23,75,1,4,0,4,12
hayeske01,2025,1,PIT,NL,100,369,34,87,10,2,2,36,10,2,18,81,1,4,1,0,8
hayeske01,2025,2,CIN,NL,52,158,16,37,6,1,3,13,2,1,18,30,0,1,0,1,4
haysau01,2023,1,BAL,AL,144,520,76,143,36,2,16,67,5,1,38,141,1,3,0,5,11
haysau01,2024,1,BAL,AL,63,157,18,40,13,0,3,14,0,1,9,40,1,6,1,2,1
haysau01,2024,2,PHI,NL,22,78,8,20,5,0,2,6,2,1,0,19,0,2,0,0,1
haysau01,2025,1,CIN,NL,103,380,60,101,16,5,15,64,7,0,29,107,2,1,0,6,9
headrbr01,2023,1,MIN,AL,14,0,0,0,0,0,0,0,0,0,0,0,0,0,0,0,0
headrbr01,2024,1,MIN,AL,1,0,0,0,0,0,0,0,0,0,0,0,0,0,0,0,0
headrbr01,2025,1,NYA,AL,17,0,0,0,0,0,0,0,0,0,0,0,0,0,0,0,0
heanean01,2023,1,TEX,AL,34,0,0,0,0,0,0,0,0,0,0,0,0,0,0,0,0
heanean01,2024,1,TEX,AL,32,0,0,0,0,0,0,0,0,0,0,0,0,0,0,0,0
heanean01,2025,1,PIT,NL,26,0,0,0,0,0,0,0,0,0,0,0,0,0,0,0,0
heanean01,2025,2,LAN,NL,1,0,0,0,0,0,0,0,0,0,0,0,0,0,0,0,0
hearnta01,2023,1,TEX,AL,4,0,0,0,0,0,0,0,0,0,0,0,0,0,0,0,0
hearnta01,2023,2,ATL,NL,1,0,0,0,0,0,0,0,0,0,0,0,0,0,0,0,0
hearnta01,2023,3,KCA,AL,8,0,0,0,0,0,0,0,0,0,0,0,0,0,0,0,0
heasljo01,2023,1,KCA,AL,12,0,0,0,0,0,0,0,0,0,0,0,0,0,0,0,0
heasljo01,2024,1,BAL,AL,4,0,0,0,0,0,0,0,0,0,0,0,0,0,0,0,0
hedgeau01,2023,1,PIT,NL,65,161,13,29,5,0,1,14,1,0,11,39,0,2,9,3,7
hedgeau01,2023,2,TEX,AL,17,24,1,5,0,0,0,2,0,0,0,8,0,0,1,0,0
hedgeau01,2024,1,CLE,AL,66,132,12,20,3,0,2,15,2,0,6,50,0,3,3,2,2
hedgeau01,2025,1,CLE,AL,70,155,13,25,3,0,5,10,1,2,18,43,0,1,4,2,2
heimjo01,2023,1,TEX,AL,131,457,61,118,28,0,18,95,2,0,40,96,2,1,0,3,10
heimjo01,2024,1,TEX,AL,131,459,45,101,12,1,13,59,1,1,26,90,0,4,0,2,13
heimjo01,2025,1,TEX,AL,124,395,38,84,14,0,11,43,3,0,32,88,0,1,1,4,10
heinety01,2023,1,PIT,NL,3,9,1,1,0,0,0,0,1,0,1,1,0,0,0,0,0
heinety01,2023,2,TOR,AL,19,29,4,8,1,1,0,3,0,0,7,7,0,1,0,0,0
heinety01,2024,1,BOS,AL,2,2,0,0,0,0,0,0,0,0,0,1,0,1,0,0,0
heinety01,2024,2,TOR,AL,6,10,2,1,0,0,0,0,0,0,3,5,0,0,0,0,0
heinety01,2025,1,TOR,AL,64,149,25,43,8,1,3,20,2,0,12,31,0,6,5,2,1
hellebe01,2023,1,ATL,NL,19,0,0,0,0,0,0,0,0,0,0,0,0,0,0,0,0
hellebe01,2024,1,PIT,NL,8,0,0,0,0,0,0,0,0,0,0,0,0,0,0,0,0
helmami01,2024,1,MIN,AL,9,10,2,3,2,0,0,0,0,0,0,3,0,0,0,0,0
helmami01,2025,1,TEX,AL,38,99,18,23,5,1,5,20,4,0,7,21,0,1,3,0,0
helslry01,2023,1,SLN,NL,33,0,0,0,0,0,0,0,0,0,0,0,0,0,0,0,0
helslry01,2024,1,SLN,NL,65,0,0,0,0,0,0,0,0,0,0,0,0,0,0,0,0
helslry01,2025,1,SLN,NL,36,0,0,0,0,0,0,0,0,0,0,0,0,0,0,0,0
helslry01,2025,2,NYN,NL,22,0,0,0,0,0,0,0,0,0,0,0,0,0,0,0,0
hembrhe01,2023,1,TBA,AL,1,0,0,0,0,0,0,0,0,0,0,0,0,0,0,0,0
hendegu01,2023,1,BAL,AL,150,560,100,143,29,9,28,82,10,3,56,159,1,3,0,3,10
hendegu01,2024,1,BAL,AL,159,630,118,177,31,7,37,92,21,4,78,159,1,7,0,4,2
hendegu01,2025,1,BAL,AL,154,577,85,158,34,5,17,68,30,5,62,137,6,7,0,5,7
hendelo01,2025,1,MIL,NL,5,0,0,0,0,0,0,0,0,0,0,0,0,0,0,0,0
hendrky01,2023,1,CHN,NL,24,0,0,0,0,0,0,0,0,0,0,0,0,0,0,0,0
hendrky01,2024,1,CHN,NL,29,0,0,0,0,0,0,0,0,0,0,0,0,0,0,0,0
hendrky01,2025,1,LAA,AL,31,0,0,0,0,0,0,0,0,0,0,0,0,0,0,0,0
hendrli01,2023,1,CHA,AL,5,0,0,0,0,0,0,0,0,0,0,0,0,0,0,0,0
hendrli01,2025,1,BOS,AL,14,0,0,0,0,0,0,0,0,0,0,0,0,0,0,0,0
henlebl01,2024,1,HOU,AL,1,0,0,0,0,0,0,0,0,0,0,0,0,0,0,0,0
henried01,2024,1,LAN,NL,3,0,0,0,0,0,0,0,0,0,0,0,0,0,0,0,0
henried01,2025,1,LAN,NL,22,0,0,0,0,0,0,0,0,0,0,0,0,0,0,0,0
henriro01,2024,1,MIN,AL,16,0,0,0,0,0,0,0,0,0,0,0,0,0,0,0,0
henriro01,2025,1,MIA,NL,69,0,0,0,0,0,0,0,0,0,0,0,0,0,0,0,0
henryco01,2025,1,WAS,NL,57,0,0,0,0,0,0,0,0,0,0,0,0,0,0,0,0
henryto01,2023,1,ARI,NL,17,0,0,0,0,0,0,0,0,0,0,0,0,0,0,0,0
henryto01,2024,1,ARI,NL,9,0,0,0,0,0,0,0,0,0,0,0,0,0,0,0,0
henryto01,2025,1,ARI,NL,2,0,0,0,0,0,0,0,0,0,0,0,0,0,0,0,0
henslda01,2023,1,HOU,AL,30,84,12,10,1,0,1,3,1,0,10,35,0,0,0,0,0
henslda01,2024,1,MIA,NL,23,52,9,11,1,0,1,4,1,0,6,17,0,0,0,0,0
hentgsa01,2023,1,CLE,AL,56,0,0,0,0,0,0,0,0,0,0,0,0,0,0,0,0
hentgsa01,2024,1,CLE,AL,25,0,0,0,0,0,0,0,0,0,0,0,0,0,0,0,0
hergeji01,2023,1,LAA,AL,29,0,0,0,0,0,0,0,0,0,0,0,0,0,0,0,0
hergeji01,2024,1,ATL,NL,8,0,0,0,0,0,0,0,0,0,0,0,0,0,0,0,0
hergeji01,2025,1,COL,NL,59,0,0,0,0,0,0,0,0,0,0,0,0,0,0,0,0
hergeke01,2023,1,CIN,NL,14,0,0,0,0,0,0,0,0,0,0,0,0,0,0,0,0
hergeke01,2024,1,MIL,NL,7,0,0,0,0,0,0,0,0,0,0,0,0,0,0,0,0
hergeke01,2025,1,NYN,NL,6,0,0,0,0,0,0,0,0,0,0,0,0,0,0,0,0
hergeke01,2025,2,ATL,NL,1,0,0,0,0,0,0,0,0,0,0,0,0,0,0,0,0
hernaca04,2023,1,KCA,AL,67,0,0,0,0,0,0,0,0,0,0,0,0,0,0,0,0
hernaca04,2024,1,KCA,AL,27,0,0,0,0,0,0,0,0,0,0,0,0,0,0,0,0
hernaca04,2025,1,PHI,NL,25,0,0,0,0,0,0,0,0,0,0,0,0,0,0,0,0
hernaca04,2025,2,DET,AL,11,0,0,0,0,0,0,0,0,0,0,0,0,0,0,0,0
hernaca04,2025,3,CLE,AL,5,0,0,0,0,0,0,0,0,0,0,0,0,0,0,0,0
hernada03,2023,1,ATL,NL,4,0,0,0,0,0,0,0,0,0,0,0,0,0,0,0,0
hernada03,2024,1,ATL,NL,16,0,0,0,0,0,0,0,0,0,0,0,0,0,0,0,0
hernada03,2025,1,ATL,NL,39,0,0,0,0,0,0,0,0,0,0,0,0,0,0,0,0
hernada04,2024,1,OAK,AL,48,120,8,23,3,0,1,12,1,1,11,27,0,1,1,2,4
hernada04,2025,1,ATH,AL,51,173,17,40,5,1,2,16,3,4,17,24,0,0,2,5,2
hernael01,2024,1,LAN,NL,5,0,0,0,0,0,0,0,0,0,0,0,0,0,0,0,0
hernael01,2024,2,MIL,NL,4,0,0,0,0,0,0,0,0,0,0,0,0,0,0,0,0
hernaen02,2023,1,BOS,AL,86,297,38,66,11,0,6,31,3,1,22,68,0,2,0,2,11
hernaen02,2023,2,LAN,NL,54,168,19,44,12,0,5,30,1,0,12,29,1,1,0,4,6
hernaen02,2024,1,LAN,NL,126,362,44,83,16,0,12,42,0,0,27,77,0,0,1,3,13
hernaen02,2025,1,LAN,NL,93,232,30,47,8,0,10,35,0,0,18,68,0,0,1,5,7
hernahe01,2025,1,MIA,NL,87,256,40,68,12,1,10,45,1,1,31,77,0,3,0,4,6
hernajo02,2023,1,TEX,AL,33,0,0,0,0,0,0,0,0,0,0,0,0,0,0,0,0
hernajo02,2024,1,TEX,AL,26,0,0,0,0,0,0,0,0,0,0,0,0,0,0,0,0
hernajo02,2024,2,SEA,AL,3,0,0,0,0,0,0,0,0,0,0,0,0,0,0,0,0
hernajo03,2023,1,PIT,NL,50,0,0,0,0,0,0,0,0,0,0,0,0,0,0,0,0
hernajo03,2024,1,PIT,NL,7,0,0,0,0,0,0,0,0,0,0,0,0,0,0,0,0
hernani01,2023,1,SDN,NL,2,0,0,0,0,0,0,0,0,0,0,0,0,0,0,0,0
hernani01,2024,1,HOU,AL,5,0,0,0,0,0,0,0,0,0,0,0,0,0,0,0,0
hernani01,2025,1,HOU,AL,10,0,0,0,0,0,0,0,0,0,0,0,0,0,0,0,0
hernate01,2023,1,SEA,AL,160,625,70,161,29,2,26,93,7,2,38,211,2,8,0,7,6
hernate01,2024,1,LAN,NL,154,589,84,160,32,2,33,99,12,3,53,188,3,8,0,1,7
hernate01,2025,1,LAN,NL,134,511,65,126,29,1,25,89,5,2,26,134,0,3,0,5,13
hernayo02,2023,1,LAN,NL,14,22,5,3,1,0,0,4,0,0,2,8,0,1,1,1,0
herreiv01,2023,1,SLN,NL,13,37,6,11,2,0,0,4,0,0,5,11,0,2,0,0,1
herreiv01,2024,1,SLN,NL,72,229,37,69,12,1,5,27,5,0,25,53,0,2,0,2,3
herreiv01,2025,1,SLN,NL,107,388,54,110,13,0,19,66,8,2,43,84,1,15,0,4,20
herrejo04,2023,1,ARI,NL,43,101,15,21,5,0,0,7,1,0,13,30,0,0,5,1,2
herrejo04,2024,1,ARI,NL,42,97,11,22,4,1,1,13,0,0,9,27,0,0,7,1,1
herrejo04,2025,1,ARI,NL,58,166,21,31,6,0,2,17,0,0,23,47,0,1,11,3,2
herriti01,2023,1,CLE,AL,23,0,0,0,0,0,0,0,0,0,0,0,0,0,0,0,0
herriti01,2024,1,CLE,AL,75,0,0,0,0,0,0,0,0,0,0,0,0,0,0,0,0
herriti01,2025,1,CLE,AL,54,0,0,0,0,0,0,0,0,0,0,0,0,0,0,0,0
herzdj01,2024,1,WAS,NL,19,0,0,0,0,0,0,0,0,0,0,0,0,0,0,0,0
heuerco01,2025,1,TEX,AL,1,0,0,0,0,0,0,0,0,0,0,0,0,0,0,0,0
heuerco01,2025,2,DET,AL,2,0,0,0,0,0,0,0,0,0,0,0,0,0,0,0,0
heywaja01,2023,1,LAN,NL,124,334,56,90,23,0,15,40,2,2,34,64,1,3,0,3,7
heywaja01,2024,1,LAN,NL,63,173,25,36,10,2,6,28,4,0,17,36,0,4,0,3,3
heywaja01,2024,2,HOU,AL,24,55,8,12,2,0,4,9,1,0,5,17,2,0,0,0,0
heywaja01,2025,1,SDN,NL,34,85,9,15,2,0,2,12,0,1,6,20,0,0,0,3,1
hicklbr01,2024,1,MIL,NL,3,5,0,0,0,0,0,0,1,0,0,4,0,0,0,0,0
hicklbr01,2025,1,DET,AL,1,3,2,2,0,0,0,0,1,0,1,1,0,0,0,0,0
hicksaa01,2023,1,NYA,AL,28,69,9,13,2,0,1,5,0,0,7,20,0,0,0,0,0
hicksaa01,2023,2,BAL,AL,65,200,35,55,7,1,7,31,6,0,35,49,1,0,0,1,3
hicksaa01,2024,1,LAA,AL,18,57,6,8,0,0,1,5,0,0,6,23,0,0,0,0,1
hicksjo03,2023,1,SLN,NL,40,0,0,0,0,0,0,0,0,0,0,0,0,0,0,0,0
hicksjo03,2023,2,TOR,AL,25,0,0,0,0,0,0,0,0,0,0,0,0,0,0,0,0
hicksjo03,2024,1,SFN,NL,29,0,0,0,0,0,0,0,0,0,0,0,0,0,0,0,0
hicksjo03,2025,1,SFN,NL,13,0,0,0,0,0,0,0,0,0,0,0,0,0,0,0,0
hicksjo03,2025,2,BOS,AL,21,0,0,0,0,0,0,0,0,0,0,0,0,0,0,0,0
hicksli01,2025,1,MIA,NL,119,332,37,82,13,1,6,45,2,0,43,56,0,9,3,3,5
higasky01,2023,1,NYA,AL,92,242,24,57,13,0,10,34,0,0,14,74,0,0,1,3,5
higasky01,2024,1,SDN,NL,84,246,29,54,10,1,17,45,2,0,15,74,0,0,1,1,3
higasky01,2025,1,TEX,AL,94,303,33,73,14,1,11,47,3,1,20,72,0,2,0,2,5
hillde01,2023,1,WAS,NL,13,47,3,8,1,0,0,1,1,0,3,11,0,0,0,0,0
hillde01,2024,1,TEX,AL,16,43,5,11,0,0,3,5,2,1,2,14,0,0,0,0,1
hillde01,2024,2,SFN,NL,5,12,3,3,0,1,0,2,0,0,1,3,0,0,0,0,0
hillde01,2024,3,MIA,NL,32,107,11,25,4,1,4,18,4,1,2,39,0,2,2,1,1
hillde01,2025,1,MIA,NL,53,127,19,27,6,0,3,10,7,0,9,46,0,2,3,0,3
hillde01,2025,2,CHA,AL,4,7,0,2,0,0,0,1,0,0,0,2,0,1,0,0,0
hillga02,2023,1,DET,AL,9,0,0,0,0,0,0,0,0,0,0,0,0,0,0,0,0
hillisa01,2023,1,ATL,NL,40,72,15,17,5,0,3,6,4,0,6,33,0,0,0,0,1
hillisa01,2024,1,COL,NL,58,138,26,33,5,1,10,27,5,2,14,56,1,0,4,2,3
hillisa01,2025,1,COL,NL,20,51,8,10,3,1,2,3,2,1,10,23,0,0,0,0,1
hillja01,2024,1,COL,NL,9,0,0,0,0,0,0,0,0,0,0,0,0,0,0,0,0
hillja01,2025,1,COL,NL,28,0,0,0,0,0,0,0,0,0,0,0,0,0,0,0,0
hillri01,2023,1,PIT,NL,22,0,0,0,0,0,0,0,0,0,0,0,0,0,0,0,0
hillri01,2023,2,SDN,NL,10,0,0,0,0,0,0,0,0,0,0,0,0,0,0,0,0
hillri01,2024,1,BOS,AL,4,0,0,0,0,0,0,0,0,0,0,0,0,0,0,0,0
hillri01,2025,1,KCA,AL,2,0,0,0,0,0,0,0,0,0,0,0,0,0,0,0,0
hillti01,2023,1,SDN,NL,48,0,0,0,0,0,0,0,0,0,0,0,0,0,0,0,0
hillti01,2024,1,CHA,AL,27,0,0,0,0,0,0,0,0,0,0,0,0,0,0,0,0
hillti01,2024,2,NYA,AL,35,0,0,0,0,0,0,0,0,0,0,0,0,0,0,0,0
hillti01,2025,1,NYA,AL,70,0,0,0,0,0,0,0,0,0,0,0,0,0,0,0,0
hindsre01,2024,1,CIN,NL,24,46,9,12,4,1,5,11,2,0,4,16,0,1,0,0,0
hindsre01,2025,1,CIN,NL,15,43,6,5,1,0,2,3,0,0,1,21,0,0,0,0,1
hiralya01,2025,1,BAL,AL,18,0,0,0,0,0,0,0,0,0,0,0,0,0,0,0,0
hiurake01,2024,1,LAA,AL,10,27,1,4,0,0,0,1,0,1,0,10,0,0,0,0,0
hiurake01,2025,1,COL,NL,8,18,3,4,1,0,0,1,0,0,0,7,0,3,0,0,0
hjellse01,2023,1,SFN,NL,15,0,0,0,0,0,0,0,0,0,0,0,0,0,0,0,0
hjellse01,2024,1,SFN,NL,58,0,0,0,0,0,0,0,0,0,0,0,0,0,0,0,0
hjellse01,2025,1,SFN,NL,12,0,0,0,0,0,0,0,0,0,0,0,0,0,0,0,0
hodgepo01,2024,1,CHN,NL,39,0,0,0,0,0,0,0,0,0,0,0,0,0,0,0,0
hodgepo01,2025,1,CHN,NL,36,0,0,0,0,0,0,0,0,0,0,0,0,0,0,0,0
hoeinbr01,2023,1,MIA,NL,33,0,0,0,0,0,0,0,0,0,0,0,0,0,0,0,0
hoeinbr01,2024,1,MIA,NL,16,0,0,0,0,0,0,0,0,0,0,0,0,0,0,0,0
hoeinbr01,2024,2,SDN,NL,18,0,0,0,0,0,0,0,0,0,0,0,0,0,0,0,0
hoeinbr01,2025,1,SDN,NL,7,0,0,0,0,0,0,0,0,0,0,0,0,0,0,0,0
hoernni01,2023,1,CHN,NL,150,619,98,175,27,4,9,68,43,7,49,83,0,14,1,5,12
hoernni01,2024,1,CHN,NL,151,582,86,159,35,1,7,48,31,6,44,66,1,12,0,3,8
hoernni01,2025,1,CHN,NL,156,599,89,178,29,4,7,61,29,6,39,49,1,7,0,4,4
hoffman01,2025,1,KCA,AL,3,0,0,0,0,0,0,0,0,0,0,0,0,0,0,0,0
hoffman01,2025,2,ARI,NL,8,0,0,0,0,0,0,0,0,0,0,0,0,0,0,0,0
hoffmje02,2023,1,PHI,NL,54,0,0,0,0,0,0,0,0,0,0,0,0,0,0,0,0
hoffmje02,2024,1,PHI,NL,68,0,0,0,0,0,0,0,0,0,0,0,0,0,0,0,0
hoffmje02,2025,1,TOR,AL,71,0,0,0,0,0,0,0,0,0,0,0,0,0,0,0,0
hoffmno01,2025,1,PHI,NL,1,0,0,0,0,0,0,0,0,0,0,0,0,0,0,0,0
hoglugu01,2025,1,ATH,AL,6,0,0,0,0,0,0,0,0,0,0,0,0,0,0,0,0
holdeco01,2023,1,PIT,NL,58,0,0,0,0,0,0,0,0,0,0,0,0,0,0,0,0
holdeco01,2024,1,PIT,NL,55,0,0,0,0,0,0,0,0,0,0,0,0,0,0,0,0
holdeco01,2025,1,PIT,NL,24,0,0,0,0,0,0,0,0,0,0,0,0,0,0,0,0
hollija01,2024,1,BAL,AL,60,190,28,36,4,2,5,23,4,0,15,69,0,2,0,1,1
hollija01,2025,1,BAL,AL,149,586,70,142,21,3,17,55,17,11,56,140,1,6,0,1,4
holloga01,2023,1,COL,NL,26,0,0,0,0,0,0,0,0,0,0,0,0,0,0,0,0
holloga01,2024,1,CHN,NL,1,0,0,0,0,0,0,0,0,0,0,0,0,0,0,0,0
holloga01,2025,1,CHN,NL,7,0,0,0,0,0,0,0,0,0,0,0,0,0,0,0,0
holmagr01,2024,1,OAK,AL,18,0,0,0,0,0,0,0,0,0,0,0,0,0,0,0,0
holmagr01,2025,1,ATH,AL,22,0,0,0,0,0,0,0,0,0,0,0,0,0,0,0,0
holmecl01,2023,1,NYA,AL,66,0,0,0,0,0,0,0,0,0,0,0,0,0,0,0,0
holmecl01,2024,1,NYA,AL,67,0,0,0,0,0,0,0,0,0,0,0,0,0,0,0,0
holmecl01,2025,1,NYN,NL,33,0,0,0,0,0,0,0,0,0,0,0,0,0,0,0,0
holmegr01,2024,1,ATL,NL,26,0,0,0,0,0,0,0,0,0,0,0,0,0,0,0,0
holmegr01,2025,1,ATL,NL,22,0,0,0,0,0,0,0,0,0,0,0,0,0,0,0,0
holtoty01,2023,1,DET,AL,59,0,0,0,0,0,0,0,0,0,0,0,0,0,0,0,0
holtoty01,2024,1,DET,AL,66,0,0,0,0,0,0,0,0,0,0,0,0,0,0,0,0
holtoty01,2025,1,DET,AL,70,0,0,0,0,0,0,0,0,0,0,0,0,0,0,0,0
honeybr01,2023,1,SDN,NL,36,0,0,0,0,0,0,0,0,0,0,0,0,0,0,0,0
honeybr01,2023,2,CHA,AL,4,0,0,0,0,0,0,0,0,0,0,0,0,0,0,0,0
honeybr01,2024,1,PIT,NL,2,0,0,0,0,0,0,0,0,0,0,0,0,0,0,0,0
honeybr01,2024,2,LAN,NL,18,0,0,0,0,0,0,0,0,0,0,0,0,0,0,0,0
hopkitj01,2023,1,CIN,NL,25,41,7,7,0,0,0,1,1,0,2,17,0,1,0,0,1
hornba01,2024,1,BOS,AL,18,0,0,0,0,0,0,0,0,0,0,0,0,0,0,0,0
hornba01,2025,1,DET,AL,10,0,0,0,0,0,0,0,0,0,0,0,0,0,0,0,0
hortoca01,2025,1,CHN,NL,23,0,0,0,0,0,0,0,0,0,0,0,0,0,0,0,0
horwisp01,2023,1,TOR,AL,15,39,5,10,2,0,1,7,0,0,4,12,0,1,0,0,1
horwisp01,2024,1,TOR,AL,97,328,46,87,19,0,12,40,0,0,42,70,2,7,0,4,8
horwisp01,2025,1,PIT,NL,108,364,55,99,26,0,11,51,0,1,44,73,1,2,0,1,7
hoskirh01,2024,1,MIL,NL,131,449,59,96,14,0,26,82,3,0,53,149,1,7,0,6,11
hoskirh01,2025,1,MIL,NL,90,279,30,66,12,1,12,43,2,1,38,91,2,5,0,6,6
hosmeer01,2023,1,CHN,NL,31,94,7,22,3,0,2,14,0,0,6,25,0,0,0,0,5
houckta01,2023,1,BOS,AL,21,0,0,0,0,0,0,0,0,0,0,0,0,0,0,0,0
houckta01,2024,1,BOS,AL,30,0,0,0,0,0,0,0,0,0,0,0,0,0,0,0,0
houckta01,2025,1,BOS,AL,9,0,0,0,0,0,0,0,0,0,0,0,0,0,0,0,0
housead01,2023,1,MIL,NL,23,0,0,0,0,0,0,0,0,0,0,0,0,0,0,0,0
housead01,2024,1,NYN,NL,23,0,0,0,0,0,0,0,0,0,0,0,0,0,0,0,0
housead01,2025,1,CHA,AL,11,0,0,0,0,0,0,0,0,0,0,0,0,0,0,0,0
housead01,2025,2,TBA,AL,10,0,0,0,0,0,0,0,0,0,0,0,0,0,0,0,0
housebr01,2025,1,WAS,NL,73,261,26,61,11,0,4,29,5,3,8,78,0,0,0,5,11
howarsp01,2023,1,TEX,AL,3,0,0,0,0,0,0,0,0,0,0,0,0,0,0,0,0
howarsp01,2024,1,SFN,NL,7,0,0,0,0,0,0,0,0,0,0,0,0,0,0,0,0
howarsp01,2024,2,CLE,AL,2,0,0,0,0,0,0,0,0,0,0,0,0,0,0,0,0
hudsobr01,2023,1,LAN,NL,6,0,0,0,0,0,0,0,0,0,0,0,0,0,0,0,0
hudsobr01,2024,1,MIL,NL,43,0,0,0,0,0,0,0,0,0,0,0,0,0,0,0,0
hudsobr01,2025,1,MIL,NL,12,0,0,0,0,0,0,0,0,0,0,0,0,0,0,0,0
hudsobr01,2025,2,CHA,AL,4,0,0,0,0,0,0,0,0,0,0,0,0,0,0,0,0
hudsoda01,2023,1,LAN,NL,3,0,0,0,0,0,0,0,0,0,0,0,0,0,0,0,0
hudsoda01,2024,1,LAN,NL,65,0,0,0,0,0,0,0,0,0,0,0,0,0,0,0,0
hudsoda02,2023,1,SLN,NL,18,0,0,0,0,0,0,0,0,0,0,0,0,0,0,0,0
hudsoda02,2024,1,COL,NL,18,0,0,0,0,0,0,0,0,0,0,0,0,0,0,0,0
hudsojo03,2024,1,NYN,NL,1,0,0,0,0,0,0,0,0,0,0,0,0,0,0,0,0
huffsa01,2023,1,TEX,AL,21,43,5,11,2,0,3,6,0,0,2,17,0,0,0,0,1
huffsa01,2024,1,TEX,AL,3,3,0,0,0,0,0,0,0,0,1,2,0,0,0,0,0
huffsa01,2025,1,SFN,NL,20,53,5,11,1,0,2,4,0,0,4,25,0,0,0,1,2
hughebr01,2023,1,CHN,NL,17,0,0,0,0,0,0,0,0,0,0,0,0,0,0,0,0
hughebr01,2024,1,ARI,NL,15,0,0,0,0,0,0,0,0,0,0,0,0,0,0,0,0
hummeco01,2023,1,SEA,AL,10,23,2,2,1,0,0,0,1,0,2,9,0,1,0,0,1
hummeco01,2024,1,HOU,AL,6,8,0,0,0,0,0,0,1,0,0,2,0,0,0,0,1
hummeco01,2025,1,BAL,AL,1,1,0,0,0,0,0,0,0,0,0,1,0,0,0,0,0
hummeco01,2025,2,HOU,AL,36,87,10,15,0,0,3,7,1,0,14,30,0,2,1,0,1
hunteto02,2023,1,NYN,NL,14,0,0,0,0,0,0,0,0,0,0,0,0,0,0,0,0
hurtebr01,2024,1,DET,AL,10,0,0,0,0,0,0,0,0,0,0,0,0,0,0,0,0
hurtebr01,2025,1,DET,AL,43,0,0,0,0,0,0,0,0,0,0,0,0,0,0,0,0
hurtky01,2023,1,LAN,NL,1,0,0,0,0,0,0,0,0,0,0,0,0,0,0,0,0
hurtky01,2024,1,LAN,NL,3,0,0,0,0,0,0,0,0,0,0,0,0,0,0,0,0
hurtuja01,2024,1,CIN,NL,29,54,7,10,1,1,0,4,2,0,6,18,0,3,4,1,0
hurtuja01,2025,1,CIN,NL,12,12,3,1,0,0,0,0,0,0,1,6,0,2,0,0,0
ibanean01,2023,1,DET,AL,114,356,42,94,23,2,11,41,1,0,24,69,0,1,1,1,7
ibanean01,2024,1,DET,AL,99,224,30,54,9,1,5,32,2,3,15,63,0,3,0,2,2
ibanean01,2025,1,DET,AL,91,176,24,42,8,0,4,21,4,1,12,26,0,4,0,1,6
iglesjo01,2024,1,NYN,NL,85,270,39,91,16,1,4,26,6,2,12,39,1,8,0,1,4
iglesjo01,2025,1,SDN,NL,112,306,29,70,11,0,3,36,5,1,24,56,0,7,4,2,7
iglesra01,2023,1,ATL,NL,58,0,0,0,0,0,0,0,0,0,0,0,0,0,0,0,0
iglesra01,2024,1,ATL,NL,66,0,0,0,0,0,0,0,0,0,0,0,0,0,0,0,0
iglesra01,2025,1,ATL,NL,70,0,0,0,0,0,0,0,0,0,0,0,0,0,0,0,0
imanash01,2024,1,CHN,NL,29,0,0,0,0,0,0,0,0,0,0,0,0,0,0,0,0
imanash01,2025,1,CHN,NL,25,0,0,0,0,0,0,0,0,0,0,0,0,0,0,0,0
indiajo01,2023,1,CIN,NL,119,454,78,111,23,0,17,61,14,2,52,109,0,16,0,7,13
indiajo01,2024,1,CIN,NL,151,533,84,132,28,2,15,58,13,2,80,125,0,15,2,7,16
indiajo01,2025,1,KCA,AL,136,497,63,116,29,0,9,45,0,4,54,106,0,13,1,2,10
ingrako01,2023,1,LAA,AL,5,0,0,0,0,0,0,0,0,0,0,0,0,0,0,0,0
iriarja01,2024,1,CHA,AL,6,0,0,0,0,0,0,0,0,0,0,0,0,0,0,0,0
irvinco01,2023,1,BAL,AL,24,0,0,0,0,0,0,0,0,0,0,0,0,0,0,0,0
irvinco01,2024,1,BAL,AL,25,0,0,0,0,0,0,0,0,0,0,0,0,0,0,0,0
irvinco01,2024,2,MIN,AL,4,0,0,0,0,0,0,0,0,0,0,0,0,0,0,0,0
irvinja01,2023,1,WAS,NL,24,0,0,0,0,0,0,0,0,0,0,0,0,0,0,0,0
irvinja01,2024,1,WAS,NL,33,0,0,0,0,0,0,0,0,0,0,0,0,0,0,0,0
irvinja01,2025,1,WAS,NL,33,0,0,0,0,0,0,0,0,0,0,0,0,0,0,0,0
isbelky01,2023,1,KCA,AL,91,292,45,70,22,2,5,34,7,1,17,59,0,1,1,2,5
isbelky01,2024,1,KCA,AL,136,384,62,88,13,8,8,42,11,2,27,88,0,5,8,2,4
isbelky01,2025,1,KCA,AL,135,368,42,94,16,4,4,33,4,5,23,74,0,2,13,3,7
jacksal02,2024,1,TBA,AL,58,139,17,17,7,0,3,12,1,0,12,53,0,2,1,1,2
jacksal02,2025,1,BAL,AL,37,91,17,20,8,0,5,8,0,0,5,37,0,4,0,0,2
jacksan01,2023,1,LAN,NL,7,0,0,0,0,0,0,0,0,0,0,0,0,0,0,0,0
jacksan01,2023,2,PIT,NL,12,0,0,0,0,0,0,0,0,0,0,0,0,0,0,0,0
jacksja01,2023,1,TOR,AL,25,0,0,0,0,0,0,0,0,0,0,0,0,0,0,0,0
jacksja01,2024,1,MIN,AL,20,0,0,0,0,0,0,0,0,0,0,0,0,0,0,0,0
jacksje02,2025,1,BAL,AL,48,170,20,47,10,2,5,21,0,2,11,50,0,2,0,0,6
jackslu01,2023,1,SFN,NL,33,0,0,0,0,0,0,0,0,0,0,0,0,0,0,0,0
jackslu01,2024,1,SFN,NL,36,0,0,0,0,0,0,0,0,0,0,0,0,0,0,0,0
jackslu01,2024,2,ATL,NL,16,0,0,0,0,0,0,0,0,0,0,0,0,0,0,0,0
jackslu01,2025,1,TEX,AL,39,0,0,0,0,0,0,0,0,0,0,0,0,0,0,0,0
jackslu01,2025,2,DET,AL,3,0,0,0,0,0,0,0,0,0,0,0,0,0,0,0,0
jackslu01,2025,3,SEA,AL,10,0,0,0,0,0,0,0,0,0,0,0,0,0,0,0,0
jacksza02,2023,1,OAK,AL,19,0,0,0,0,0,0,0,0,0,0,0,0,0,0,0,0
jacobal01,2023,1,SDN,NL,3,0,0,0,0,0,0,0,0,0,0,0,0,0,0,0,0
jacobal01,2024,1,SDN,NL,7,0,0,0,0,0,0,0,0,0,0,0,0,0,0,0,0
jacobal01,2025,1,SDN,NL,29,0,0,0,0,0,0,0,0,0,0,0,0,0,0,0,0
jacqujo01,2023,1,BOS,AL,23,0,0,0,0,0,0,0,0,0,0,0,0,0,0,0,0
jacqujo01,2024,1,BOS,AL,1,0,0,0,0,0,0,0,0,0,0,0,0,0,0,0,0
jacqujo01,2024,2,ARI,NL,1,0,0,0,0,0,0,0,0,0,0,0,0,0,0,0,0
jamesdr01,2023,1,ARI,NL,15,0,0,0,0,0,0,0,0,0,0,0,0,0,0,0,0
jamesdr01,2025,1,ARI,NL,3,0,0,0,0,0,0,0,0,0,0,0,0,0,0,0,0
jankotr01,2023,1,TEX,AL,107,247,34,65,12,1,1,30,19,1,35,42,0,2,1,2,6
jankotr01,2024,1,TEX,AL,104,190,19,38,5,0,1,12,11,1,12,44,0,5,0,0,3
jankotr01,2025,1,CHA,AL,7,14,1,3,0,0,0,0,0,0,1,3,0,0,0,0,0
jankotr01,2025,2,TBA,AL,14,31,6,8,2,0,0,2,2,0,2,9,0,0,0,1,0
jankotr01,2025,3,NYN,NL,5,0,1,0,0,0,0,0,0,0,0,0,0,0,1,0,0
janseda01,2023,1,TOR,AL,86,268,38,61,15,0,17,53,0,0,23,62,1,10,0,0,3
janseda01,2024,1,TOR,AL,62,198,27,42,13,0,6,18,0,0,25,42,0,2,0,3,1
janseda01,2024,2,BOS,AL,30,80,8,15,0,0,3,6,0,0,15,19,0,1,0,0,3
janseda01,2025,1,TBA,AL,73,221,28,45,8,0,11,29,0,0,33,68,0,3,1,1,4
janseda01,2025,2,MIL,NL,25,67,10,17,3,0,3,7,0,0,9,18,0,1,0,1,1
janseke01,2023,1,BOS,AL,51,0,0,0,0,0,0,0,0,0,0,0,0,0,0,0,0
janseke01,2024,1,BOS,AL,54,0,0,0,0,0,0,0,0,0,0,0,0,0,0,0,0
janseke01,2025,1,LAA,AL,62,0,0,0,0,0,0,0,0,0,0,0,0,0,0,0,0
jarvibr01,2023,1,ARI,NL,11,0,0,0,0,0,0,0,0,0,0,0,0,0,0,0,0
jarvibr01,2024,1,ARI,NL,44,0,0,0,0,0,0,0,0,0,0,0,0,0,0,0,0
jarvibr01,2025,1,ARI,NL,12,0,0,0,0,0,0,0,0,0,0,0,0,0,0,0,0
javiecr01,2023,1,HOU,AL,31,0,0,0,0,0,0,0,0,0,0,0,0,0,0,0,0
javiecr01,2024,1,HOU,AL,7,0,0,0,0,0,0,0,0,0,0,0,0,0,0,0,0
javiecr01,2025,1,HOU,AL,8,0,0,0,0,0,0,0,0,0,0,0,0,0,0,0,0
jaxgr01,2023,1,MIN,AL,71,0,0,0,0,0,0,0,0,0,0,0,0,0,0,0,0
jaxgr01,2024,1,MIN,AL,72,0,0,0,0,0,0,0,0,0,0,0,0,0,0,0,0
jaxgr01,2025,1,MIN,AL,50,0,0,0,0,0,0,0,0,0,0,0,0,0,0,0,0
jaxgr01,2025,2,TBA,AL,23,0,0,0,0,0,0,0,0,0,0,0,0,0,0,0,0
jayty01,2024,1,NYN,NL,3,0,0,0,0,0,0,0,0,0,0,0,0,0,0,0,0
jayty01,2024,2,MIL,NL,2,0,0,0,0,0,0,0,0,0,0,0,0,0,0,0,0
jeffeda01,2024,1,SFN,NL,2,0,0,0,0,0,0,0,0,0,0,0,0,0,0,0,0
jeffeda01,2024,2,PIT,NL,4,0,0,0,0,0,0,0,0,0,0,0,0,0,0,0,0
jeffery01,2023,1,MIN,AL,96,286,46,79,15,2,14,43,3,2,33,93,1,10,4,2,6
jeffery01,2024,1,MIN,AL,122,412,56,93,22,0,21,64,3,0,32,94,0,14,1,6,9
jeffery01,2025,1,MIN,AL,119,406,47,108,26,0,9,47,1,1,50,91,1,7,0,1,9
jenseca01,2025,1,KCA,AL,20,60,12,18,6,0,3,13,0,0,9,12,0,0,0,0,1
jimenda02,2023,1,OAK,AL,25,0,0,0,0,0,0,0,0,0,0,0,0,0,0,0,0
jimenda02,2024,1,OAK,AL,25,0,0,0,0,0,0,0,0,0,0,0,0,0,0,0,0
jimenel02,2023,1,CHA,AL,120,456,50,124,23,0,18,64,0,0,30,93,2,1,0,2,13
jimenel02,2024,1,CHA,AL,65,229,18,55,9,0,5,16,3,0,18,47,1,1,0,1,11
jimenel02,2024,2,BAL,AL,33,95,7,22,5,0,1,7,0,0,4,23,0,1,0,0,2
jimenjo02,2023,1,ATL,NL,59,0,0,0,0,0,0,0,0,0,0,0,0,0,0,0,0
jimenjo02,2024,1,ATL,NL,69,0,0,0,0,0,0,0,0,0,0,0,0,0,0,0,0
jimenle01,2024,1,TOR,AL,63,179,18,41,11,0,4,19,0,0,12,59,0,16,0,3,6
jimenle01,2025,1,TOR,AL,18,29,2,2,0,0,1,1,0,0,2,8,0,0,1,0,1
jobeja01,2024,1,DET,AL,2,0,0,0,0,0,0,0,0,0,0,0,0,0,0,0,0
jobeja01,2025,1,DET,AL,10,0,0,0,0,0,0,0,0,0,0,0,0,0,0,0,0
joeco01,2023,1,PIT,NL,133,413,63,102,31,4,11,42,3,5,50,110,0,8,0,1,4
joeco01,2024,1,PIT,NL,123,364,49,83,22,1,9,36,2,2,44,91,1,6,0,2,7
joeco01,2025,1,SDN,NL,7,9,0,0,0,0,0,0,0,0,1,6,0,0,0,0,0
joeco01,2025,2,CIN,NL,35,61,2,13,4,0,0,4,2,2,6,14,0,1,0,2,2
johnsbr03,2023,1,SFN,NL,30,43,7,7,1,0,1,3,3,0,4,15,0,0,0,1,0
johnsbr03,2024,1,SDN,NL,47,63,9,13,2,0,0,4,1,1,7,12,0,0,3,0,1
johnsbr03,2025,1,SDN,NL,55,76,9,26,4,0,1,8,4,1,3,19,0,2,3,0,1
johnsda07,2024,1,BAL,AL,1,1,1,0,0,0,0,0,0,0,0,0,0,0,0,0,0
johnsda07,2025,1,SFN,NL,14,29,5,5,2,0,1,1,1,0,2,8,0,0,0,0,0
johnsda07,2025,2,BAL,AL,17,24,8,5,1,0,0,0,1,1,2,5,0,0,0,0,0
johnspi01,2023,1,COL,NL,43,0,0,0,0,0,0,0,0,0,0,0,0,0,0,0,0
johnspi01,2023,2,ATL,NL,24,0,0,0,0,0,0,0,0,0,0,0,0,0,0,0,0
johnspi01,2024,1,ATL,NL,58,0,0,0,0,0,0,0,0,0,0,0,0,0,0,0,0
johnspi01,2025,1,ATL,NL,65,0,0,0,0,0,0,0,0,0,0,0,0,0,0,0,0
johnsry01,2025,1,LAA,AL,14,0,0,0,0,0,0,0,0,0,0,0,0,0,0,0,0
johnsse01,2024,1,PHI,NL,1,0,0,0,0,0,0,0,0,0,0,0,0,0,0,0,0
johnsse01,2025,1,PHI,NL,10,0,0,0,0,0,0,0,0,0,0,0,0,0,0,0,0
johnstr02,2025,1,MIA,NL,44,112,12,31,2,1,4,13,2,2,8,26,0,1,0,0,1
jonesgr02,2024,1,COL,NL,6,5,1,1,0,0,1,1,0,0,1,4,0,0,0,0,0
jonesgr02,2025,1,CHA,AL,3,2,0,0,0,0,0,0,1,0,0,2,0,0,0,0,0
jonesja08,2023,1,MIL,NL,7,10,2,2,1,0,0,3,1,0,1,5,0,0,0,0,0
jonesja08,2024,1,NYA,AL,33,42,8,10,1,1,1,4,1,1,2,16,0,2,1,0,0
jonesja08,2025,1,DET,AL,72,129,21,37,11,1,7,23,2,0,18,32,1,3,0,0,3
jonesja09,2024,1,PIT,NL,22,0,0,0,0,0,0,0,0,0,0,0,0,0,0,0,0
jonesno01,2023,1,COL,NL,106,367,60,109,22,4,20,62,20,4,53,126,3,3,0,1,1
jonesno01,2024,1,COL,NL,79,256,28,58,13,1,3,28,5,4,36,91,2,1,1,3,7
jonesno01,2025,1,CLE,AL,136,355,34,75,14,2,5,34,8,3,39,113,1,5,1,3,6
jordale01,2024,1,CIN,NL,7,10,1,1,1,0,0,1,0,0,0,3,0,0,0,1,0
joycebe01,2023,1,LAA,AL,12,0,0,0,0,0,0,0,0,0,0,0,0,0,0,0,0
joycebe01,2024,1,LAA,AL,31,0,0,0,0,0,0,0,0,0,0,0,0,0,0,0,0
joycebe01,2025,1,LAA,AL,5,0,0,0,0,0,0,0,0,0,0,0,0,0,0,0,0
judgeaa01,2023,1,NYA,AL,106,367,79,98,16,0,37,75,3,1,88,130,9,0,0,3,5
judgeaa01,2024,1,NYA,AL,158,559,122,180,36,1,58,144,10,0,133,171,20,9,0,2,22
judgeaa01,2025,1,NYA,AL,152,541,137,179,30,2,53,114,12,5,124,160,36,7,0,7,16
julieed01,2023,1,MIN,AL,109,338,60,89,16,1,16,37,3,0,64,128,0,2,1,3,8
julieed01,2024,1,MIN,AL,94,266,36,53,9,0,8,21,6,0,33,102,0,2,0,0,2
julieed01,2025,1,MIN,AL,64,182,13,40,10,0,3,12,0,3,22,61,0,2,1,1,3
julksco01,2023,1,HOU,AL,93,298,35,73,14,0,6,33,15,3,22,75,0,1,0,2,6
julksco01,2024,1,CHA,AL,66,173,17,37,7,0,3,14,5,2,15,50,0,0,0,1,6
julksco01,2025,1,CHA,AL,6,12,2,3,2,0,0,1,0,0,0,3,0,0,0,1,0
jungja01,2024,1,DET,AL,34,79,14,19,5,0,0,3,0,1,15,29,0,0,0,0,3
jungja01,2025,1,DET,AL,21,47,8,5,0,0,0,3,0,0,7,16,0,1,0,0,2
jungjo01,2023,1,TEX,AL,122,478,75,127,25,1,23,70,1,3,30,151,0,5,0,2,7
jungjo01,2024,1,TEX,AL,46,178,19,47,5,1,7,16,4,0,8,48,0,1,0,1,1
jungjo01,2025,1,TEX,AL,131,482,53,121,23,1,14,61,4,1,27,129,0,2,0,0,10
junisja01,2023,1,SFN,NL,40,0,0,0,0,0,0,0,0,0,0,0,0,0,0,0,0
junisja01,2024,1,MIL,NL,10,0,0,0,0,0,0,0,0,0,0,0,0,0,0,0,0
junisja01,2024,2,CIN,NL,14,0,0,0,0,0,0,0,0,0,0,0,0,0,0,0,0
junisja01,2025,1,CLE,AL,57,0,0,0,0,0,0,0,0,0,0,0,0,0,0,0,0
junkja01,2023,1,MIL,NL,2,0,0,0,0,0,0,0,0,0,0,0,0,0,0,0,0
junkja01,2024,1,MIL,NL,5,0,0,0,0,0,0,0,0,0,0,0,0,0,0,0,0
junkja01,2024,2,OAK,AL,1,0,0,0,0,0,0,0,0,0,0,0,0,0,0,0,0
junkja01,2025,1,MIA,NL,21,0,0,0,0,0,0,0,0,0,0,0,0,0,0,0,0
justiev01,2023,1,COL,NL,9,0,0,0,0,0,0,0,0,0,0,0,0,0,0,0,0
justiev01,2024,1,COL,NL,1,0,0,0,0,0,0,0,0,0,0,0,0,0,0,0,0
kahnlto01,2023,1,NYA,AL,42,0,0,0,0,0,0,0,0,0,0,0,0,0,0,0,0
kahnlto01,2024,1,NYA,AL,50,0,0,0,0,0,0,0,0,0,0,0,0,0,0,0,0
kahnlto01,2025,1,DET,AL,66,0,0,0,0,0,0,0,0,0,0,0,0,0,0,0,0
kaiseco01,2023,1,COL,NL,3,4,0,0,0,0,0,0,0,0,0,2,0,0,0,0,0
kaiseco01,2025,1,ARI,NL,11,18,1,2,1,0,0,2,0,0,1,5,0,0,0,0,1
kaprija01,2023,1,OAK,AL,14,0,0,0,0,0,0,0,0,0,0,0,0,0,0,0,0
karchri01,2023,1,CIN,NL,1,0,0,0,0,0,0,0,0,0,0,0,0,0,0,0,0
karinja01,2023,1,CLE,AL,44,0,0,0,0,0,0,0,0,0,0,0,0,0,0,0,0
karroky01,2025,1,COL,NL,43,137,20,31,4,0,1,9,0,0,15,41,0,2,0,2,5
kauffka01,2023,1,COL,NL,11,0,0,0,0,0,0,0,0,0,0,0,0,0,0,0,0
kavadni01,2024,1,LAA,AL,30,93,11,17,2,0,4,8,1,0,11,41,0,2,0,0,0
kavadni01,2025,1,LAA,AL,10,20,0,2,0,0,0,0,0,0,3,10,0,0,0,0,0
kayan01,2023,1,CHN,NL,13,0,0,0,0,0,0,0,0,0,0,0,0,0,0,0,0
kayan01,2023,2,NYN,NL,3,0,0,0,0,0,0,0,0,0,0,0,0,0,0,0,0
kayfucj01,2025,1,CLE,AL,44,123,16,27,10,1,4,19,4,0,11,38,0,2,1,1,0
keasclu01,2025,1,MIN,AL,49,182,25,55,14,0,4,28,14,3,19,29,0,5,0,1,4
keirsda01,2024,1,MIN,AL,6,13,1,2,0,0,1,1,0,0,0,1,0,1,0,0,0
keirsda01,2025,1,MIN,AL,74,84,11,9,0,0,2,6,10,3,2,33,0,1,1,0,1
keithco01,2024,1,DET,AL,148,516,54,134,15,4,13,61,7,1,36,110,2,2,0,2,4
keithco01,2025,1,DET,AL,137,414,65,106,22,2,13,45,1,1,48,102,1,2,0,4,7
kelenja01,2023,1,SEA,AL,105,372,44,94,25,2,11,49,13,5,41,132,4,1,0,2,6
kelenja01,2024,1,ATL,NL,131,412,49,95,18,2,15,45,7,2,32,133,1,1,1,3,5
kelenja01,2025,1,ATL,NL,24,60,7,10,2,0,2,2,0,1,5,23,0,0,0,0,1
kellebr01,2023,1,KCA,AL,11,0,0,0,0,0,0,0,0,0,0,0,0,0,0,0,0
kellebr01,2024,1,CHA,AL,5,0,0,0,0,0,0,0,0,0,0,0,0,0,0,0,0
kellebr01,2024,2,BOS,AL,11,0,0,0,0,0,0,0,0,0,0,0,0,0,0,0,0
kellebr01,2025,1,CHN,NL,68,0,0,0,0,0,0,0,0,0,0,0,0,0,0,0,0
kellemi03,2023,1,PIT,NL,32,0,0,0,0,0,0,0,0,0,0,0,0,0,0,0,0
kellemi03,2024,1,PIT,NL,31,0,0,0,0,0,0,0,0,0,0,0,0,0,0,0,0
kellemi03,2025,1,PIT,NL,32,0,0,0,0,0,0,0,0,0,0,0,0,0,0,0,0
kelletr01,2023,1,TBA,AL,10,0,0,0,0,0,0,0,0,0,0,0,0,0,0,0,0
kellyca01,2024,1,CIN,NL,2,0,0,0,0,0,0,0,0,0,0,0,0,0,0,0,0
kellyca01,2025,1,ARI,NL,2,0,0,0,0,0,0,0,0,0,0,0,0,0,0,0,0
kellyca02,2023,1,ARI,NL,33,84,6,19,3,0,1,6,1,0,7,23,0,0,0,1,2
kellyca02,2023,2,DET,AL,19,52,7,9,2,0,1,7,0,0,7,17,0,0,0,0,0
kellyca02,2024,1,DET,AL,60,179,21,43,4,1,7,29,0,0,17,40,0,6,0,1,3
kellyca02,2024,2,TEX,AL,31,102,11,24,5,0,2,8,0,0,8,15,0,0,0,0,3
kellyca02,2025,1,CHN,NL,111,369,48,92,13,1,17,50,2,0,45,80,0,3,0,4,11
kellyjo05,2023,1,CHA,AL,31,0,0,0,0,0,0,0,0,0,0,0,0,0,0,0,0
kellyjo05,2023,2,LAN,NL,11,0,0,0,0,0,0,0,0,0,0,0,0,0,0,0,0
kellyjo05,2024,1,LAN,NL,35,0,0,0,0,0,0,0,0,0,0,0,0,0,0,0,0
kellyke02,2023,1,TBA,AL,57,0,0,0,0,0,0,0,0,0,0,0,0,0,0,0,0
kellyke02,2024,1,TBA,AL,68,0,0,0,0,0,0,0,0,0,0,0,0,0,0,0,0
kellyke02,2025,1,TBA,AL,41,0,0,0,0,0,0,0,0,0,0,0,0,0,0,0,0
kellyme01,2023,1,ARI,NL,30,0,0,0,0,0,0,0,0,0,0,0,0,0,0,0,0
kellyme01,2024,1,ARI,NL,13,0,0,0,0,0,0,0,0,0,0,0,0,0,0,0,0
kellyme01,2025,1,ARI,NL,22,0,0,0,0,0,0,0,0,0,0,0,0,0,0,0,0
kellyme01,2025,2,TEX,AL,10,0,0,0,0,0,0,0,0,0,0,0,0,0,0,0,0
kellymi03,2023,1,CLE,AL,14,0,0,0,0,0,0,0,0,0,0,0,0,0,0,0,0
kellymi03,2024,1,OAK,AL,28,0,0,0,0,0,0,0,0,0,0,0,0,0,0,0,0
kellymi03,2025,1,ATH,AL,42,0,0,0,0,0,0,0,0,0,0,0,0,0,0,0,0
kellyza01,2023,1,BOS,AL,8,0,0,0,0,0,0,0,0,0,0,0,0,0,0,0,0
kellyza01,2024,1,BOS,AL,49,0,0,0,0,0,0,0,0,0,0,0,0,0,0,0,0
kellyza01,2025,1,BOS,AL,28,0,0,0,0,0,0,0,0,0,0,0,0,0,0,0,0
kempot01,2025,1,PHI,NL,62,197,26,46,11,0,8,28,2,2,12,67,0,7,0,2,4
kempto01,2023,1,OAK,AL,124,359,42,75,13,3,5,27,15,4,44,40,0,6,7,3,9
kempto01,2024,1,BAL,AL,5,9,1,0,0,0,0,0,0,0,1,1,0,0,0,0,0
kennebr02,2023,1,CIN,NL,5,0,0,0,0,0,0,0,0,0,0,0,0,0,0,0,0
kennebu01,2023,1,ARI,NL,10,24,1,4,1,0,0,1,0,0,4,6,0,1,0,0,0
kennebu01,2024,1,DET,AL,6,10,2,2,0,0,1,4,1,0,2,4,0,0,0,1,0
kennebu01,2024,2,PHI,NL,8,11,1,2,1,0,0,2,0,0,2,3,0,0,0,0,0
kennebu01,2025,1,PHI,NL,4,7,0,0,0,0,0,0,0,0,1,2,0,0,0,0,0
kennebu01,2025,2,TOR,AL,2,5,1,1,1,0,0,0,0,0,1,1,0,0,0,0,0
kennebu01,2025,3,LAN,NL,7,17,1,1,0,0,0,1,0,0,0,5,0,1,0,0,0
kenneia01,2023,1,TEX,AL,16,0,0,0,0,0,0,0,0,0,0,0,0,0,0,0,0
kentza01,2025,1,CLE,AL,12,0,0,0,0,0,0,0,0,0,0,0,0,0,0,0,0
keplema01,2023,1,MIN,AL,130,438,72,114,22,2,24,66,1,1,45,106,0,4,0,4,9
keplema01,2024,1,MIN,AL,105,368,43,93,21,1,8,42,1,0,22,80,0,5,0,3,3
keplema01,2025,1,PHI,NL,127,417,58,90,19,0,18,52,3,0,48,93,3,4,1,4,10
kerkeor01,2023,1,PHI,NL,3,0,0,0,0,0,0,0,0,0,0,0,0,0,0,0,0
kerkeor01,2024,1,PHI,NL,64,0,0,0,0,0,0,0,0,0,0,0,0,0,0,0,0
kerkeor01,2025,1,PHI,NL,69,0,0,0,0,0,0,0,0,0,0,0,0,0,0,0,0
kerrra01,2023,1,SDN,NL,22,0,0,0,0,0,0,0,0,0,0,0,0,0,0,0,0
kerrra01,2024,1,ATL,NL,10,0,0,0,0,0,0,0,0,0,0,0,0,0,0,0,0
kershcl01,2023,1,LAN,NL,24,0,0,0,0,0,0,0,0,0,0,0,0,0,0,0,0
kershcl01,2024,1,LAN,NL,7,0,0,0,0,0,0,0,0,0,0,0,0,0,0,0,0
kershcl01,2025,1,LAN,NL,23,0,0,0,0,0,0,0,0,0,0,0,0,0,0,0,0
kessigr01,2023,1,HOU,AL,26,40,3,8,2,0,1,1,0,1,5,12,0,0,0,0,0
kessigr01,2024,1,HOU,AL,23,21,4,0,0,0,0,0,0,0,3,7,0,1,0,0,1
keuchda01,2023,1,MIN,AL,10,0,0,0,0,0,0,0,0,0,0,0,0,0,0,0,0
keuchda01,2024,1,MIL,NL,4,0,0,0,0,0,0,0,0,0,0,0,0,0,0,0,0
kieboca01,2023,1,WAS,NL,27,87,12,18,2,0,4,11,0,0,6,27,0,1,0,0,2
kieboca01,2025,1,LAA,AL,3,8,0,2,0,0,0,1,0,0,0,1,0,0,0,0,0
kiermke01,2023,1,TOR,AL,129,370,58,98,21,6,8,36,14,1,29,86,0,4,1,4,9
kiermke01,2024,1,TOR,AL,82,200,24,39,7,2,4,18,5,0,10,66,0,1,5,1,3
kiermke01,2024,2,LAN,NL,34,59,7,12,2,1,1,8,1,2,2,20,0,1,2,0,1
kikucyu01,2023,1,TOR,AL,32,0,0,0,0,0,0,0,0,0,0,0,0,0,0,0,0
kikucyu01,2024,1,TOR,AL,22,0,0,0,0,0,0,0,0,0,0,0,0,0,0,0,0
kikucyu01,2024,2,HOU,AL,10,0,0,0,0,0,0,0,0,0,0,0,0,0,0,0,0
kikucyu01,2025,1,LAA,AL,33,0,0,0,0,0,0,0,0,0,0,0,0,0,0,0,0
kiliaca01,2023,1,CHN,NL,3,0,0,0,0,0,0,0,0,0,0,0,0,0,0,0,0
kiliaca01,2024,1,CHN,NL,2,0,0,0,0,0,0,0,0,0,0,0,0,0,0,0,0
kimbrcr01,2023,1,PHI,NL,71,0,0,0,0,0,0,0,0,0,0,0,0,0,0,0,0
kimbrcr01,2024,1,BAL,AL,57,0,0,0,0,0,0,0,0,0,0,0,0,0,0,0,0
kimbrcr01,2025,1,ATL,NL,1,0,0,0,0,0,0,0,0,0,0,0,0,0,0,0,0
kimbrcr01,2025,2,HOU,AL,13,0,0,0,0,0,0,0,0,0,0,0,0,0,0,0,0
kimha01,2023,1,SDN,NL,152,538,84,140,23,0,17,60,38,9,75,124,1,3,5,5,7
kimha01,2024,1,SDN,NL,121,403,60,94,16,3,11,47,22,5,58,77,4,2,4,3,8
kimha01,2025,1,TBA,AL,24,84,5,18,3,0,2,5,6,1,8,23,0,1,0,0,0
kimha01,2025,2,ATL,NL,24,87,14,22,1,0,3,12,0,1,8,16,0,1,0,2,2
kimhy02,2025,1,LAN,NL,71,161,19,45,6,1,3,17,13,1,7,52,0,1,1,0,0
kineris01,2023,1,NYA,AL,115,326,39,79,12,1,6,37,14,5,28,70,0,3,1,3,12
kineris01,2024,1,TOR,AL,83,257,32,75,8,2,7,33,3,1,13,37,0,6,3,2,9
kineris01,2024,2,PIT,NL,50,208,21,50,10,2,1,10,8,1,3,41,0,4,0,0,3
kineris01,2025,1,PIT,NL,119,401,40,106,20,2,1,35,15,4,17,69,0,4,5,1,9
kineris01,2025,2,TOR,AL,19,30,5,7,1,0,1,5,0,0,0,8,0,1,0,0,0
kingbr01,2024,1,HOU,AL,28,0,0,0,0,0,0,0,0,0,0,0,0,0,0,0,0
kingbr01,2025,1,HOU,AL,68,0,0,0,0,0,0,0,0,0,0,0,0,0,0,0,0
kingesc01,2025,1,LAA,AL,19,27,3,4,1,0,0,0,1,1,2,11,0,0,0,0,1
kingjo01,2023,1,TEX,AL,15,0,0,0,0,0,0,0,0,0,0,0,0,0,0,0,0
kingjo01,2023,2,SLN,NL,20,0,0,0,0,0,0,0,0,0,0,0,0,0,0,0,0
kingjo01,2024,1,SLN,NL,56,0,0,0,0,0,0,0,0,0,0,0,0,0,0,0,0
kingjo01,2025,1,SLN,NL,51,0,0,0,0,0,0,0,0,0,0,0,0,0,0,0,0
kingmi01,2023,1,NYA,AL,49,0,0,0,0,0,0,0,0,0,0,0,0,0,0,0,0
kingmi01,2024,1,SDN,NL,31,0,0,0,0,0,0,0,0,0,0,0,0,0,0,0,0
kingmi01,2025,1,SDN,NL,15,0,0,0,0,0,0,0,0,0,0,0,0,0,0,0,0
kinlety01,2023,1,COL,NL,18,0,0,0,0,0,0,0,0,0,0,0,0,0,0,0,0
kinlety01,2024,1,COL,NL,67,0,0,0,0,0,0,0,0,0,0,0,0,0,0,0,0
kinlety01,2025,1,COL,NL,49,0,0,0,0,0,0,0,0,0,0,0,0,0,0,0,0
kinlety01,2025,2,ATL,NL,24,0,0,0,0,0,0,0,0,0,0,0,0,0,0,0,0
kirbyge01,2023,1,SEA,AL,31,0,0,0,0,0,0,0,0,0,0,0,0,0,0,0,0
kirbyge01,2024,1,SEA,AL,33,0,0,0,0,0,0,0,0,0,0,0,0,0,0,0,0
kirbyge01,2025,1,SEA,AL,23,0,0,0,0,0,0,0,0,0,0,0,0,0,0,0,0
kirilal01,2023,1,MIN,AL,88,281,35,76,14,1,11,41,1,0,28,80,1,7,0,3,2
kirilal01,2024,1,MIN,AL,57,159,20,32,8,3,5,20,0,0,15,47,0,1,0,3,5
kirkal01,2023,1,TOR,AL,123,372,34,93,16,0,8,43,0,0,42,45,1,6,0,2,21
kirkal01,2024,1,TOR,AL,103,340,23,86,19,1,5,54,0,0,35,51,1,2,0,9,11
kirkal01,2025,1,TOR,AL,130,451,45,127,18,0,15,76,1,0,48,59,2,1,0,6,16
kitchau01,2024,1,MIA,NL,4,0,0,0,0,0,0,0,0,0,0,0,0,0,0,0,0
kittran01,2023,1,TBA,AL,14,0,0,0,0,0,0,0,0,0,0,0,0,0,0,0,0
kittran01,2024,1,SLN,NL,74,0,0,0,0,0,0,0,0,0,0,0,0,0,0,0,0
kittran01,2025,1,BAL,AL,31,0,0,0,0,0,0,0,0,0,0,0,0,0,0,0,0
kittran01,2025,2,CHN,NL,23,0,0,0,0,0,0,0,0,0,0,0,0,0,0,0,0
kjershe01,2023,1,BAL,AL,13,30,3,7,1,0,2,3,0,0,2,10,0,0,0,0,0
kjershe01,2024,1,BAL,AL,39,99,8,25,2,0,4,14,1,0,10,33,2,5,0,0,0
kjershe01,2025,1,BAL,AL,54,156,16,30,5,2,4,19,1,0,6,45,0,4,0,1,9
kleinwi01,2024,1,KCA,AL,5,0,0,0,0,0,0,0,0,0,0,0,0,0,0,0,0
kleinwi01,2024,2,OAK,AL,3,0,0,0,0,0,0,0,0,0,0,0,0,0,0,0,0
kleinwi01,2025,1,LAN,NL,14,0,0,0,0,0,0,0,0,0,0,0,0,0,0,0,0
kloffad01,2024,1,SLN,NL,1,0,0,0,0,0,0,0,0,0,0,0,0,0,0,0,0
klubeco01,2023,1,BOS,AL,15,0,0,0,0,0,0,0,0,0,0,0,0,0,0,0,0
knackla01,2024,1,LAN,NL,15,0,0,0,0,0,0,0,0,0,0,0,0,0,0,0,0
knackla01,2025,1,LAN,NL,10,0,0,0,0,0,0,0,0,0,0,0,0,0,0,0,0
knappan01,2024,1,SFN,NL,3,6,0,1,0,0,0,0,0,0,0,2,0,0,0,0,0
knehrre01,2023,1,SDN,NL,4,0,0,0,0,0,0,0,0,0,0,0,0,0,0,0,0
kniznan01,2023,1,SLN,NL,70,224,30,54,11,0,10,31,2,0,12,62,0,3,1,1,8
kniznan01,2024,1,TEX,AL,37,90,5,15,1,0,1,9,0,0,1,22,0,1,0,1,2
kniznan01,2025,1,SFN,NL,33,77,12,17,1,1,1,5,0,0,7,10,0,2,1,1,0
kochaja01,2024,1,LAA,AL,11,0,0,0,0,0,0,0,0,0,0,0,0,0,0,0,0
kochaja01,2025,1,LAA,AL,23,0,0,0,0,0,0,0,0,0,0,0,0,0,0,0,0
kochgr01,2024,1,PIT,NL,3,7,1,0,0,0,0,0,0,0,1,6,0,0,0,0,0
kochma01,2023,1,COL,NL,39,0,0,0,0,0,0,0,0,0,0,0,0,0,0,0,0
kochma01,2024,1,COL,NL,2,0,0,0,0,0,0,0,0,0,0,0,0,0,0,0,0
koenija01,2024,1,MIL,NL,55,0,0,0,0,0,0,0,0,0,0,0,0,0,0,0,0
koenija01,2025,1,MIL,NL,72,0,0,0,0,0,0,0,0,0,0,0,0,0,0,0,0
kohlwta01,2023,1,SDN,NL,5,13,0,2,0,0,0,0,0,0,0,5,0,0,0,0,0
kolarad01,2023,1,LAN,NL,1,0,0,0,0,0,0,0,0,0,0,0,0,0,0,0,0
kolarad01,2023,2,NYN,NL,4,0,0,0,0,0,0,0,0,0,0,0,0,0,0,0,0
kolekst01,2024,1,SDN,NL,42,0,0,0,0,0,0,0,0,0,0,0,0,0,0,0,0
kolekst01,2025,1,SDN,NL,14,0,0,0,0,0,0,0,0,0,0,0,0,0,0,0,0
kolekst01,2025,2,KCA,AL,5,0,0,0,0,0,0,0,0,0,0,0,0,0,0,0,0
kolozma01,2023,1,BAL,AL,1,0,0,0,0,0,0,0,0,0,0,0,0,0,0,0,0
kopecmi01,2023,1,CHA,AL,30,0,0,0,0,0,0,0,0,0,0,0,0,0,0,0,0
kopecmi01,2024,1,CHA,AL,43,0,0,0,0,0,0,0,0,0,0,0,0,0,0,0,0
kopecmi01,2024,2,LAN,NL,24,0,0,0,0,0,0,0,0,0,0,0,0,0,0,0,0
kopecmi01,2025,1,LAN,NL,14,0,0,0,0,0,0,0,0,0,0,0,0,0,0,0,0
kossch01,2025,1,SFN,NL,76,174,25,46,9,0,3,23,4,1,9,45,0,3,3,2,4
kowarja01,2023,1,KCA,AL,23,0,0,0,0,0,0,0,0,0,0,0,0,0,0,0,0
kowarja01,2025,1,SEA,AL,15,0,0,0,0,0,0,0,0,0,0,0,0,0,0,0,0
kranima01,2025,1,NYN,NL,24,0,0,0,0,0,0,0,0,0,0,0,0,0,0,0,0
kraveev01,2024,1,CIN,NL,1,0,0,0,0,0,0,0,0,0,0,0,0,0,0,0,0
krehbjo01,2023,1,BAL,AL,6,0,0,0,0,0,0,0,0,0,0,0,0,0,0,0,0
kreidry01,2023,1,DET,AL,11,18,2,2,0,0,0,0,0,0,0,7,0,0,0,0,0
kreidry01,2024,1,DET,AL,35,59,9,7,0,0,1,2,5,3,6,19,0,0,0,0,2
kreidry01,2025,1,DET,AL,17,38,5,4,0,0,0,0,2,0,4,19,0,0,2,0,0
kremede01,2023,1,BAL,AL,32,0,0,0,0,0,0,0,0,0,0,0,0,0,0,0,0
kremede01,2024,1,BAL,AL,24,0,0,0,0,0,0,0,0,0,0,0,0,0,0,0,0
kremede01,2025,1,BAL,AL,31,0,0,0,0,0,0,0,0,0,0,0,0,0,0,0,0
kriskbr01,2023,1,KCA,AL,4,0,0,0,0,0,0,0,0,0,0,0,0,0,0,0,0
kriskbr01,2025,1,CHN,NL,4,0,0,0,0,0,0,0,0,0,0,0,0,0,0,0,0
kriskbr01,2025,2,MIN,AL,12,0,0,0,0,0,0,0,0,0,0,0,0,0,0,0,0
kristza01,2024,1,LAA,AL,1,0,0,0,0,0,0,0,0,0,0,0,0,0,0,0,0
krookma01,2023,1,NYA,AL,4,0,0,0,0,0,0,0,0,0,0,0,0,0,0,0,0
krookma01,2024,1,BAL,AL,1,0,0,0,0,0,0,0,0,0,0,0,0,0,0,0,0
krookma01,2025,1,ATH,AL,3,0,0,0,0,0,0,0,0,0,0,0,0,0,0,0,0
kuhlch01,2023,1,WAS,NL,16,0,0,0,0,0,0,0,0,0,0,0,0,0,0,0,0
kuhlch01,2024,1,CHA,AL,31,0,0,0,0,0,0,0,0,0,0,0,0,0,0,0,0
kuhnejo01,2023,1,CIN,NL,2,0,0,0,0,0,0,0,0,0,0,0,0,0,0,0,0
kuhnejo01,2023,2,HOU,AL,7,0,0,0,0,0,0,0,0,0,0,0,0,0,0,0,0
kuhnejo01,2024,1,HOU,AL,1,0,0,0,0,0,0,0,0,0,0,0,0,0,0,0,0
kuhnejo01,2024,2,TBA,AL,5,0,0,0,0,0,0,0,0,0,0,0,0,0,0,0,0
kurtzni01,2025,1,ATH,AL,117,420,90,122,26,2,36,86,2,1,63,151,3,2,0,3,4
kwanst01,2023,1,CLE,AL,158,638,93,171,36,7,5,54,21,3,70,75,2,3,1,6,9
kwanst01,2024,1,CLE,AL,122,480,83,140,16,3,14,44,12,5,53,51,0,5,2,0,5
kwanst01,2025,1,CLE,AL,156,625,81,170,29,1,11,56,21,5,55,60,2,3,3,7,3
lambeji01,2023,1,CHA,AL,35,0,0,0,0,0,0,0,0,0,0,0,0,0,0,0,0
lambepe01,2023,1,COL,NL,25,0,0,0,0,0,0,0,0,0,0,0,0,0,0,0,0
lambepe01,2024,1,COL,NL,28,0,0,0,0,0,0,0,0,0,0,0,0,0,0,0,0
lambja01,2023,1,LAA,AL,19,51,7,11,1,0,2,5,0,0,3,15,0,0,0,0,1
lametdi01,2023,1,COL,NL,16,0,0,0,0,0,0,0,0,0,0,0,0,0,0,0,0
lametdi01,2023,2,BOS,AL,1,0,0,0,0,0,0,0,0,0,0,0,0,0,0,0,0
lametdi01,2024,1,LAN,NL,3,0,0,0,0,0,0,0,0,0,0,0,0,0,0,0,0
langeal01,2023,1,DET,AL,67,0,0,0,0,0,0,0,0,0,0,0,0,0,0,0,0
langeal01,2024,1,DET,AL,21,0,0,0,0,0,0,0,0,0,0,0,0,0,0,0,0
langeal01,2025,1,DET,AL,1,0,0,0,0,0,0,0,0,0,0,0,0,0,0,0,0
langesh01,2023,1,OAK,AL,135,448,52,92,19,4,22,63,3,2,34,143,2,5,1,2,10
langesh01,2024,1,OAK,AL,137,482,58,108,18,2,29,80,4,2,41,145,2,5,0,6,15
langesh01,2025,1,ATH,AL,123,481,73,133,32,0,31,72,7,1,36,103,1,1,0,5,10
langfwy01,2024,1,TEX,AL,134,499,74,126,25,4,16,74,19,3,51,115,3,4,0,3,6
langfwy01,2025,1,TEX,AL,134,489,73,118,25,1,22,62,22,6,74,151,3,5,0,5,9
laosa01,2025,1,SEA,AL,2,0,0,0,0,0,0,0,0,0,0,0,0,0,0,0,0
laosa01,2025,2,WAS,NL,6,0,0,0,0,0,0,0,0,0,0,0,0,0,0,0,0
laraan01,2025,1,WAS,NL,9,0,0,0,0,0,0,0,0,0,0,0,0,0,0,0,0
larnatr01,2023,1,MIN,AL,58,183,26,39,7,3,8,40,1,1,27,72,1,0,0,2,2
larnatr01,2024,1,MIN,AL,112,355,59,92,17,0,15,52,4,1,40,89,1,3,0,2,12
larnatr01,2025,1,MIN,AL,142,503,62,126,24,1,17,60,4,4,53,122,2,4,0,6,19
lasorjo01,2023,1,TBA,AL,2,0,0,0,0,0,0,0,0,0,0,0,0,0,0,0,0
lasorjo01,2023,2,WAS,NL,23,0,0,0,0,0,0,0,0,0,0,0,0,0,0,0,0
lasorjo01,2024,1,WAS,NL,16,0,0,0,0,0,0,0,0,0,0,0,0,0,0,0,0
lasorjo01,2025,1,CIN,NL,5,0,0,0,0,0,0,0,0,0,0,0,0,0,0,0,0
lasteto01,2023,1,SEA,AL,12,21,2,4,1,0,0,2,0,0,3,5,0,0,0,0,0
latzja01,2023,1,TEX,AL,3,0,0,0,0,0,0,0,0,0,0,0,0,0,0,0,0
latzja01,2024,1,TEX,AL,46,0,0,0,0,0,0,0,0,0,0,0,0,0,0,0,0
latzja01,2025,1,TEX,AL,33,0,0,0,0,0,0,0,0,0,0,0,0,0,0,0,0
lauerer01,2023,1,MIL,NL,10,0,0,0,0,0,0,0,0,0,0,0,0,0,0,0,0
lauerer01,2025,1,TOR,AL,28,0,0,0,0,0,0,0,0,0,0,0,0,0,0,0,0
laurera01,2023,1,OAK,AL,64,225,24,48,10,3,6,21,8,0,17,73,0,4,0,0,5
laurera01,2023,2,CLE,AL,41,136,22,33,8,1,3,14,4,1,16,41,0,5,0,1,4
laurera01,2024,1,CLE,AL,31,70,7,10,3,0,1,4,3,1,7,32,0,5,0,1,1
laurera01,2024,2,ATL,NL,67,216,28,64,13,1,10,29,5,2,8,64,0,2,0,0,4
laurera01,2025,1,BAL,AL,82,259,45,75,17,0,15,46,4,3,22,72,1,6,0,3,6
laurera01,2025,2,SDN,NL,50,182,27,49,9,2,9,30,3,1,13,47,0,2,0,1,4
lawde01,2023,1,CIN,NL,54,0,0,0,0,0,0,0,0,0,0,0,0,0,0,0,0
lawde01,2024,1,WAS,NL,75,0,0,0,0,0,0,0,0,0,0,0,0,0,0,0,0
lawerco01,2025,1,MIN,AL,5,0,0,0,0,0,0,0,0,0,0,0,0,0,0,0,0
lawlajo01,2023,1,ARI,NL,14,31,2,4,0,0,0,0,1,1,2,11,0,1,0,0,0
lawlajo01,2025,1,ARI,NL,28,66,9,12,7,0,0,5,2,0,6,26,0,1,0,1,0
lawreca01,2023,1,SLN,NL,15,0,0,0,0,0,0,0,0,0,0,0,0,0,0,0,0
lawreca01,2025,1,SEA,AL,5,0,0,0,0,0,0,0,0,0,0,0,0,0,0,0,0
lawreca01,2025,2,TOR,AL,1,0,0,0,0,0,0,0,0,0,0,0,0,0,0,0,0
lawreju01,2023,1,COL,NL,69,0,0,0,0,0,0,0,0,0,0,0,0,0,0,0,0
lawreju01,2024,1,COL,NL,56,0,0,0,0,0,0,0,0,0,0,0,0,0,0,0,0
lawreju01,2025,1,PIT,NL,17,0,0,0,0,0,0,0,0,0,0,0,0,0,0,0,0
lazarma01,2024,1,PHI,NL,11,0,0,0,0,0,0,0,0,0,0,0,0,0,0,0,0
lazarma01,2025,1,PHI,NL,36,0,0,0,0,0,0,0,0,0,0,0,0,0,0,0,0
leahyky01,2023,1,SLN,NL,3,0,0,0,0,0,0,0,0,0,0,0,0,0,0,0,0
leahyky01,2024,1,SLN,NL,33,0,0,0,0,0,0,0,0,0,0,0,0,0,0,0,0
leahyky01,2025,1,SLN,NL,62,0,0,0,0,0,0,0,0,0,0,0,0,0,0,0,0
leasujo01,2024,1,CHA,AL,33,0,0,0,0,0,0,0,0,0,0,0,0,0,0,0,0
leasujo01,2025,1,CHA,AL,68,0,0,0,0,0,0,0,0,0,0,0,0,0,0,0,0
leblach01,2024,1,LAA,AL,11,21,6,4,0,0,2,6,0,0,7,9,0,0,0,0,0
leclejo01,2023,1,TEX,AL,57,0,0,0,0,0,0,0,0,0,0,0,0,0,0,0,0
leclejo01,2024,1,TEX,AL,64,0,0,0,0,0,0,0,0,0,0,0,0,0,0,0,0
leclejo01,2025,1,ATH,AL,10,0,0,0,0,0,0,0,0,0,0,0,0,0,0,0,0
leebr02,2024,1,MIN,AL,50,172,9,38,6,1,3,27,3,0,11,27,2,0,0,2,6
leebr02,2025,1,MIN,AL,139,487,50,115,15,1,16,64,3,1,31,92,0,4,0,5,11
leech02,2025,1,DET,AL,32,0,0,0,0,0,0,0,0,0,0,0,0,0,0,0,0
leedy01,2023,1,ATL,NL,24,0,0,0,0,0,0,0,0,0,0,0,0,0,0,0,0
leedy01,2024,1,ATL,NL,52,0,0,0,0,0,0,0,0,0,0,0,0,0,0,0,0
leedy01,2025,1,ATL,NL,74,0,0,0,0,0,0,0,0,0,0,0,0,0,0,0,0
leeju01,2024,1,SFN,NL,37,145,15,38,4,0,2,8,2,3,10,13,0,1,0,2,2
leeju01,2025,1,SFN,NL,150,560,73,149,31,12,8,55,10,3,47,71,0,6,0,4,2
leeko01,2023,1,CHA,AL,24,65,4,5,1,0,1,3,0,0,5,20,0,0,0,0,0
leeko01,2024,1,CHA,AL,125,377,36,79,14,1,12,37,6,3,17,122,0,0,0,0,12
leeko01,2025,1,CHA,AL,26,35,10,9,3,0,1,3,0,0,4,7,0,0,1,0,1
legumca01,2023,1,CIN,NL,11,0,0,0,0,0,0,0,0,0,0,0,0,0,0,0,0
legumca01,2024,1,CIN,NL,6,0,0,0,0,0,0,0,0,0,0,0,0,0,0,0,0
legumca01,2025,1,SEA,AL,48,0,0,0,0,0,0,0,0,0,0,0,0,0,0,0,0
leibrbr01,2024,1,CIN,NL,2,0,0,0,0,0,0,0,0,0,0,0,0,0,0,0,0
leiteja01,2024,1,TEX,AL,9,0,0,0,0,0,0,0,0,0,0,0,0,0,0,0,0
leiteja01,2025,1,TEX,AL,30,1,0,0,0,0,0,0,0,0,0,1,0,0,0,0,0
leitema02,2023,1,CHN,NL,69,0,0,0,0,0,0,0,0,0,0,0,0,0,0,0,0
leitema02,2024,1,CHN,NL,39,0,0,0,0,0,0,0,0,0,0,0,0,0,0,0,0
leitema02,2024,2,NYA,AL,21,0,0,0,0,0,0,0,0,0,0,0,0,0,0,0,0
leitema02,2025,1,NYA,AL,59,0,0,0,0,0,0,0,0,0,0,0,0,0,0,0,0
lemahdj01,2023,1,NYA,AL,136,497,55,121,22,3,15,44,2,2,60,125,2,3,0,2,14
lemahdj01,2024,1,NYA,AL,67,201,19,41,5,0,2,26,0,1,19,35,0,1,1,6,13
lemahdj01,2025,1,NYA,AL,45,128,13,34,3,0,2,12,0,0,14,35,0,0,0,0,4
leonedo01,2023,1,NYN,NL,31,0,0,0,0,0,0,0,0,0,0,0,0,0,0,0,0
leonedo01,2023,2,LAA,AL,11,0,0,0,0,0,0,0,0,0,0,0,0,0,0,0,0
leonedo01,2023,3,SEA,AL,9,0,0,0,0,0,0,0,0,0,0,0,0,0,0,0,0
leonedo01,2024,1,CHA,AL,23,0,0,0,0,0,0,0,0,0,0,0,0,0,0,0,0
leonpe01,2024,1,HOU,AL,7,20,2,2,0,0,0,0,2,0,1,10,0,0,0,0,2
leonsa01,2023,1,TEX,AL,22,41,4,6,2,0,0,4,0,0,1,20,0,1,1,0,2
leonsa01,2025,1,ATL,NL,5,12,1,1,0,0,1,3,0,0,0,4,0,0,0,0,0
lestejo02,2023,1,BAL,AL,11,22,0,4,0,0,0,4,0,0,1,7,0,0,0,0,1
lewisky01,2023,1,ARI,NL,16,51,2,8,2,0,1,2,0,0,3,21,0,0,0,0,0
lewisro02,2023,1,MIN,AL,58,217,36,67,7,0,15,52,6,1,20,55,0,2,0,0,5
lewisro02,2024,1,MIN,AL,82,292,40,68,16,0,16,47,0,0,28,74,2,0,0,5,5
lewisro02,2025,1,MIN,AL,106,376,36,89,18,0,13,52,12,2,25,80,0,0,0,2,7
liberma01,2023,1,SLN,NL,22,0,0,0,0,0,0,0,0,0,0,0,0,0,0,0,0
liberma01,2024,1,SLN,NL,60,0,0,0,0,0,0,0,0,0,0,0,0,0,0,0,0
liberma01,2025,1,SLN,NL,29,0,0,0,0,0,0,0,0,0,0,0,0,0,0,0,0
lileda01,2025,1,WAS,NL,91,321,51,96,15,11,9,41,8,6,21,56,0,4,1,3,5
lindgje01,2023,1,MIA,NL,3,0,0,0,0,0,0,0,0,0,0,0,0,0,0,0,0
lindofr01,2023,1,NYN,NL,160,602,108,153,33,2,31,98,31,4,66,137,1,12,0,7,8
lindofr01,2024,1,NYN,NL,152,618,107,169,39,1,33,91,29,4,56,127,0,12,0,3,7
lindofr01,2025,1,NYN,NL,160,644,117,172,35,0,31,86,31,6,65,131,2,16,0,7,9
lipcian01,2023,1,DET,AL,13,35,3,10,1,0,1,4,0,0,3,8,0,0,0,0,1
lipsctr01,2024,1,WAS,NL,61,190,20,38,3,0,1,10,11,2,16,40,0,2,1,1,7
lipsctr01,2025,1,WAS,NL,3,4,1,2,0,0,0,0,0,0,0,1,0,0,0,0,0
litteza01,2023,1,BOS,AL,2,0,0,0,0,0,0,0,0,0,0,0,0,0,0,0,0
litteza01,2023,2,TBA,AL,26,0,0,0,0,0,0,0,0,0,0,0,0,0,0,0,0
litteza01,2024,1,TBA,AL,29,0,0,0,0,0,0,0,0,0,0,0,0,0,0,0,0
litteza01,2025,1,TBA,AL,22,0,0,0,0,0,0,0,0,0,0,0,0,0,0,0,0
litteza01,2025,2,CIN,NL,10,0,0,0,0,0,0,0,0,0,0,0,0,0,0,0,0
littlbr02,2024,1,TOR,AL,49,0,0,0,0,0,0,0,0,0,0,0,0,0,0,0,0
littlbr02,2025,1,TOR,AL,79,0,0,0,0,0,0,0,0,0,0,0,0,0,0,0,0
littlja02,2025,1,LAN,NL,2,0,0,0,0,0,0,0,0,0,0,0,0,0,0,0,0
littllu01,2023,1,CHN,NL,7,0,0,0,0,0,0,0,0,0,0,0,0,0,0,0,0
littllu01,2024,1,CHN,NL,30,0,0,0,0,0,0,0,0,0,0,0,0,0,0,0,0
littllu01,2025,1,CHN,NL,2,0,0,0,0,0,0,0,0,0,0,0,0,0,0,0,0
livelbe01,2023,1,CIN,NL,19,0,0,0,0,0,0,0,0,0,0,0,0,0,0,0,0
livelbe01,2024,1,CLE,AL,29,0,0,0,0,0,0,0,0,0,0,0,0,0,0,0,0
livelbe01,2025,1,CLE,AL,9,0,0,0,0,0,0,0,0,0,0,0,0,0,0,0,0
llovema01,2023,1,SFN,NL,5,0,0,0,0,0,0,0,0,0,0,0,0,0,0,0,0
llovema01,2023,2,BOS,AL,25,0,0,0,0,0,0,0,0,0,0,0,0,0,0,0,0
loaisjo01,2023,1,NYA,AL,17,0,0,0,0,0,0,0,0,0,0,0,0,0,0,0,0
loaisjo01,2024,1,NYA,AL,3,0,0,0,0,0,0,0,0,0,0,0,0,0,0,0,0
loaisjo01,2025,1,NYA,AL,30,0,0,0,0,0,0,0,0,0,0,0,0,0,0,0,0
locasti01,2023,1,NYN,NL,43,56,13,13,3,0,2,3,6,0,3,22,0,6,2,0,0
locklty01,2024,1,SEA,AL,16,45,3,7,1,0,2,3,1,0,3,20,0,1,0,0,3
locklty01,2025,1,ARI,NL,31,103,11,18,0,0,3,6,3,1,10,43,0,3,0,0,3
lockrbr01,2024,1,SDN,NL,12,12,4,2,0,0,1,1,2,0,0,4,0,0,0,0,0
lockrbr01,2025,1,SDN,NL,47,88,9,19,4,0,0,5,8,1,4,24,0,1,2,0,2
lockrbr01,2025,2,MIL,NL,20,46,8,12,3,1,0,6,2,0,4,12,0,0,1,2,0
lodolni01,2023,1,CIN,NL,7,0,0,0,0,0,0,0,0,0,0,0,0,0,0,0,0
lodolni01,2024,1,CIN,NL,21,0,0,0,0,0,0,0,0,0,0,0,0,0,0,0,0
lodolni01,2025,1,CIN,NL,29,0,0,0,0,0,0,0,0,0,0,0,0,0,0,0,0
loftini01,2023,1,KCA,AL,19,62,10,20,5,1,0,10,2,0,4,12,0,1,0,1,0
loftini01,2024,1,KCA,AL,57,148,15,28,4,0,1,14,1,0,19,24,0,1,1,2,4
loftini01,2025,1,KCA,AL,67,168,17,35,9,2,4,20,1,1,14,27,0,3,1,2,7
logueza01,2023,1,DET,AL,3,0,0,0,0,0,0,0,0,0,0,0,0,0,0,0,0
logueza01,2024,1,LAN,NL,2,0,0,0,0,0,0,0,0,0,0,0,0,0,0,0,0
longoev01,2023,1,ARI,NL,74,211,25,47,9,0,11,28,0,0,23,73,0,0,0,3,8
longsa01,2023,1,OAK,AL,40,0,0,0,0,0,0,0,0,0,0,0,0,0,0,0,0
longsa01,2024,1,KCA,AL,43,0,0,0,0,0,0,0,0,0,0,0,0,0,0,0,0
longsa01,2025,1,KCA,AL,39,0,0,0,0,0,0,0,0,0,0,0,0,0,0,0,0
loperjo01,2024,1,HOU,AL,38,106,11,25,5,1,2,16,2,1,7,43,0,3,1,1,1
loperjo01,2024,2,TOR,AL,43,137,13,27,8,3,2,9,2,1,6,52,0,1,0,0,2
loperjo01,2025,1,TOR,AL,41,96,12,32,4,0,4,14,1,2,4,27,0,3,1,0,2
lopezal03,2023,1,CIN,NL,1,2,1,1,1,0,0,1,0,0,0,1,0,0,0,0,0
lopezir01,2023,1,SLN,NL,5,11,0,0,0,0,0,1,0,0,0,5,0,0,0,1,0
lopezja03,2024,1,LAA,AL,27,67,4,17,3,0,1,6,0,1,2,25,0,1,1,0,2
lopezja04,2023,1,TBA,AL,4,0,0,0,0,0,0,0,0,0,0,0,0,0,0,0,0
lopezja04,2024,1,TBA,AL,4,0,0,0,0,0,0,0,0,0,0,0,0,0,0,0,0
lopezja04,2025,1,ATH,AL,21,0,0,0,0,0,0,0,0,0,0,0,0,0,0,0,0
lopezjo02,2023,1,MIN,AL,37,0,0,0,0,0,0,0,0,0,0,0,0,0,0,0,0
lopezjo02,2023,2,MIA,NL,12,0,0,0,0,0,0,0,0,0,0,0,0,0,0,0,0
lopezjo02,2023,3,BAL,AL,12,0,0,0,0,0,0,0,0,0,0,0,0,0,0,0,0
lopezjo02,2024,1,NYN,NL,28,0,0,0,0,0,0,0,0,0,0,0,0,0,0,0,0
lopezjo02,2024,2,CHN,NL,24,0,0,0,0,0,0,0,0,0,0,0,0,0,0,0,0
lopezjo02,2025,1,WAS,NL,26,0,0,0,0,0,0,0,0,0,0,0,0,0,0,0,0
lopezjo03,2023,1,TBA,AL,1,0,0,0,0,0,0,0,0,0,0,0,0,0,0,0,0
lopezni01,2023,1,KCA,AL,68,160,19,34,5,3,0,13,4,2,21,30,0,5,4,0,3
lopezni01,2023,2,ATL,NL,26,65,13,18,3,0,1,12,2,0,5,10,0,1,0,1,0
lopezni01,2024,1,CHA,AL,124,398,40,96,12,3,1,21,5,7,37,67,0,4,6,0,3
lopezni01,2025,1,LAA,AL,5,6,0,0,0,0,0,0,0,0,0,1,0,0,0,0,0
lopezni01,2025,2,CHN,NL,14,18,2,1,0,0,0,1,0,0,4,3,0,0,0,0,1
lopezot01,2024,1,MIA,NL,117,403,49,109,23,1,6,39,20,4,25,75,0,1,2,2,13
lopezot01,2025,1,MIA,NL,143,544,66,134,21,0,15,77,15,6,44,82,2,3,0,3,9
lopezpa01,2023,1,MIN,AL,32,0,0,0,0,0,0,0,0,0,0,0,0,0,0,0,0
lopezpa01,2024,1,MIN,AL,32,0,0,0,0,0,0,0,0,0,0,0,0,0,0,0,0
lopezpa01,2025,1,MIN,AL,14,0,0,0,0,0,0,0,0,0,0,0,0,0,0,0,0
lopezre01,2023,1,CHA,AL,43,0,0,0,0,0,0,0,0,0,0,0,0,0,0,0,0
lopezre01,2023,2,LAA,AL,13,0,0,0,0,0,0,0,0,0,0,0,0,0,0,0,0
lopezre01,2023,3,CLE,AL,12,0,0,0,0,0,0,0,0,0,0,0,0,0,0,0,0
lopezre01,2024,1,ATL,NL,26,0,0,0,0,0,0,0,0,0,0,0,0,0,0,0,0
lopezre01,2025,1,ATL,NL,1,0,0,0,0,0,0,0,0,0,0,0,0,0,0,0,0
lordbr02,2025,1,WAS,NL,48,0,0,0,0,0,0,0,0,0,0,0,0,0,0,0,0
lorenmi01,2023,1,DET,AL,18,0,0,0,0,0,0,0,0,0,0,0,0,0,0,0,0
lorenmi01,2023,2,PHI,NL,11,0,0,0,0,0,0,0,0,0,0,0,0,0,0,0,0
lorenmi01,2024,1,TEX,AL,19,0,0,0,0,0,0,0,0,0,0,0,0,0,0,0,0
lorenmi01,2024,2,KCA,AL,7,0,0,0,0,0,0,0,0,0,0,0,0,0,0,0,0
lorenmi01,2025,1,KCA,AL,27,0,0,0,0,0,0,0,0,0,0,0,0,0,0,0,0
loupaa01,2023,1,LAA,AL,55,0,0,0,0,0,0,0,0,0,0,0,0,0,0,0,0
loutory01,2024,1,SLN,NL,3,0,0,0,0,0,0,0,0,0,0,0,0,0,0,0,0
loutory01,2025,1,LAN,NL,2,0,0,0,0,0,0,0,0,0,0,0,0,0,0,0,0
loutory01,2025,2,WAS,NL,10,0,0,0,0,0,0,0,0,0,0,0,0,0,0,0,0
lovelri01,2023,1,OAK,AL,27,0,0,0,0,0,0,0,0,0,0,0,0,0,0,0,0
lovelri01,2024,1,CHN,NL,7,0,0,0,0,0,0,0,0,0,0,0,0,0,0,0,0
lovelri01,2024,2,TBA,AL,28,0,0,0,0,0,0,0,0,0,0,0,0,0,0,0,0
lovelri01,2025,1,TOR,AL,2,0,0,0,0,0,0,0,0,0,0,0,0,0,0,0,0
lovelri01,2025,2,NYN,NL,8,0,0,0,0,0,0,0,0,0,0,0,0,0,0,0,0
lowderh01,2024,1,CIN,NL,6,0,0,0,0,0,0,0,0,0,0,0,0,0,0,0,0
lowebr01,2023,1,TBA,AL,109,377,58,87,15,1,21,68,7,0,50,119,0,6,0,3,8
lowebr01,2024,1,TBA,AL,107,385,56,94,19,3,21,58,5,1,33,112,2,5,0,2,7
lowebr01,2025,1,TBA,AL,134,507,79,130,19,0,31,83,3,2,38,149,1,2,0,6,6
lowejo01,2023,1,TBA,AL,135,466,71,136,33,2,20,83,32,3,31,124,2,1,0,3,6
lowejo01,2024,1,TBA,AL,106,353,37,85,19,2,10,34,25,1,32,123,4,0,0,2,2
lowejo01,2025,1,TBA,AL,108,396,56,87,21,2,11,40,18,4,33,109,1,3,1,2,7
lowena01,2023,1,TEX,AL,161,623,89,163,38,3,17,82,1,0,93,165,2,5,0,3,22
lowena01,2024,1,TEX,AL,140,486,62,129,16,1,16,69,2,0,71,125,1,4,0,4,9
lowena01,2025,1,WAS,NL,119,440,50,95,17,2,16,68,1,0,47,130,0,1,0,2,5
lowena01,2025,2,BOS,AL,34,100,14,28,6,1,2,16,0,0,15,29,2,1,0,3,1
lucasea01,2023,1,OAK,AL,6,0,0,0,0,0,0,0,0,0,0,0,0,0,0,0,0
lucasea01,2024,1,OAK,AL,3,0,0,0,0,0,0,0,0,0,0,0,0,0,0,0,0
lucasea01,2024,2,DET,AL,3,0,0,0,0,0,0,0,0,0,0,0,0,0,0,0,0
lucasea01,2024,3,TOR,AL,2,0,0,0,0,0,0,0,0,0,0,0,0,0,0,0,0
lucasea01,2025,1,TOR,AL,6,0,0,0,0,0,0,0,0,0,0,0,0,0,0,0,0
lucchjo01,2023,1,NYN,NL,9,0,0,0,0,0,0,0,0,0,0,0,0,0,0,0,0
lucchjo01,2024,1,NYN,NL,2,0,0,0,0,0,0,0,0,0,0,0,0,0,0,0,0
lucchjo01,2025,1,SFN,NL,38,0,0,0,0,0,0,0,0,0,0,0,0,0,0,0,0
luciama01,2023,1,SFN,NL,14,39,4,9,3,0,0,0,1,0,6,17,0,0,0,0,0
luciama01,2024,1,SFN,NL,27,76,10,16,5,1,0,3,0,1,5,28,0,0,0,0,1
luetglu01,2023,1,ATL,NL,12,0,0,0,0,0,0,0,0,0,0,0,0,0,0,0,0
lugoma01,2025,1,LAA,AL,31,69,9,16,2,1,4,9,0,0,0,24,0,1,0,0,3
lugose01,2023,1,SDN,NL,26,0,0,0,0,0,0,0,0,0,0,0,0,0,0,0,0
lugose01,2024,1,KCA,AL,33,0,0,0,0,0,0,0,0,0,0,0,0,0,0,0,0
lugose01,2025,1,KCA,AL,26,0,0,0,0,0,0,0,0,0,0,0,0,0,0,0,0
lukesna01,2023,1,TOR,AL,29,26,4,5,1,1,0,2,0,0,4,9,0,0,0,1,1
lukesna01,2024,1,TOR,AL,22,76,13,23,4,2,1,10,1,0,10,9,0,0,2,3,1
lukesna01,2025,1,TOR,AL,135,388,55,99,19,2,12,65,2,4,38,60,2,2,7,3,12
luplojo01,2023,1,TOR,AL,7,14,1,3,0,0,0,1,0,0,3,8,1,0,0,0,0
luplojo01,2023,2,MIN,AL,32,63,10,13,3,0,2,4,2,0,9,19,0,1,0,0,1
luxga01,2024,1,LAN,NL,139,439,59,110,24,2,10,50,5,2,44,110,0,2,0,2,8
luxga01,2025,1,CIN,NL,140,446,49,120,28,2,5,53,1,0,56,114,0,0,0,1,3
luzarje01,2023,1,MIA,NL,32,0,0,0,0,0,0,0,0,0,0,0,0,0,0,0,0
luzarje01,2024,1,MIA,NL,12,0,0,0,0,0,0,0,0,0,0,0,0,0,0,0,0
luzarje01,2025,1,PHI,NL,32,0,0,0,0,0,0,0,0,0,0,0,0,0,0,0,0
lylesjo01,2023,1,KCA,AL,31,0,0,0,0,0,0,0,0,0,0,0,0,0,0,0,0
lylesjo01,2024,1,KCA,AL,5,0,0,0,0,0,0,0,0,0,0,0,0,0,0,0,0
lynchda02,2023,1,KCA,AL,9,0,0,0,0,0,0,0,0,0,0,0,0,0,0,0,0
lynchda02,2024,1,KCA,AL,16,0,0,0,0,0,0,0,0,0,0,0,0,0,0,0,0
lynchda02,2025,1,KCA,AL,57,0,0,0,0,0,0,0,0,0,0,0,0,0,0,0,0
lynnla01,2023,1,CHA,AL,21,0,0,0,0,0,0,0,0,0,0,0,0,0,0,0,0
lynnla01,2023,2,LAN,NL,11,0,0,0,0,0,0,0,0,0,0,0,0,0,0,0,0
lynnla01,2024,1,SLN,NL,23,0,0,0,0,0,0,0,0,0,0,0,0,0,0,0,0
machaan02,2023,1,WAS,NL,44,0,0,0,0,0,0,0,0,0,0,0,0,0,0,0,0
machama01,2023,1,SDN,NL,138,543,75,140,21,0,30,91,3,2,50,109,1,2,0,6,20
machama01,2024,1,SDN,NL,152,593,77,163,30,0,29,105,11,2,45,124,6,1,0,4,25
machama01,2025,1,SDN,NL,159,615,91,169,33,0,27,95,14,3,55,131,4,3,0,5,16
machivi01,2025,1,BAL,AL,4,11,1,1,0,0,1,1,0,0,1,2,0,0,0,0,0
maciejo01,2024,1,NYA,AL,4,0,0,0,0,0,0,0,0,0,0,0,0,0,0,0,0
macivwi01,2025,1,ATH,AL,33,102,7,19,5,0,3,9,3,0,7,27,0,2,0,0,1
maddety01,2024,1,DET,AL,6,0,0,0,0,0,0,0,0,0,0,0,0,0,0,0,0
madribl01,2023,1,HOU,AL,12,26,4,4,1,0,0,0,0,0,4,7,0,0,0,0,0
madribl01,2024,1,DET,AL,21,67,8,18,3,0,1,5,0,0,6,20,0,0,0,1,0
madrini01,2023,1,CHN,NL,92,270,34,71,16,1,2,28,10,2,10,24,0,9,5,0,3
madrini01,2024,1,CHN,NL,51,86,5,19,3,0,0,10,1,0,4,10,0,3,1,0,2
maedake01,2023,1,MIN,AL,21,0,0,0,0,0,0,0,0,0,0,0,0,0,0,0,0
maedake01,2024,1,DET,AL,29,0,0,0,0,0,0,0,0,0,0,0,0,0,0,0,0
maedake01,2025,1,DET,AL,7,0,0,0,0,0,0,0,0,0,0,0,0,0,0,0,0
maggidr01,2023,1,PIT,NL,3,6,1,2,1,0,0,1,0,0,0,1,0,0,0,0,0
mahlety01,2023,1,MIN,AL,5,0,0,0,0,0,0,0,0,0,0,0,0,0,0,0,0
mahlety01,2024,1,TEX,AL,3,0,0,0,0,0,0,0,0,0,0,0,0,0,0,0,0
mahlety01,2025,1,TEX,AL,16,0,0,0,0,0,0,0,0,0,0,0,0,0,0,0,0
mailelu01,2023,1,CIN,NL,78,179,17,42,10,0,6,25,2,1,14,49,0,5,1,0,8
mailelu01,2024,1,CIN,NL,55,135,8,24,4,0,2,8,2,0,13,52,0,4,1,1,4
mailelu01,2025,1,KCA,AL,25,45,6,11,2,0,1,6,1,0,7,16,0,0,2,0,1
maldoan01,2024,1,MIA,NL,16,0,0,0,0,0,0,0,0,0,0,0,0,0,0,0,0
maldoan01,2025,1,ATH,AL,6,0,0,0,0,0,0,0,0,0,0,0,0,0,0,0,0
maldoma01,2023,1,HOU,AL,117,362,33,69,12,0,15,36,0,0,30,139,0,3,12,0,10
maldoma01,2024,1,CHA,AL,48,135,9,16,3,0,4,11,0,0,8,51,0,1,3,0,5
maldoma01,2025,1,SDN,NL,64,147,11,30,6,0,4,12,0,0,8,57,0,0,6,0,3
malloju02,2024,1,DET,AL,71,202,18,41,7,1,8,21,1,1,23,85,0,3,0,2,2
malloju02,2025,1,DET,AL,52,104,15,23,6,0,1,17,0,0,20,32,0,1,0,2,1
manaese01,2023,1,SFN,NL,37,0,0,0,0,0,0,0,0,0,0,0,0,0,0,0,0
manaese01,2024,1,NYN,NL,32,0,0,0,0,0,0,0,0,0,0,0,0,0,0,0,0
manaese01,2025,1,NYN,NL,15,0,0,0,0,0,0,0,0,0,0,0,0,0,0,0,0
mancitr01,2023,1,CHN,NL,79,235,31,55,12,0,4,28,0,0,21,78,1,2,0,3,5
manguja01,2025,1,TBA,AL,118,405,37,120,18,1,3,40,27,6,19,64,0,2,1,1,4
mannima01,2023,1,DET,AL,15,0,0,0,0,0,0,0,0,0,0,0,0,0,0,0,0
mannima01,2024,1,DET,AL,5,0,0,0,0,0,0,0,0,0,0,0,0,0,0,0,0
manoaal01,2023,1,TOR,AL,19,0,0,0,0,0,0,0,0,0,0,0,0,0,0,0,0
manoaal01,2024,1,TOR,AL,5,0,0,0,0,0,0,0,0,0,0,0,0,0,0,0,0
mantijo01,2023,1,ARI,NL,35,0,0,0,0,0,0,0,0,0,0,0,0,0,0,0,0
mantijo01,2024,1,ARI,NL,75,0,0,0,0,0,0,0,0,0,0,0,0,0,0,0,0
mantijo01,2025,1,ARI,NL,10,0,0,0,0,0,0,0,0,0,0,0,0,0,0,0,0
manzaky01,2024,1,CLE,AL,53,145,11,34,12,0,5,15,0,0,9,41,0,1,0,1,3
manzaky01,2025,1,CLE,AL,142,470,47,110,19,2,27,70,2,0,48,135,2,8,0,5,7
marcatu01,2023,1,PIT,NL,75,202,16,47,12,2,3,18,5,2,10,35,0,3,3,2,2
marchra01,2024,1,PHI,NL,17,51,8,15,4,0,3,6,0,0,3,8,0,1,1,0,1
marchra01,2025,1,PHI,NL,42,105,9,22,4,0,2,13,0,0,10,17,0,1,1,1,1
margoma01,2023,1,TBA,AL,99,311,39,82,21,1,4,38,9,3,18,55,0,4,0,3,6
margoma01,2024,1,MIN,AL,129,315,37,75,17,1,4,31,5,0,21,54,0,3,1,3,10
margoma01,2025,1,DET,AL,6,19,1,6,0,0,0,3,0,0,0,6,0,0,0,1,0
marinro01,2023,1,NYA,AL,45,0,0,0,0,0,0,0,0,0,0,0,0,0,0,0,0
marinro01,2024,1,NYA,AL,16,0,0,0,0,0,0,0,0,0,0,0,0,0,0,0,0
marinro01,2025,1,SDN,NL,7,0,0,0,0,0,0,0,0,0,0,0,0,0,0,0,0
mariomi01,2023,1,CIN,NL,1,0,0,0,0,0,0,0,0,0,0,0,0,0,0,0,0
marisja01,2023,1,CHA,AL,9,2,1,0,0,0,0,0,0,0,0,1,0,0,0,0,0
marisja01,2023,2,DET,AL,33,69,9,16,3,2,2,10,2,2,3,20,0,1,1,1,4
marisja01,2023,3,LAN,NL,4,5,0,2,0,0,0,0,0,1,0,0,0,1,0,0,0
marloca01,2023,1,SEA,AL,34,88,14,21,3,2,3,11,4,2,12,33,0,0,0,0,1
marloca01,2024,1,SEA,AL,8,8,1,2,0,0,0,0,0,0,1,1,0,0,0,0,1
marquge01,2023,1,COL,NL,4,0,0,0,0,0,0,0,0,0,0,0,0,0,0,0,0
marquge01,2024,1,COL,NL,1,0,0,0,0,0,0,0,0,0,0,0,0,0,0,0,0
marquge01,2025,1,COL,NL,26,0,0,0,0,0,0,0,0,0,0,0,0,0,0,0,0
marseja01,2025,1,MIA,NL,55,209,28,61,18,3,5,33,14,6,22,48,0,2,0,1,2
marshal01,2023,1,KCA,AL,17,0,0,0,0,0,0,0,0,0,0,0,0,0,0,0,0
marshal01,2024,1,KCA,AL,26,0,0,0,0,0,0,0,0,0,0,0,0,0,0,0,0
marshbr02,2023,1,PHI,NL,133,404,58,112,25,6,12,60,10,2,59,144,2,4,1,4,4
marshbr02,2024,1,PHI,NL,135,418,55,104,17,3,16,60,19,3,50,154,0,2,1,5,2
marshbr02,2025,1,PHI,NL,133,379,59,106,25,2,11,43,7,1,38,110,1,0,3,4,2
martejo01,2023,1,LAA,AL,10,0,0,0,0,0,0,0,0,0,0,0,0,0,0,0,0
martejo01,2024,1,LAA,AL,14,0,0,0,0,0,0,0,0,0,0,0,0,0,0,0,0
marteke01,2023,1,ARI,NL,150,569,94,157,26,9,25,82,8,2,71,109,2,5,0,5,16
marteke01,2024,1,ARI,NL,136,504,93,147,23,2,36,95,7,1,65,106,7,5,0,9,9
marteke01,2025,1,ARI,NL,126,480,87,136,28,0,28,72,4,2,64,83,6,9,0,3,12
marteno01,2023,1,CIN,NL,34,114,15,36,7,0,3,15,6,2,8,25,0,1,0,0,1
marteno01,2024,1,CIN,NL,66,229,24,48,9,0,4,18,9,3,9,75,0,3,0,1,1
marteno01,2025,1,CIN,NL,90,339,45,89,17,2,14,51,10,3,16,85,0,3,0,2,7
martest01,2023,1,NYN,NL,86,315,38,78,7,1,5,28,24,4,16,69,1,8,2,0,8
martest01,2024,1,NYN,NL,94,335,46,90,13,3,7,40,16,1,27,81,1,3,3,2,8
martest01,2025,1,NYN,NL,98,293,37,79,14,0,9,34,7,2,22,68,0,9,1,4,7
marteyu01,2023,1,PHI,NL,40,0,0,0,0,0,0,0,0,0,0,0,0,0,0,0,0
marteyu01,2024,1,PHI,NL,23,0,0,0,0,0,0,0,0,0,0,0,0,0,0,0,0
martiad01,2023,1,OAK,AL,22,0,0,0,0,0,0,0,0,0,0,0,0,0,0,0,0
martian02,2024,1,CLE,AL,43,151,16,35,7,0,3,11,3,1,15,33,0,0,1,2,2
martian02,2025,1,CLE,AL,139,446,56,100,23,2,11,45,8,2,23,110,0,6,5,4,8
martiau01,2024,1,MIN,AL,93,233,41,59,18,1,1,16,7,3,20,47,0,2,2,0,4
martiau01,2025,1,MIN,AL,50,156,22,44,8,1,1,7,11,4,22,31,0,1,2,0,6
martich02,2023,1,BOS,AL,55,0,0,0,0,0,0,0,0,0,0,0,0,0,0,0,0
martich02,2024,1,BOS,AL,45,0,0,0,0,0,0,0,0,0,0,0,0,0,0,0,0
martich02,2025,1,TEX,AL,49,0,0,0,0,0,0,0,0,0,0,0,0,0,0,0,0
martico02,2025,1,BAL,AL,17,0,0,0,0,0,0,0,0,0,0,0,0,0,0,0,0
martida03,2024,1,CHA,AL,11,0,0,0,0,0,0,0,0,0,0,0,0,0,0,0,0
martida03,2025,1,CHA,AL,26,0,0,0,0,0,0,0,0,0,0,0,0,0,0,0,0
martijd02,2023,1,LAN,NL,113,432,61,117,27,2,33,103,1,0,34,149,1,2,0,9,11
martijd02,2024,1,NYN,NL,120,434,46,102,24,1,16,69,0,0,49,141,0,6,0,2,17
martijp01,2023,1,TEX,AL,17,40,7,9,1,0,1,4,0,0,2,16,0,0,0,2,0
martijp01,2024,1,ATL,NL,7,10,2,2,1,0,0,0,1,0,0,4,0,0,0,0,0
martiju01,2023,1,ARI,NL,10,0,0,0,0,0,0,0,0,0,0,0,0,0,0,0,0
martiju01,2024,1,ARI,NL,64,0,0,0,0,0,0,0,0,0,0,0,0,0,0,0,0
martiju01,2025,1,ARI,NL,17,0,0,0,0,0,0,0,0,0,0,0,0,0,0,0,0
martini01,2023,1,SDN,NL,63,0,0,0,0,0,0,0,0,0,0,0,0,0,0,0,0
martini01,2024,1,CIN,NL,42,0,0,0,0,0,0,0,0,0,0,0,0,0,0,0,0
martini01,2025,1,CIN,NL,40,0,0,0,0,0,0,0,0,0,0,0,0,0,0,0,0
martini02,2023,1,CIN,NL,29,72,10,19,3,1,6,16,0,0,5,15,0,2,0,0,1
martini02,2024,1,CIN,NL,52,146,23,31,4,2,5,24,1,3,9,38,0,4,0,3,1
martini02,2025,1,COL,NL,43,102,9,23,4,0,1,4,0,0,9,18,1,0,0,0,1
martior01,2024,1,TOR,AL,1,3,0,1,0,0,0,0,0,0,0,1,0,0,0,0,0
martise01,2023,1,HOU,AL,35,0,0,0,0,0,0,0,0,0,0,0,0,0,0,0,0
martise01,2024,1,HOU,AL,44,0,0,0,0,0,0,0,0,0,0,0,0,0,0,0,0
martise01,2025,1,MIA,NL,6,0,0,0,0,0,0,0,0,0,0,0,0,0,0,0,0
massemi02,2023,1,KCA,AL,129,428,42,98,18,1,15,55,6,2,24,99,0,4,1,4,3
massemi02,2024,1,KCA,AL,100,332,45,86,17,2,14,45,1,0,15,56,1,3,2,4,9
massemi02,2025,1,KCA,AL,77,262,20,64,9,0,3,20,2,1,9,43,0,1,1,4,3
mastrmi01,2023,1,CHN,NL,61,133,24,32,5,0,1,5,13,1,13,32,0,0,3,0,1
mastrmi01,2024,1,CHN,NL,50,98,9,19,3,0,0,4,2,0,7,17,0,0,0,1,1
mastrmi01,2025,1,SEA,AL,76,152,20,38,4,0,1,12,6,3,17,29,0,0,5,1,2
mateojo01,2023,1,BAL,AL,116,318,58,69,14,2,7,34,32,5,22,82,0,1,5,3,8
mateojo01,2024,1,BAL,AL,68,192,30,44,14,2,5,18,13,2,10,48,0,1,2,3,3
mateojo01,2025,1,BAL,AL,43,79,9,14,4,0,1,3,15,2,4,30,0,0,0,0,1
mathima01,2023,1,PIT,NL,22,52,5,12,2,0,0,4,3,0,10,11,0,0,0,0,3
mathima01,2023,2,SFN,NL,5,10,1,2,0,0,0,2,0,0,0,4,0,0,0,0,1
matonni01,2023,1,DET,AL,93,249,29,43,9,0,8,32,1,2,38,73,1,3,1,2,4
matonni01,2024,1,BAL,AL,5,5,0,0,0,0,0,0,0,0,0,2,0,0,0,0,0
matonni01,2025,1,CHA,AL,25,54,5,9,2,0,2,4,0,1,9,19,0,0,0,0,0
matonph01,2023,1,HOU,AL,68,0,0,0,0,0,0,0,0,0,0,0,0,0,0,0,0
matonph01,2024,1,TBA,AL,40,0,0,0,0,0,0,0,0,0,0,0,0,0,0,0,0
matonph01,2024,2,NYN,NL,31,0,0,0,0,0,0,0,0,0,0,0,0,0,0,0,0
matonph01,2025,1,SLN,NL,40,0,0,0,0,0,0,0,0,0,0,0,0,0,0,0,0
matonph01,2025,2,TEX,AL,23,0,0,0,0,0,0,0,0,0,0,0,0,0,0,0,0
matoslu02,2023,1,SFN,NL,76,228,24,57,13,1,2,14,3,0,20,33,0,3,2,0,3
matoslu02,2024,1,SFN,NL,45,150,14,32,5,0,5,25,0,0,5,24,1,0,0,1,5
matoslu02,2025,1,SFN,NL,57,172,26,38,9,1,8,22,4,0,11,27,0,0,0,1,5
matsuyu01,2024,1,SDN,NL,64,0,0,0,0,0,0,0,0,0,0,0,0,0,0,0,0
matsuyu01,2025,1,SDN,NL,61,0,0,0,0,0,0,0,0,0,0,0,0,0,0,0,0
matthbr01,2025,1,HOU,AL,13,42,6,7,0,0,4,9,1,0,2,20,0,1,2,0,0
matthze01,2024,1,MIN,AL,9,0,0,0,0,0,0,0,0,0,0,0,0,0,0,0,0
matthze01,2025,1,MIN,AL,16,0,0,0,0,0,0,0,0,0,0,0,0,0,0,0,0
mattsis01,2024,1,PIT,NL,3,0,0,0,0,0,0,0,0,0,0,0,0,0,0,0,0
mattsis01,2025,1,PIT,NL,44,0,0,0,0,0,0,0,0,0,0,0,0,0,0,0,0
matzety01,2024,1,ATL,NL,11,0,0,0,0,0,0,0,0,0,0,0,0,0,0,0,0
matzety01,2025,1,NYA,AL,7,0,0,0,0,0,0,0,0,0,0,0,0,0,0,0,0
matzst01,2023,1,SLN,NL,25,0,0,0,0,0,0,0,0,0,0,0,0,0,0,0,0
matzst01,2024,1,SLN,NL,12,0,0,0,0,0,0,0,0,0,0,0,0,0,0,0,0
matzst01,2025,1,SLN,NL,32,0,0,0,0,0,0,0,0,0,0,0,0,0,0,0,0
matzst01,2025,2,BOS,AL,21,0,0,0,0,0,0,0,0,0,0,0,0,0,0,0,0
mauriro01,2023,1,NYN,NL,26,101,11,25,4,0,2,9,7,0,7,31,0,0,0,0,2
mauriro01,2025,1,NYN,NL,61,168,19,38,6,0,6,10,4,0,15,54,1,1,0,0,5
maxweza01,2025,1,CIN,NL,8,0,0,0,0,0,0,0,0,0,0,0,0,0,0,0,0
maydu01,2023,1,LAN,NL,9,0,0,0,0,0,0,0,0,0,0,0,0,0,0,0,0
maydu01,2025,1,LAN,NL,19,0,0,0,0,0,0,0,0,0,0,0,0,0,0,0,0
maydu01,2025,2,BOS,AL,6,0,0,0,0,0,0,0,0,0,0,0,0,0,0,0,0
mayerma01,2025,1,BOS,AL,44,127,20,29,8,1,4,10,0,2,8,41,0,0,0,1,2
mayermi01,2023,1,KCA,AL,6,0,0,0,0,0,0,0,0,0,0,0,0,0,0,0,0
mayoco01,2024,1,BAL,AL,17,41,4,4,0,0,0,0,0,0,4,22,0,1,0,0,1
mayoco01,2025,1,BAL,AL,85,263,30,57,12,0,11,28,3,0,27,84,0,4,0,0,2
maytr01,2023,1,OAK,AL,49,0,0,0,0,0,0,0,0,0,0,0,0,0,0,0,0
mayzati01,2023,1,TOR,AL,69,0,0,0,0,0,0,0,0,0,0,0,0,0,0,0,0
mayzati01,2024,1,TOR,AL,35,0,0,0,0,0,0,0,0,0,0,0,0,0,0,0,0
mayzati01,2024,2,NYA,AL,15,0,0,0,0,0,0,0,0,0,0,0,0,0,0,0,0
mayzati01,2025,1,PIT,NL,7,0,0,0,0,0,0,0,0,0,0,0,0,0,0,0,0
mayzati01,2025,2,PHI,NL,8,0,0,0,0,0,0,0,0,0,0,0,0,0,0,0,0
mazurad01,2024,1,SDN,NL,8,0,0,0,0,0,0,0,0,0,0,0,0,0,0,0,0
mazurad01,2025,1,MIA,NL,6,0,0,0,0,0,0,0,0,0,0,0,0,0,0,0,0
mcallza01,2023,1,NYA,AL,7,0,0,0,0,0,0,0,0,0,0,0,0,0,0,0,0
mcartja01,2023,1,KCA,AL,18,0,0,0,0,0,0,0,0,0,0,0,0,0,0,0,0
mcartja01,2024,1,KCA,AL,57,0,0,0,0,0,0,0,0,0,0,0,0,0,0,0,0
mccanja02,2023,1,BAL,AL,70,207,25,46,14,0,6,26,3,1,9,57,0,5,3,2,5
mccanja02,2024,1,BAL,AL,66,214,27,50,9,0,8,31,1,0,13,56,0,2,0,4,3
mccanja02,2025,1,ARI,NL,42,123,18,32,6,0,5,17,0,0,8,33,0,4,1,1,3
mccanky01,2024,1,OAK,AL,54,140,13,33,4,0,5,15,0,0,16,59,1,1,0,0,2
mccarja02,2023,1,ARI,NL,99,276,37,67,7,5,2,16,26,4,26,62,0,5,4,1,4
mccarja02,2024,1,ARI,NL,142,442,66,126,13,7,8,56,25,6,31,78,1,14,5,3,4
mccarja02,2025,1,ARI,NL,67,206,18,42,7,5,4,20,6,0,10,40,0,2,3,1,2
mccauda01,2023,1,SEA,AL,3,0,0,0,0,0,0,0,0,0,0,0,0,0,0,0,0
mccauda01,2024,1,MIA,NL,10,0,0,0,0,0,0,0,0,0,0,0,0,0,0,0,0
mccauda01,2024,2,CLE,AL,2,0,0,0,0,0,0,0,0,0,0,0,0,0,0,0,0
mccauda01,2025,1,MIN,AL,3,0,0,0,0,0,0,0,0,0,0,0,0,0,0,0,0
mcclash01,2023,1,TBA,AL,21,0,0,0,0,0,0,0,0,0,0,0,0,0,0,0,0
mccorch01,2023,1,HOU,AL,115,403,59,110,17,2,22,70,19,6,40,117,0,11,1,2,3
mccorch01,2024,1,HOU,AL,94,242,32,51,6,1,5,27,8,2,17,72,0,4,1,3,3
mccorch01,2025,1,HOU,AL,66,100,13,21,5,0,1,5,2,3,9,31,0,1,5,1,1
mccoyma01,2023,1,TOR,AL,6,1,2,0,0,0,0,0,0,0,0,1,0,0,0,0,0
mccoyma01,2024,1,SDN,NL,19,49,7,10,2,0,0,3,1,0,5,19,0,0,3,0,2
mccoyma01,2025,1,SDN,NL,18,22,5,3,1,0,0,1,2,0,3,7,0,1,0,0,0
mccragr01,2024,1,SFN,NL,37,124,13,25,3,2,5,10,5,0,6,56,0,0,0,0,3
mccragr01,2025,1,SFN,NL,22,22,3,2,0,1,0,2,0,0,2,11,0,0,1,1,1
mcculla02,2025,1,HOU,AL,16,0,0,0,0,0,0,0,0,0,0,0,0,0,0,0,0
mccusca01,2025,1,MIN,AL,16,29,0,5,0,0,0,1,0,1,1,16,0,0,0,0,0
mccutan01,2023,1,PIT,NL,112,390,55,100,19,0,12,43,11,3,75,100,1,4,0,4,8
mccutan01,2024,1,PIT,NL,120,448,66,104,18,1,20,50,3,2,58,133,1,7,0,2,9
mccutan01,2025,1,PIT,NL,135,477,51,114,22,0,13,57,1,1,67,118,5,2,0,3,12
mcdanga01,2025,1,LAA,AL,10,0,0,0,0,0,0,0,0,0,0,0,0,0,0,0,0
mcderch01,2024,1,BAL,AL,1,0,0,0,0,0,0,0,0,0,0,0,0,0,0,0,0
mcderch01,2025,1,BAL,AL,4,0,0,0,0,0,0,0,0,0,0,0,0,0,0,0,0
mcdontr01,2024,1,SFN,NL,1,0,0,0,0,0,0,0,0,0,0,0,0,0,0,0,0
mcdontr01,2025,1,SFN,NL,3,0,0,0,0,0,0,0,0,0,0,0,0,0,0,0,0
mcfartj01,2023,1,NYN,NL,3,0,0,0,0,0,0,0,0,0,0,0,0,0,0,0,0
mcfartj01,2024,1,OAK,AL,79,0,0,0,0,0,0,0,0,0,0,0,0,0,0,0,0
mcfartj01,2025,1,ATH,AL,27,0,0,0,0,0,0,0,0,0,0,0,0,0,0,0,0
mcgeeea01,2023,1,SEA,AL,1,0,0,0,0,0,0,0,0,0,0,0,0,0,0,0,0
mcgeeea01,2025,1,MIL,NL,9,0,0,0,0,0,0,0,0,0,0,0,0,0,0,0,0
mcgousc01,2023,1,ARI,NL,63,0,0,0,0,0,0,0,0,0,0,0,0,0,0,0,0
mcgousc01,2024,1,ARI,NL,26,1,0,0,0,0,0,0,0,0,0,1,0,0,0,0,0
mcgousc01,2025,1,ARI,NL,7,0,0,0,0,0,0,0,0,0,0,0,0,0,0,0,0
mcgousc01,2025,2,ATH,AL,6,0,0,0,0,0,0,0,0,0,0,0,0,0,0,0,0
mcgremi01,2024,1,SLN,NL,4,0,0,0,0,0,0,0,0,0,0,0,0,0,0,0,0
mcgremi01,2025,1,SLN,NL,17,0,0,0,0,0,0,0,0,0,0,0,0,0,0,0,0
mcguire01,2023,1,BOS,AL,72,187,15,50,12,1,1,16,2,1,11,53,0,1,2,1,2
mcguire01,2024,1,BOS,AL,53,139,10,29,3,0,3,18,3,0,13,39,0,2,1,3,4
mcguire01,2025,1,CHN,NL,45,133,17,30,2,0,9,24,0,0,4,27,0,0,1,2,3
mchugco01,2023,1,ATL,NL,41,0,0,0,0,0,0,0,0,0,0,0,0,0,0,0,0
mckenry01,2023,1,BAL,AL,89,122,23,31,7,0,2,18,5,0,9,40,0,3,3,2,4
mckenry01,2024,1,BAL,AL,9,8,3,3,0,0,2,2,0,1,1,1,0,0,0,0,0
mckenry01,2024,2,SFN,NL,4,6,1,0,0,0,0,0,1,0,0,4,0,0,0,0,0
mckentr01,2023,1,CLE,AL,4,0,0,0,0,0,0,0,0,0,0,0,0,0,0,0,0
mckentr01,2024,1,CLE,AL,16,0,0,0,0,0,0,0,0,0,0,0,0,0,0,0,0
mckentr01,2025,1,CLE,AL,4,0,0,0,0,0,0,0,0,0,0,0,0,0,0,0,0
mckinbi01,2023,1,NYA,AL,48,128,19,29,3,1,6,14,1,0,17,39,1,1,0,1,1
mckinbi01,2024,1,PIT,NL,10,25,4,5,1,0,0,2,0,0,2,13,0,1,0,0,1
mckinbi01,2025,1,TEX,AL,6,20,4,4,1,0,0,1,0,0,1,1,0,0,0,0,0
mckinza01,2023,1,DET,AL,148,464,60,107,21,4,9,35,16,6,44,113,0,5,2,3,3
mckinza01,2024,1,DET,AL,118,297,32,64,14,5,4,23,16,0,24,69,0,2,0,2,3
mckinza01,2025,1,DET,AL,144,452,68,117,23,11,12,49,19,5,46,111,1,7,1,5,6
mclaima01,2023,1,CIN,NL,89,365,65,106,23,4,16,50,14,5,31,115,0,7,0,0,5
mclaima01,2025,1,CIN,NL,147,510,73,112,18,0,15,50,18,2,55,167,0,5,3,4,8
mcleano01,2025,1,NYN,NL,8,0,0,0,0,0,0,0,0,0,0,0,0,0,0,0,0
mcmahry01,2023,1,COL,NL,152,555,80,133,31,3,23,70,5,5,68,198,2,1,0,3,19
mcmahry01,2024,1,COL,NL,153,567,68,137,28,0,20,65,4,6,69,185,4,3,0,4,9
mcmahry01,2025,1,COL,NL,100,350,42,76,15,1,16,35,2,1,49,127,1,1,0,1,4
mcmahry01,2025,2,NYA,AL,54,159,20,33,8,0,4,18,1,0,21,62,0,3,0,2,3
mcmiljo01,2023,1,KCA,AL,4,0,0,0,0,0,0,0,0,0,0,0,0,0,0,0,0
mcmiljo01,2024,1,MIA,NL,10,0,0,0,0,0,0,0,0,0,0,0,0,0,0,0,0
mcneije01,2023,1,NYN,NL,156,585,75,158,25,4,10,55,10,0,39,65,0,18,3,3,5
mcneije01,2024,1,NYN,NL,129,424,57,101,26,0,12,44,5,1,35,68,1,9,1,3,6
mcneije01,2025,1,NYN,NL,122,399,42,97,21,5,12,54,3,0,49,55,4,8,2,4,5
meadcu01,2023,1,TBA,AL,24,83,12,21,3,1,1,5,0,0,7,21,0,2,0,0,3
meadcu01,2024,1,TBA,AL,38,122,10,29,3,0,1,7,2,0,6,30,0,2,0,1,2
meadcu01,2025,1,TBA,AL,49,115,14,26,2,1,3,8,4,1,12,33,0,4,0,1,4
meadcu01,2025,2,CHA,AL,41,125,12,30,8,0,0,11,1,0,3,30,0,4,0,0,5
meadoau01,2023,1,DET,AL,6,21,0,5,1,0,0,2,0,0,0,3,0,0,0,0,0
meadopa01,2023,1,DET,AL,37,125,19,29,4,2,3,13,8,1,17,37,1,2,0,1,0
meadopa01,2024,1,DET,AL,82,270,39,66,12,6,9,28,9,4,25,76,0,1,1,1,0
meadopa01,2025,1,DET,AL,58,191,22,41,6,2,4,16,4,0,21,56,0,0,0,1,0
meansjo01,2023,1,BAL,AL,4,0,0,0,0,0,0,0,0,0,0,0,0,0,0,0,0
meansjo01,2024,1,BAL,AL,4,0,0,0,0,0,0,0,0,0,0,0,0,0,0,0,0
mearsni01,2023,1,COL,NL,16,0,0,0,0,0,0,0,0,0,0,0,0,0,0,0,0
mearsni01,2024,1,COL,NL,41,0,0,0,0,0,0,0,0,0,0,0,0,0,0,0,0
mearsni01,2024,2,MIL,NL,13,0,0,0,0,0,0,0,0,0,0,0,0,0,0,0,0
mearsni01,2025,1,MIL,NL,63,0,0,0,0,0,0,0,0,0,0,0,0,0,0,0,0
mecklwa01,2023,1,SFN,NL,20,56,6,13,1,0,0,4,0,0,6,25,0,2,0,0,0
medervi01,2023,1,LAA,AL,3,0,0,0,0,0,0,0,0,0,0,0,0,0,0,0,0
medervi01,2024,1,LAA,AL,4,0,0,0,0,0,0,0,0,0,0,0,0,0,0,0,0
medervi01,2025,1,LAA,AL,5,0,0,0,0,0,0,0,0,0,0,0,0,0,0,0,0
medinlu02,2023,1,OAK,AL,23,0,0,0,0,0,0,0,0,0,0,0,0,0,0,0,0
medinlu02,2024,1,OAK,AL,8,0,0,0,0,0,0,0,0,0,0,0,0,0,0,0,0
meekeja01,2024,1,MIL,NL,1,0,0,0,0,0,0,0,0,0,0,0,0,0,0,0,0
megiltr01,2023,1,MIL,NL,31,0,0,0,0,0,0,0,0,0,0,0,0,0,0,0,0
megiltr01,2024,1,MIL,NL,48,0,0,0,0,0,0,0,0,0,0,0,0,0,0,0,0
megiltr01,2025,1,MIL,NL,50,0,0,0,0,0,0,0,0,0,0,0,0,0,0,0,0
megilty01,2023,1,NYN,NL,25,0,0,0,0,0,0,0,0,0,0,0,0,0,0,0,0
megilty01,2024,1,NYN,NL,16,0,0,0,0,0,0,0,0,0,0,0,0,0,0,0,0
megilty01,2025,1,NYN,NL,14,0,0,0,0,0,0,0,0,0,0,0,0,0,0,0,0
meidrch01,2025,1,CHA,AL,122,450,54,114,15,0,5,23,14,4,45,72,0,6,3,1,14
mejiafr01,2023,1,TBA,AL,50,150,22,34,11,0,5,19,0,1,6,38,0,1,1,2,2
mejiaje02,2023,1,MIL,NL,9,0,0,0,0,0,0,0,0,0,0,0,0,0,0,0,0
mejiaju01,2025,1,COL,NL,55,0,0,0,0,0,0,0,0,0,0,0,0,0,0,0,0
melenmj01,2023,1,KCA,AL,148,533,65,125,29,5,16,56,6,4,62,170,2,3,0,4,4
melenmj01,2024,1,KCA,AL,135,412,44,85,23,3,17,44,4,4,35,113,1,3,0,0,3
melenmj01,2025,1,KCA,AL,23,60,5,5,2,0,1,1,0,0,3,23,0,2,0,0,0
meltoja01,2025,1,HOU,AL,32,70,7,11,0,1,0,7,7,2,6,29,0,1,0,0,2
meltotr01,2025,1,DET,AL,16,0,0,0,0,0,0,0,0,0,0,0,0,0,0,0,0
menacr01,2024,1,ARI,NL,1,0,0,0,0,0,0,0,0,0,0,0,0,0,0,0,0
menacr01,2025,1,ARI,NL,3,0,0,0,0,0,0,0,0,0,0,0,0,0,0,0,0
mendida01,2023,1,NYN,NL,35,65,4,12,3,0,1,4,1,0,4,15,0,0,0,0,1
mendida01,2024,1,CHA,AL,47,132,13,26,7,0,3,8,6,0,6,35,0,2,1,0,3
menesjo01,2023,1,WAS,NL,154,611,71,168,36,1,13,89,0,0,38,130,0,5,0,3,15
menesjo01,2024,1,WAS,NL,76,281,19,65,11,0,3,42,2,0,21,63,1,5,0,6,9
mercami01,2024,1,PHI,NL,5,0,0,0,0,0,0,0,0,0,0,0,0,0,0,0,0
mercami01,2025,1,PHI,NL,3,0,0,0,0,0,0,0,0,0,0,0,0,0,0,0,0
mercaos01,2023,1,SLN,NL,20,31,3,9,3,0,0,5,2,1,1,4,0,0,0,0,0
merrija01,2024,1,SDN,NL,156,554,77,162,31,6,24,90,16,3,29,101,1,1,4,5,2
merrija01,2025,1,SDN,NL,115,440,59,116,25,6,16,67,1,2,33,108,1,4,1,5,4
merriwh01,2023,1,TOR,AL,145,547,66,149,27,0,11,67,26,10,36,101,2,3,0,6,15
merriwh01,2024,1,PHI,NL,53,156,21,31,4,1,3,11,11,1,15,19,0,2,1,0,2
merriwh01,2024,2,ATL,NL,42,137,23,34,5,2,1,4,6,2,20,33,0,1,3,0,5
merryju01,2023,1,CHN,NL,69,0,0,0,0,0,0,0,0,0,0,0,0,0,0,0,0
merryju01,2024,1,CHN,NL,15,0,0,0,0,0,0,0,0,0,0,0,0,0,0,0,0
merryju01,2025,1,CHN,NL,21,0,0,0,0,0,0,0,0,0,0,0,0,0,0,0,0
mervima01,2023,1,CHN,NL,27,90,8,15,2,0,3,11,0,0,8,32,0,1,0,0,1
mervima01,2024,1,CHN,NL,9,26,1,3,1,0,0,3,0,0,1,8,0,0,0,0,0
mervima01,2025,1,MIA,NL,42,120,15,21,4,0,7,14,0,0,11,50,1,2,0,1,1
mesavi01,2025,1,MIA,NL,16,32,7,6,2,0,1,6,0,0,5,5,0,0,1,0,0
messipa01,2025,1,CLE,AL,7,0,0,0,0,0,0,0,0,0,0,0,0,0,0,0,0
meyerja02,2023,1,HOU,AL,112,309,42,70,16,1,10,33,5,2,26,88,0,5,0,1,2
meyerja02,2024,1,HOU,AL,148,461,51,101,20,3,13,61,11,3,35,117,0,10,3,4,17
meyerja02,2025,1,HOU,AL,104,343,53,100,15,2,3,24,16,5,31,67,0,3,2,2,9
meyerma01,2024,1,MIA,NL,11,0,0,0,0,0,0,0,0,0,0,0,0,0,0,0,0
meyerma01,2025,1,MIA,NL,12,0,0,0,0,0,0,0,0,0,0,0,0,0,0,0,0
meylu01,2025,1,CIN,NL,23,0,0,0,0,0,0,0,0,0,0,0,0,0,0,0,0
middlke01,2023,1,CHA,AL,39,0,0,0,0,0,0,0,0,0,0,0,0,0,0,0,0
middlke01,2023,2,NYA,AL,12,0,0,0,0,0,0,0,0,0,0,0,0,0,0,0,0
mikolmi01,2023,1,SLN,NL,35,0,0,0,0,0,0,0,0,0,0,0,0,0,0,0,0
mikolmi01,2024,1,SLN,NL,32,0,0,0,0,0,0,0,0,0,0,0,0,0,0,0,0
mikolmi01,2025,1,SLN,NL,31,0,0,0,0,0,0,0,0,0,0,0,0,0,0,0,0
mileywa01,2023,1,MIL,NL,23,0,0,0,0,0,0,0,0,0,0,0,0,0,0,0,0
mileywa01,2024,1,MIL,NL,2,0,0,0,0,0,0,0,0,0,0,0,0,0,0,0,0
mileywa01,2025,1,CIN,NL,3,0,0,0,0,0,0,0,0,0,0,0,0,0,0,0,0
milladr01,2023,1,WAS,NL,11,28,1,8,2,0,1,6,0,0,4,5,0,0,1,0,2
milladr01,2024,1,WAS,NL,20,57,7,14,1,0,1,1,4,0,5,16,0,0,0,0,1
milladr01,2025,1,WAS,NL,18,49,6,15,5,1,0,7,2,0,4,7,0,0,1,0,0
millebo05,2023,1,LAN,NL,22,0,0,0,0,0,0,0,0,0,0,0,0,0,0,0,0
millebo05,2024,1,LAN,NL,13,0,0,0,0,0,0,0,0,0,0,0,0,0,0,0,0
millebo05,2025,1,LAN,NL,2,0,0,0,0,0,0,0,0,0,0,0,0,0,0,0,0
millebr02,2023,1,TEX,AL,27,56,8,12,4,0,1,6,0,0,10,11,0,0,0,1,1
millebr04,2023,1,SEA,AL,25,0,0,0,0,0,0,0,0,0,0,0,0,0,0,0,0
millebr04,2024,1,SEA,AL,31,0,0,0,0,0,0,0,0,0,0,0,0,0,0,0,0
millebr04,2025,1,SEA,AL,18,0,0,0,0,0,0,0,0,0,0,0,0,0,0,0,0
milleer01,2024,1,SFN,NL,73,0,0,0,0,0,0,0,0,0,0,0,0,0,0,0,0
milleer01,2025,1,SFN,NL,36,0,0,0,0,0,0,0,0,0,0,0,0,0,0,0,0
millema03,2023,1,OAK,AL,10,0,0,0,0,0,0,0,0,0,0,0,0,0,0,0,0
millema03,2024,1,OAK,AL,55,0,0,0,0,0,0,0,0,0,0,0,0,0,0,0,0
millema03,2025,1,ATH,AL,38,0,0,0,0,0,0,0,0,0,0,0,0,0,0,0,0
millema03,2025,2,SDN,NL,22,0,0,0,0,0,0,0,0,0,0,0,0,0,0,0,0
milleow01,2023,1,MIL,NL,90,291,29,76,17,0,5,27,13,2,17,61,1,2,0,4,6
milleow01,2024,1,MIL,NL,14,27,2,5,1,0,0,3,0,0,0,8,0,0,0,0,1
milleow01,2025,1,COL,NL,9,14,0,2,0,0,0,1,1,0,2,4,0,1,0,0,0
millery01,2024,1,LAA,AL,13,0,0,0,0,0,0,0,0,0,0,0,0,0,0,0,0
millesh01,2023,1,LAN,NL,36,1,0,0,0,0,0,0,0,0,0,0,0,0,0,0,0
millesh01,2024,1,DET,AL,51,0,0,0,0,0,0,0,0,0,0,0,0,0,0,0,0
millesh01,2025,1,ARI,NL,37,0,0,0,0,0,0,0,0,0,0,0,0,0,0,0,0
millesh01,2025,2,MIL,NL,11,0,0,0,0,0,0,0,0,0,0,0,0,0,0,0,0
millety01,2023,1,MIL,NL,7,0,0,0,0,0,0,0,0,0,0,0,0,0,0,0,0
millety01,2023,2,LAN,NL,1,0,0,0,0,0,0,0,0,0,0,0,0,0,0,0,0
millety01,2023,3,NYN,NL,1,0,0,0,0,0,0,0,0,0,0,0,0,0,0,0,0
millety01,2023,4,LAN,NL,1,0,0,0,0,0,0,0,0,0,0,0,0,0,0,0,0
millety01,2024,1,SEA,AL,9,0,0,0,0,0,0,0,0,0,0,0,0,0,0,0,0
millety01,2024,2,CHN,NL,49,0,0,0,0,0,0,0,0,0,0,0,0,0,0,0,0
millsal02,2023,1,CIN,NL,1,0,0,0,0,0,0,0,0,0,0,0,0,0,0,0,0
milneho01,2023,1,MIL,NL,73,0,0,0,0,0,0,0,0,0,0,0,0,0,0,0,0
milneho01,2024,1,MIL,NL,61,0,0,0,0,0,0,0,0,0,0,0,0,0,0,0,0
milneho01,2025,1,TEX,AL,73,0,0,0,0,0,0,0,0,0,0,0,0,0,0,0,0
milonto01,2023,1,SEA,AL,2,0,0,0,0,0,0,0,0,0,0,0,0,0,0,0,0
minteaj01,2023,1,ATL,NL,70,0,0,0,0,0,0,0,0,0,0,0,0,0,0,0,0
minteaj01,2024,1,ATL,NL,39,0,0,0,0,0,0,0,0,0,0,0,0,0,0,0,0
minteaj01,2025,1,NYN,NL,13,0,0,0,0,0,0,0,0,0,0,0,0,0,0,0,0
miranjo01,2023,1,MIN,AL,40,142,12,30,4,0,3,13,0,0,9,24,0,1,0,0,8
miranjo01,2024,1,MIN,AL,121,401,44,114,28,4,9,49,2,2,18,66,1,6,0,4,13
miranjo01,2025,1,MIN,AL,12,36,2,6,0,0,1,5,0,0,0,13,0,0,0,0,0
misiean01,2023,1,ARI,NL,7,0,0,0,0,0,0,0,0,0,0,0,0,0,0,0,0
misiean01,2023,2,DET,AL,1,0,0,0,0,0,0,0,0,0,0,0,0,0,0,0,0
misiean01,2023,3,NYA,AL,3,0,0,0,0,0,0,0,0,0,0,0,0,0,0,0,0
misiean01,2024,1,NYA,AL,1,0,0,0,0,0,0,0,0,0,0,0,0,0,0,0,0
misiean01,2025,1,MIN,AL,5,0,0,0,0,0,0,0,0,0,0,0,0,0,0,0,0
misioja01,2025,1,MIL,NL,15,0,0,0,0,0,0,0,0,0,0,0,0,0,0,0,0
misneka01,2024,1,TBA,AL,8,15,0,1,0,0,0,0,0,0,0,10,0,0,0,0,0
misneka01,2025,1,TBA,AL,71,197,27,42,9,1,5,22,8,1,16,69,0,1,1,2,1
mitchca01,2023,1,PIT,NL,2,4,0,0,0,0,0,0,0,0,1,1,0,0,0,0,0
mitchga01,2023,1,MIL,NL,19,65,10,16,2,1,3,7,1,1,7,26,0,0,0,1,0
mitchga01,2024,1,MIL,NL,69,196,33,50,12,3,8,21,11,4,25,71,0,1,2,0,1
mitchga01,2025,1,MIL,NL,25,68,9,14,4,1,0,3,3,0,7,25,0,1,1,1,0
mizeca01,2024,1,DET,AL,22,0,0,0,0,0,0,0,0,0,0,0,0,0,0,0,0
mizeca01,2025,1,DET,AL,28,0,0,0,0,0,0,0,0,0,0,0,0,0,0,0,0
mlodzca01,2023,1,PIT,NL,35,0,0,0,0,0,0,0,0,0,0,0,0,0,0,0,0
mlodzca01,2024,1,PIT,NL,40,0,0,0,0,0,0,0,0,0,0,0,0,0,0,0,0
mlodzca01,2025,1,PIT,NL,34,0,0,0,0,0,0,0,0,0,0,0,0,0,0,0,0
molinan01,2024,1,COL,NL,35,0,0,0,0,0,0,0,0,0,0,0,0,0,0,0,0
molinan01,2025,1,COL,NL,17,0,0,0,0,0,0,0,0,0,0,0,0,0,0,0,0
mollsa01,2023,1,OAK,AL,45,0,0,0,0,0,0,0,0,0,0,0,0,0,0,0,0
mollsa01,2023,2,CIN,NL,25,0,0,0,0,0,0,0,0,0,0,0,0,0,0,0,0
mollsa01,2024,1,CIN,NL,48,0,0,0,0,0,0,0,0,0,0,0,0,0,0,0,0
mollsa01,2025,1,CIN,NL,23,0,0,0,0,0,0,0,0,0,0,0,0,0,0,0,0
monasan01,2023,1,MIL,NL,92,282,38,73,14,1,3,27,7,2,28,66,0,3,0,2,9
monasan01,2024,1,MIL,NL,59,125,14,26,5,0,1,16,6,2,16,40,0,1,0,0,3
monasan01,2025,1,MIL,NL,68,126,19,34,9,0,4,16,2,1,7,32,0,2,0,0,1
moncayo01,2023,1,CHA,AL,92,334,39,87,20,1,11,40,1,0,20,107,0,2,0,1,6
moncayo01,2024,1,CHA,AL,12,40,4,11,3,1,0,0,1,0,5,11,0,0,0,0,2
moncayo01,2025,1,LAA,AL,84,248,39,58,13,2,12,35,0,0,32,75,1,7,0,2,4
moniami01,2023,1,LAA,AL,85,311,35,87,21,2,14,45,6,3,9,113,1,3,0,0,4
moniami01,2024,1,LAA,AL,124,392,48,86,17,2,14,49,8,4,21,114,0,4,0,1,3
moniami01,2025,1,COL,NL,135,434,62,117,20,8,24,68,9,3,22,110,1,2,0,3,4
montafr01,2023,1,NYA,AL,1,0,0,0,0,0,0,0,0,0,0,0,0,0,0,0,0
montafr01,2024,1,CIN,NL,19,0,0,0,0,0,0,0,0,0,0,0,0,0,0,0,0
montafr01,2024,2,MIL,NL,11,0,0,0,0,0,0,0,0,0,0,0,0,0,0,0,0
montafr01,2025,1,NYN,NL,9,0,0,0,0,0,0,0,0,0,0,0,0,0,0,0,0
montech01,2025,1,ARI,NL,1,0,0,0,0,0,0,0,0,0,0,0,0,0,0,0,0
monteco01,2023,1,COL,NL,18,38,3,7,2,0,1,3,0,0,2,12,0,1,0,0,0
monteco01,2025,1,TBA,AL,5,10,0,2,0,0,0,1,0,0,0,3,0,0,0,0,0
monteel01,2023,1,COL,NL,85,284,40,69,15,2,11,39,0,0,15,111,0,5,0,3,5
monteel01,2024,1,COL,NL,67,224,23,46,10,0,4,28,0,0,20,56,0,0,0,3,7
monteke01,2024,1,DET,AL,19,0,0,0,0,0,0,0,0,0,0,0,0,0,0,0,0
monteke01,2025,1,DET,AL,20,0,0,0,0,0,0,0,0,0,0,0,0,0,0,0,0
montepa01,2025,1,MIA,NL,1,0,0,0,0,0,0,0,0,0,0,0,0,0,0,0,0
montera01,2023,1,HOU,AL,68,0,0,0,0,0,0,0,0,0,0,0,0,0,0,0,0
montera01,2024,1,HOU,AL,41,0,0,0,0,0,0,0,0,0,0,0,0,0,0,0,0
montera01,2025,1,HOU,AL,3,0,0,0,0,0,0,0,0,0,0,0,0,0,0,0,0
montera01,2025,2,ATL,NL,36,0,0,0,0,0,0,0,0,0,0,0,0,0,0,0,0
montera01,2025,3,DET,AL,20,0,0,0,0,0,0,0,0,0,0,0,0,0,0,0,0
montgco01,2025,1,CHA,AL,71,255,43,61,9,1,21,55,0,0,25,83,1,2,0,1,3
montgjo01,2023,1,SLN,NL,21,0,0,0,0,0,0,0,0,0,0,0,0,0,0,0,0
montgjo01,2023,2,TEX,AL,11,0,0,0,0,0,0,0,0,0,0,0,0,0,0,0,0
montgjo01,2024,1,ARI,NL,25,0,0,0,0,0,0,0,0,0,0,0,0,0,0,0,0
montgma01,2024,1,TBA,AL,9,0,0,0,0,0,0,0,0,0,0,0,0,0,0,0,0
montgma01,2025,1,TBA,AL,57,0,0,0,0,0,0,0,0,0,0,0,0,0,0,0,0
moorech03,2025,1,LAA,AL,53,162,20,32,5,1,7,16,3,0,19,62,0,1,1,1,3
mooredy01,2023,1,SEA,AL,67,145,18,30,9,1,7,19,7,3,16,56,0,4,0,0,1
mooredy01,2024,1,SEA,AL,135,368,53,74,23,4,10,42,32,6,53,123,1,14,1,5,8
mooredy01,2025,1,SEA,AL,88,192,29,37,5,0,9,19,12,4,19,76,0,0,0,2,1
mooredy01,2025,2,TEX,AL,18,27,6,7,0,0,2,6,2,1,1,6,0,1,0,1,0
moorema02,2023,1,LAA,AL,41,0,0,0,0,0,0,0,0,0,0,0,0,0,0,0,0
moorema02,2023,2,CLE,AL,5,0,0,0,0,0,0,0,0,0,0,0,0,0,0,0,0
moorema02,2023,3,MIA,NL,4,0,0,0,0,0,0,0,0,0,0,0,0,0,0,0,0
moorema02,2024,1,LAA,AL,51,0,0,0,0,0,0,0,0,0,0,0,0,0,0,0,0
mooremc01,2023,1,PHI,NL,3,0,0,0,0,0,0,0,0,0,0,0,0,0,0,0,0
morallu01,2025,1,ATH,AL,10,0,0,0,0,0,0,0,0,0,0,0,0,0,0,0,0
moranjo01,2023,1,MIN,AL,43,0,0,0,0,0,0,0,0,0,0,0,0,0,0,0,0
moranjo01,2025,1,BOS,AL,2,0,0,0,0,0,0,0,0,0,0,0,0,0,0,0,0
morejad01,2023,1,SDN,NL,8,0,0,0,0,0,0,0,0,0,0,0,0,0,0,0,0
morejad01,2024,1,SDN,NL,60,0,0,0,0,0,0,0,0,0,0,0,0,0,0,0,0
morejad01,2025,1,SDN,NL,75,0,0,0,0,0,0,0,0,0,0,0,0,0,0,0,0
morelch01,2023,1,CHN,NL,107,388,62,96,17,3,26,70,6,2,36,133,0,2,1,2,7
morelch01,2024,1,CHN,NL,103,362,43,72,7,1,18,51,7,5,47,103,2,8,0,4,11
morelch01,2024,2,TBA,AL,49,173,13,33,4,2,3,9,1,2,14,56,1,2,0,1,4
morelch01,2025,1,TBA,AL,105,278,37,61,16,0,11,33,7,2,25,109,0,2,0,0,8
morenga01,2023,1,ARI,NL,111,341,33,97,19,1,7,50,6,2,29,75,0,3,0,7,17
morenga01,2024,1,ARI,NL,97,305,39,81,18,1,5,45,3,1,41,52,1,2,0,3,10
morenga01,2025,1,ARI,NL,83,277,44,79,12,1,9,40,2,2,29,53,3,1,0,2,6
moretda01,2023,1,PIT,NL,55,0,0,0,0,0,0,0,0,0,0,0,0,0,0,0,0
moretda01,2025,1,PIT,NL,18,0,0,0,0,0,0,0,0,0,0,0,0,0,0,0,0
morgada01,2025,1,SDN,NL,41,0,0,0,0,0,0,0,0,0,0,0,0,0,0,0,0
morgael01,2023,1,CLE,AL,61,0,0,0,0,0,0,0,0,0,0,0,0,0,0,0,0
morgael01,2024,1,CLE,AL,32,0,0,0,0,0,0,0,0,0,0,0,0,0,0,0,0
morgael01,2025,1,CHN,NL,7,0,0,0,0,0,0,0,0,0,0,0,0,0,0,0,0
morilju02,2025,1,ARI,NL,42,0,0,0,0,0,0,0,0,0,0,0,0,0,0,0,0
moronre01,2023,1,LAA,AL,2,0,0,0,0,0,0,0,0,0,0,0,0,0,0,0,0
morrico01,2023,1,CLE,AL,6,0,0,0,0,0,0,0,0,0,0,0,0,0,0,0,0
mortoch02,2023,1,ATL,NL,30,0,0,0,0,0,0,0,0,0,0,0,0,0,0,0,0
mortoch02,2024,1,ATL,NL,30,0,0,0,0,0,0,0,0,0,0,0,0,0,0,0,0
mortoch02,2025,1,BAL,AL,23,0,0,0,0,0,0,0,0,0,0,0,0,0,0,0,0
mortoch02,2025,2,DET,AL,9,0,0,0,0,0,0,0,0,0,0,0,0,0,0,0,0
mortoch02,2025,3,ATL,NL,1,0,0,0,0,0,0,0,0,0,0,0,0,0,0,0,0
motteta01,2023,1,SLN,NL,29,76,3,13,3,0,0,2,0,0,5,31,0,1,0,0,0
mountry01,2023,1,BAL,AL,115,423,64,114,21,1,18,68,3,1,37,107,1,3,0,7,13
mountry01,2024,1,BAL,AL,124,473,54,128,30,2,13,63,3,0,27,114,0,1,0,6,13
mountry01,2025,1,BAL,AL,89,332,34,83,18,0,7,35,3,0,15,98,0,4,0,6,10
moustmi01,2023,1,COL,NL,47,115,21,31,7,0,4,17,0,0,17,34,1,1,0,3,1
moustmi01,2023,2,LAA,AL,65,237,22,56,8,0,8,31,0,0,6,61,0,2,0,5,6
muckeza01,2023,1,NYN,NL,3,0,0,0,0,0,0,0,0,0,0,0,0,0,0,0,0
mulleky01,2023,1,OAK,AL,21,0,0,0,0,0,0,0,0,0,0,0,0,0,0,0,0
mulleky01,2024,1,OAK,AL,21,0,0,0,0,0,0,0,0,0,0,0,0,0,0,0,0
mullice01,2023,1,BAL,AL,116,404,51,94,23,3,15,74,19,3,43,101,1,1,3,4,6
mullice01,2024,1,BAL,AL,147,444,69,104,16,3,18,54,32,6,41,98,0,5,2,2,1
mullice01,2025,1,BAL,AL,91,314,42,72,19,0,15,49,14,4,34,85,0,2,1,4,2
mullice01,2025,2,NYN,NL,42,121,16,22,4,1,2,10,8,0,16,35,0,2,2,2,0
muncyma01,2023,1,LAN,NL,135,482,95,102,17,1,36,105,1,2,85,153,4,6,0,6,8
muncyma01,2024,1,LAN,NL,73,237,47,55,17,0,15,48,1,0,45,77,3,5,0,6,1
muncyma01,2025,1,LAN,NL,100,313,48,76,10,2,19,67,4,0,64,83,2,6,0,5,4
muncyma02,2025,1,ATH,AL,63,206,17,44,7,0,9,23,1,1,10,68,0,3,0,1,1
munozan01,2023,1,SEA,AL,52,0,0,0,0,0,0,0,0,0,0,0,0,0,0,0,0
munozan01,2024,1,SEA,AL,60,0,0,0,0,0,0,0,0,0,0,0,0,0,0,0,0
munozan01,2025,1,SEA,AL,64,0,0,0,0,0,0,0,0,0,0,0,0,0,0,0,0
munozro01,2024,1,MIA,NL,18,0,0,0,0,0,0,0,0,0,0,0,0,0,0,0,0
munozro01,2025,1,SLN,NL,9,0,0,0,0,0,0,0,0,0,0,0,0,0,0,0,0
munozro02,2025,1,ATL,NL,3,0,0,0,0,0,0,0,0,0,0,0,0,0,0,0,0
murdono01,2025,1,ATH,AL,14,0,0,0,0,0,0,0,0,0,0,0,0,0,0,0,0
murfepe01,2023,1,SEA,AL,16,0,0,0,0,0,0,0,0,0,0,0,0,0,0,0,0
murfepe01,2025,1,CHA,AL,15,0,0,0,0,0,0,0,0,0,0,0,0,0,0,0,0
murphch01,2023,1,BOS,AL,20,0,0,0,0,0,0,0,0,0,0,0,0,0,0,0,0
murphch01,2025,1,BOS,AL,23,0,0,0,0,0,0,0,0,0,0,0,0,0,0,0,0
murphse01,2023,1,ATL,NL,108,370,65,93,21,0,21,68,0,0,49,98,0,18,0,1,18
murphse01,2024,1,ATL,NL,72,233,19,45,5,1,10,25,0,0,27,67,1,3,0,1,7
murphse01,2025,1,ATL,NL,94,291,34,58,13,0,16,45,0,0,35,105,1,8,0,3,9
murphto04,2023,1,SEA,AL,47,145,19,42,12,0,8,17,0,0,10,44,0,1,0,2,4
murphto04,2024,1,SFN,NL,13,34,3,4,1,0,1,2,0,0,4,14,0,0,0,0,0
murraja01,2025,1,HOU,AL,9,0,0,0,0,0,0,0,0,0,0,0,0,0,0,0,0
musgrjo01,2023,1,SDN,NL,17,0,0,0,0,0,0,0,0,0,0,0,0,0,0,0,0
musgrjo01,2024,1,SDN,NL,19,0,0,0,0,0,0,0,0,0,0,0,0,0,0,0,0
mushipa01,2023,1,HOU,AL,14,0,0,0,0,0,0,0,0,0,0,0,0,0,0,0,0
mushipa01,2024,1,HOU,AL,10,0,0,0,0,0,0,0,0,0,0,0,0,0,0,0,0
myersda01,2023,1,MIA,NL,22,67,9,18,3,0,1,9,1,1,2,19,0,0,0,1,1
myersda01,2024,1,MIA,NL,44,95,17,25,6,1,3,19,4,1,8,36,0,3,0,2,0
myersda01,2025,1,MIA,NL,106,307,29,72,10,0,6,31,18,5,23,77,0,2,0,1,12
myersto01,2024,1,MIL,NL,27,0,0,0,0,0,0,0,0,0,0,0,0,0,0,0,0
myersto01,2025,1,MIL,NL,22,0,0,0,0,0,0,0,0,0,0,0,0,0,0,0,0
myerswi01,2023,1,CIN,NL,37,127,11,24,3,0,3,12,2,1,12,48,0,0,1,1,3
naileja01,2023,1,SLN,NL,10,0,0,0,0,0,0,0,0,0,0,0,0,0,0,0,0
nanceto01,2024,1,TOR,AL,20,0,0,0,0,0,0,0,0,0,0,0,0,0,0,0,0
nanceto01,2025,1,TOR,AL,30,0,0,0,0,0,0,0,0,0,0,0,0,0,0,0,0
naquity01,2023,1,CHA,AL,5,8,0,0,0,0,0,0,0,0,0,7,0,0,0,0,0
nardian01,2023,1,MIA,NL,63,0,0,0,0,0,0,0,0,0,0,0,0,0,0,0,0
nardian01,2024,1,MIA,NL,59,0,0,0,0,0,0,0,0,0,0,0,0,0,0,0,0
narvaca01,2024,1,NYA,AL,6,13,0,3,0,0,0,0,0,0,2,6,0,0,0,0,0
narvaca01,2025,1,BOS,AL,118,403,51,97,27,0,15,50,1,1,38,111,0,1,2,2,12
narvaom01,2023,1,NYN,NL,49,128,12,27,5,0,2,7,0,0,14,27,0,0,1,3,1
narvaom01,2024,1,NYN,NL,28,65,4,10,2,0,0,5,0,0,3,12,0,0,1,0,2
narvaom01,2025,1,CHA,AL,4,7,1,2,0,0,0,3,0,0,2,1,0,0,0,1,0
nastrni01,2024,1,CHA,AL,9,0,0,0,0,0,0,0,0,0,0,0,0,0,0,0,0
naughpa01,2023,1,SLN,NL,4,0,0,0,0,0,0,0,0,0,0,0,0,0,0,0,0
navarbr01,2025,1,MIA,NL,8,14,3,4,2,0,1,5,0,0,0,3,0,0,0,1,0
navared01,2023,1,CHA,AL,8,0,0,0,0,0,0,0,0,0,0,0,0,0,0,0,0
naylobo01,2023,1,CLE,AL,67,198,33,47,13,0,11,32,5,0,30,53,1,1,0,1,2
naylobo01,2024,1,CLE,AL,123,354,39,71,10,2,13,39,6,3,29,122,1,2,2,2,3
naylobo01,2025,1,CLE,AL,123,359,46,70,22,1,14,47,1,2,45,99,0,1,3,6,4
naylojo01,2023,1,CLE,AL,121,452,52,139,31,0,17,97,10,3,33,68,9,3,0,7,11
naylojo01,2024,1,CLE,AL,152,563,84,137,27,0,31,108,6,2,58,105,7,7,0,4,17
naylojo01,2025,1,ARI,NL,93,349,49,102,19,1,11,59,11,2,37,49,4,2,0,4,14
naylojo01,2025,2,SEA,AL,54,194,32,58,10,0,9,33,19,0,11,34,0,2,0,1,3
nealza01,2023,1,OAK,AL,14,0,0,0,0,0,0,0,0,0,0,0,0,0,0,0,0
neelyja01,2024,1,CHN,NL,6,0,0,0,0,0,0,0,0,0,0,0,0,0,0,0,0
nelsoky01,2023,1,ARI,NL,68,0,0,0,0,0,0,0,0,0,0,0,0,0,0,0,0
nelsoky01,2024,1,ARI,NL,11,0,0,0,0,0,0,0,0,0,0,0,0,0,0,0,0
nelsoky01,2025,1,ARI,NL,3,0,0,0,0,0,0,0,0,0,0,0,0,0,0,0,0
nelsoni01,2023,1,PHI,NL,1,0,0,0,0,0,0,0,0,0,0,0,0,0,0,0,0
nelsoni01,2024,1,PHI,NL,4,0,0,0,0,0,0,0,0,0,0,0,0,0,0,0,0
nelsory01,2023,1,ARI,NL,29,0,0,0,0,0,0,0,0,0,0,0,0,0,0,0,0
nelsory01,2024,1,ARI,NL,28,0,0,0,0,0,0,0,0,0,0,0,0,0,0,0,0
nelsory01,2025,1,ARI,NL,34,1,1,1,0,0,0,1,0,0,0,0,0,0,0,0,0
nerishe01,2023,1,HOU,AL,71,0,0,0,0,0,0,0,0,0,0,0,0,0,0,0,0
nerishe01,2024,1,CHN,NL,46,0,0,0,0,0,0,0,0,0,0,0,0,0,0,0,0
nerishe01,2024,2,HOU,AL,16,0,0,0,0,0,0,0,0,0,0,0,0,0,0,0,0
nerishe01,2025,1,ATL,NL,2,0,0,0,0,0,0,0,0,0,0,0,0,0,0,0,0
nerishe01,2025,2,LAA,AL,21,0,0,0,0,0,0,0,0,0,0,0,0,0,0,0,0
nerishe01,2025,3,HOU,AL,12,0,0,0,0,0,0,0,0,0,0,0,0,0,0,0,0
netoza01,2023,1,LAA,AL,84,289,38,65,17,0,9,34,5,1,20,77,0,16,1,3,5
netoza01,2024,1,LAA,AL,155,542,70,135,34,1,23,77,30,10,39,140,1,16,4,1,14
netoza01,2025,1,LAA,AL,128,502,82,129,29,1,26,62,26,9,33,149,6,14,2,3,5
nevinty01,2023,1,DET,AL,41,95,11,19,3,1,2,10,0,1,12,25,0,3,0,1,1
nevinty01,2024,1,OAK,AL,87,245,22,50,10,0,7,20,1,0,25,64,0,5,0,3,5
newcose01,2023,1,OAK,AL,7,0,0,0,0,0,0,0,0,0,0,0,0,0,0,0,0
newcose01,2024,1,OAK,AL,7,0,0,0,0,0,0,0,0,0,0,0,0,0,0,0,0
newcose01,2025,1,BOS,AL,12,0,0,0,0,0,0,0,0,0,0,0,0,0,0,0,0
newcose01,2025,2,ATH,AL,36,0,0,0,0,0,0,0,0,0,0,0,0,0,0,0,0
newmake01,2023,1,CIN,NL,74,225,28,57,16,0,3,28,8,1,17,34,0,4,2,5,7
newmake01,2024,1,ARI,NL,111,288,41,80,17,1,3,28,8,1,15,48,1,0,6,2,7
newmake01,2025,1,LAA,AL,57,114,13,23,2,0,2,11,1,0,1,23,0,0,1,0,5
nicolky01,2023,1,PIT,NL,4,0,0,0,0,0,0,0,0,0,0,0,0,0,0,0,0
nicolky01,2024,1,PIT,NL,51,0,0,0,0,0,0,0,0,0,0,0,0,0,0,0,0
nicolky01,2025,1,PIT,NL,31,0,0,0,0,0,0,0,0,0,0,0,0,0,0,0,0
nidoto01,2023,1,NYN,NL,22,56,5,7,0,0,0,1,0,0,2,18,0,0,2,1,2
nidoto01,2024,1,NYN,NL,32,83,9,19,2,0,3,8,0,0,4,20,0,0,2,1,0
nidoto01,2024,2,CHN,NL,17,47,5,6,2,0,1,4,0,0,1,15,0,0,1,1,1
nidoto01,2025,1,DET,AL,11,35,4,12,0,0,0,2,0,0,0,10,0,1,1,0,1
nikhado01,2025,1,CLE,AL,2,0,0,0,0,0,0,0,0,0,0,0,0,0,0,0,0
nimmobr01,2023,1,NYN,NL,152,592,89,162,30,6,24,68,3,3,74,146,0,11,1,4,6
nimmobr01,2024,1,NYN,NL,151,571,88,128,25,3,23,90,15,0,77,158,1,12,0,3,7
nimmobr01,2025,1,NYN,NL,155,587,81,154,27,0,25,92,13,1,50,141,1,7,1,7,8
nittovi01,2023,1,NYN,NL,3,0,0,0,0,0,0,0,0,0,0,0,0,0,0,0,0
nittovi01,2024,1,OAK,AL,7,0,0,0,0,0,0,0,0,0,0,0,0,0,0,0,0
nittovi01,2024,2,BAL,AL,2,0,0,0,0,0,0,0,0,0,0,0,0,0,0,0,0
nodary01,2023,1,OAK,AL,128,406,63,93,22,1,16,54,3,1,77,170,1,10,0,2,4
nodary01,2024,1,OAK,AL,36,95,8,13,4,0,1,4,0,0,14,37,0,1,1,0,0
nodary01,2025,1,CHA,AL,16,34,3,3,0,0,1,1,0,0,10,19,1,0,1,0,0
nodary01,2025,2,BAL,AL,7,13,0,2,0,0,0,1,1,0,1,6,1,0,0,0,0
noeljh01,2024,1,CLE,AL,67,179,25,39,7,1,13,28,0,0,13,63,0,5,0,1,1
noeljh01,2025,1,CLE,AL,69,148,19,24,2,0,6,13,0,0,4,52,0,0,0,1,4
nogosst01,2023,1,NYN,NL,13,0,0,0,0,0,0,0,0,0,0,0,0,0,0,0,0
nolaaa01,2023,1,PHI,NL,32,0,0,0,0,0,0,0,0,0,0,0,0,0,0,0,0
nolaaa01,2024,1,PHI,NL,33,0,0,0,0,0,0,0,0,0,0,0,0,0,0,0,0
nolaaa01,2025,1,PHI,NL,17,0,0,0,0,0,0,0,0,0,0,0,0,0,0,0,0
nolaau01,2023,1,SDN,NL,52,130,9,19,3,0,1,8,0,0,18,31,0,2,4,0,5
nolaau01,2025,1,COL,NL,15,38,2,7,1,0,0,1,0,0,2,5,0,0,1,0,2
nolinse01,2023,1,MIA,NL,1,0,0,0,0,0,0,0,0,0,0,0,0,0,0,0,0
nootbla01,2023,1,SLN,NL,117,426,74,111,23,1,14,46,11,1,72,99,2,1,1,3,7
nootbla01,2024,1,SLN,NL,109,348,39,85,18,3,12,45,7,3,52,79,2,1,1,3,10
nootbla01,2025,1,SLN,NL,135,509,68,119,24,1,13,48,4,5,64,119,3,6,1,3,4
norbyco01,2024,1,BAL,AL,9,32,3,6,1,0,2,3,0,0,0,12,0,0,0,0,1
norbyco01,2024,2,MIA,NL,36,146,29,36,8,0,7,17,3,3,15,52,0,0,0,1,1
norbyco01,2025,1,MIA,NL,88,311,42,78,17,1,8,34,8,2,18,90,0,5,0,3,3
norrida01,2023,1,CLE,AL,7,0,0,0,0,0,0,0,0,0,0,0,0,0,0,0,0
nunezde01,2024,1,NYN,NL,25,0,0,0,0,0,0,0,0,0,0,0,0,0,0,0,0
nunezde01,2025,1,NYN,NL,10,0,0,0,0,0,0,0,0,0,0,0,0,0,0,0,0
nunezdo01,2025,1,CLE,AL,2,7,2,2,0,0,0,0,0,0,0,4,0,0,0,0,0
nunezed03,2025,1,SDN,NL,4,0,0,0,0,0,0,0,0,0,0,0,0,0,0,0,0
nunezed03,2025,2,ATH,AL,6,0,0,0,0,0,0,0,0,0,0,0,0,0,0,0,0
nunezna01,2024,1,WAS,NL,51,61,14,15,1,0,0,1,8,2,12,15,0,0,5,0,1
nunezna01,2025,1,WAS,NL,39,82,13,19,2,0,4,13,9,1,8,20,0,0,1,1,1
oberba01,2023,1,MIN,AL,26,0,0,0,0,0,0,0,0,0,0,0,0,0,0,0,0
oberba01,2024,1,MIN,AL,31,0,0,0,0,0,0,0,0,0,0,0,0,0,0,0,0
oberba01,2025,1,MIN,AL,27,0,0,0,0,0,0,0,0,0,0,0,0,0,0,0,0
obrieri01,2024,1,SLN,NL,8,0,0,0,0,0,0,0,0,0,0,0,0,0,0,0,0
obrieri01,2025,1,SLN,NL,42,0,0,0,0,0,0,0,0,0,0,0,0,0,0,0,0
odorro01,2023,1,SDN,NL,59,138,21,28,9,0,4,18,2,1,17,37,0,2,0,0,2
ogasash01,2025,1,WAS,NL,23,1,0,0,0,0,0,0,0,0,0,1,0,0,0,0,0
ohearry01,2023,1,BAL,AL,112,346,48,100,22,1,14,60,5,1,15,82,2,3,1,3,2
ohearry01,2024,1,BAL,AL,142,443,60,117,21,3,15,59,3,1,46,69,2,2,0,3,7
ohearry01,2025,1,BAL,AL,94,311,45,88,15,1,13,43,3,1,42,63,3,5,0,3,10
ohearry01,2025,2,SDN,NL,50,163,22,45,6,0,4,20,0,0,16,46,1,3,0,1,1
ohlpi01,2025,1,MIN,AL,14,0,0,0,0,0,0,0,0,0,0,0,0,0,0,0,0
ohopplo01,2023,1,LAA,AL,51,182,23,43,6,0,14,29,0,1,14,48,0,2,0,1,4
ohopplo01,2024,1,LAA,AL,136,479,64,117,17,1,20,56,2,3,33,155,0,8,1,1,7
ohopplo01,2025,1,LAA,AL,119,423,35,90,8,1,19,43,2,1,24,139,0,2,1,1,12
ohtansh01,2023,1,LAA,AL,135,497,102,151,26,8,44,95,20,6,91,143,21,3,0,3,9
ohtansh01,2024,1,LAN,NL,159,636,134,197,38,7,54,130,59,4,81,162,10,6,0,5,7
ohtansh01,2025,1,LAN,NL,158,611,146,172,25,9,55,102,20,6,109,187,20,3,0,2,9
okeefbr01,2023,1,SEA,AL,8,19,0,2,2,0,0,2,0,0,2,7,0,0,0,0,2
okertst01,2023,1,MIA,NL,64,0,0,0,0,0,0,0,0,0,0,0,0,0,0,0,0
okertst01,2024,1,MIN,AL,44,0,0,0,0,0,0,0,0,0,0,0,0,0,0,0,0
okertst01,2025,1,HOU,AL,68,0,0,0,0,0,0,0,0,0,0,0,0,0,0,0,0
okeych01,2023,1,LAA,AL,2,2,0,0,0,0,0,0,0,0,0,2,0,0,0,0,0
olivaed02,2023,1,KCA,AL,107,354,47,93,23,4,12,36,11,5,22,64,1,7,0,2,7
olivaed02,2024,1,PIT,NL,55,174,22,39,4,0,5,23,1,0,16,37,0,2,0,4,3
ollerad01,2023,1,OAK,AL,9,0,0,0,0,0,0,0,0,0,0,0,0,0,0,0,0
ollerad01,2024,1,MIA,NL,8,0,0,0,0,0,0,0,0,0,0,0,0,0,0,0,0
olougja01,2024,1,OAK,AL,4,0,0,0,0,0,0,0,0,0,0,0,0,0,0,0,0
olsonma02,2023,1,ATL,NL,162,608,127,172,27,3,54,139,1,0,104,167,8,4,0,4,13
olsonma02,2024,1,ATL,NL,162,600,78,148,37,1,29,98,0,0,71,170,5,9,0,5,15
olsonma02,2025,1,ATL,NL,162,624,98,170,41,2,29,95,1,0,91,176,2,4,0,5,14
olsonre01,2023,1,DET,AL,21,0,0,0,0,0,0,0,0,0,0,0,0,0,0,0,0
olsonre01,2024,1,DET,AL,22,0,0,0,0,0,0,0,0,0,0,0,0,0,0,0,0
olsonre01,2025,1,DET,AL,13,0,0,0,0,0,0,0,0,0,0,0,0,0,0,0,0
oneilty01,2023,1,SLN,NL,72,238,27,55,14,0,9,21,5,0,28,67,0,0,0,0,5
oneilty01,2024,1,BOS,AL,113,411,74,99,18,0,31,61,4,0,53,159,5,7,0,2,13
oneilty01,2025,1,BAL,AL,54,181,22,36,6,1,9,26,4,0,22,51,1,3,0,3,2
orneljo01,2023,1,TEX,AL,8,7,2,1,0,0,0,0,0,0,0,4,0,1,0,0,0
orneljo01,2024,1,TEX,AL,18,37,1,8,2,0,0,3,0,0,2,13,0,0,1,0,0
orneljo01,2025,1,TEX,AL,4,5,0,0,0,0,0,0,0,0,1,3,0,0,0,0,0
orneljo01,2025,2,ATL,NL,2,4,1,2,0,0,0,0,0,0,0,0,0,0,0,0,0
ornelti01,2025,1,SDN,NL,7,14,0,1,0,0,0,1,0,0,2,2,0,0,0,0,1
ortegol01,2023,1,MIN,AL,10,0,0,0,0,0,0,0,0,0,0,0,0,0,0,0,0
ortegra01,2023,1,NYN,NL,47,114,16,25,3,0,1,8,6,1,20,33,0,1,1,0,0
ortegra01,2024,1,CHA,AL,14,14,4,1,0,0,0,1,2,0,2,4,0,0,0,1,1
ortizjo06,2023,1,BAL,AL,15,33,4,7,1,0,0,4,0,0,0,9,0,0,0,1,2
ortizjo06,2024,1,MIL,NL,142,440,58,105,25,6,11,60,11,6,56,103,0,6,3,6,10
ortizjo06,2025,1,MIL,NL,149,470,62,108,18,1,7,45,14,3,27,74,0,3,6,0,10
ortizlu02,2023,1,PHI,NL,14,0,0,0,0,0,0,0,0,0,0,0,0,0,0,0,0
ortizlu02,2024,1,PHI,NL,1,0,0,0,0,0,0,0,0,0,0,0,0,0,0,0,0
ortizlu03,2023,1,PIT,NL,18,0,0,0,0,0,0,0,0,0,0,0,0,0,0,0,0
ortizlu03,2024,1,PIT,NL,37,0,0,0,0,0,0,0,0,0,0,0,0,0,0,0,0
ortizlu03,2025,1,CLE,AL,16,0,0,0,0,0,0,0,0,0,0,0,0,0,0,0,0
ortka01,2023,1,BOS,AL,21,0,0,0,0,0,0,0,0,0,0,0,0,0,0,0,0
ortka01,2024,1,HOU,AL,22,0,0,0,0,0,0,0,0,0,0,0,0,0,0,0,0
ortka01,2025,1,HOU,AL,49,0,0,0,0,0,0,0,0,0,0,0,0,0,0,0,0
orzeer01,2024,1,NYN,NL,2,0,0,0,0,0,0,0,0,0,0,0,0,0,0,0,0
orzeer01,2025,1,TBA,AL,33,0,0,0,0,0,0,0,0,0,0,0,0,0,0,0,0
osunaal02,2025,1,TEX,AL,63,151,12,32,4,0,2,15,5,4,21,34,1,2,0,2,1
otanemi01,2024,1,OAK,AL,36,0,0,0,0,0,0,0,0,0,0,0,0,0,0,0,0
otanemi01,2025,1,ATH,AL,6,0,0,0,0,0,0,0,0,0,0,0,0,0,0,0,0
ottavad01,2023,1,NYN,NL,66,0,0,0,0,0,0,0,0,0,0,0,0,0,0,0,0
ottavad01,2024,1,NYN,NL,60,0,0,0,0,0,0,0,0,0,0,0,0,0,0,0,0
ottavad01,2025,1,NYA,AL,3,0,0,0,0,0,0,0,0,0,0,0,0,0,0,0,0
ottogl01,2023,1,TEX,AL,6,0,0,0,0,0,0,0,0,0,0,0,0,0,0,0,0
outmaja01,2023,1,LAN,NL,151,483,86,120,16,3,23,70,16,3,68,181,1,12,0,4,4
outmaja01,2024,1,LAN,NL,53,136,12,20,4,0,4,11,2,1,16,55,0,4,0,0,0
outmaja01,2025,1,LAN,NL,22,39,8,4,1,0,2,4,0,0,4,18,0,1,0,0,0
outmaja01,2025,2,MIN,AL,37,95,11,14,4,1,4,7,1,0,8,45,0,1,0,0,0
overtco01,2023,1,CIN,NL,3,0,0,0,0,0,0,0,0,0,0,0,0,0,0,0,0
oviedjo01,2023,1,PIT,NL,32,0,0,0,0,0,0,0,0,0,0,0,0,0,0,0,0
oviedjo01,2025,1,PIT,NL,9,0,0,0,0,0,0,0,0,0,0,0,0,0,0,0,0
owensty01,2025,1,DET,AL,3,0,0,0,0,0,0,0,0,0,0,0,0,0,0,0,0
owingch01,2023,1,PIT,NL,11,25,0,4,0,0,0,0,0,0,0,12,0,0,0,0,1
ozunama01,2023,1,ATL,NL,144,530,84,145,29,1,40,100,0,0,57,134,1,3,0,2,9
ozunama01,2024,1,ATL,NL,162,606,96,183,31,0,39,104,1,0,74,170,2,3,0,4,23
ozunama01,2025,1,ATL,NL,145,487,61,113,19,0,21,68,0,0,94,144,2,3,0,7,11
pachecr01,2023,1,PHI,NL,48,84,12,20,7,1,2,11,2,3,10,27,0,0,1,0,1
pachecr01,2024,1,PHI,NL,50,104,9,21,5,1,0,9,0,0,13,43,0,0,0,1,1
pachecr01,2024,2,BAL,AL,3,1,0,1,0,0,0,0,0,0,0,0,0,0,0,0,0
pachecr01,2024,3,MIA,NL,35,60,4,11,3,0,1,7,1,0,4,21,0,0,0,0,1
paddach01,2023,1,MIN,AL,3,0,0,0,0,0,0,0,0,0,0,0,0,0,0,0,0
paddach01,2024,1,MIN,AL,17,0,0,0,0,0,0,0,0,0,0,0,0,0,0,0,0
paddach01,2025,1,MIN,AL,21,0,0,0,0,0,0,0,0,0,0,0,0,0,0,0,0
paddach01,2025,2,DET,AL,12,0,0,0,0,0,0,0,0,0,0,0,0,0,0,0,0
padilni01,2023,1,CHA,AL,3,0,0,0,0,0,0,0,0,0,0,0,0,0,0,0,0
padloke01,2023,1,LAA,AL,3,8,1,1,1,0,0,0,0,0,0,0,0,0,0,0,1
paganem01,2023,1,MIN,AL,66,0,0,0,0,0,0,0,0,0,0,0,0,0,0,0,0
paganem01,2024,1,CIN,NL,38,0,0,0,0,0,0,0,0,0,0,0,0,0,0,0,0
paganem01,2025,1,CIN,NL,70,0,0,0,0,0,0,0,0,0,0,0,0,0,0,0,0
pagesan01,2024,1,LAN,NL,116,403,65,100,23,1,13,46,1,2,29,108,0,6,0,4,8
pagesan01,2025,1,LAN,NL,156,581,74,158,27,1,27,86,14,7,29,135,0,8,0,6,9
pagespe01,2024,1,SLN,NL,68,202,19,48,3,2,7,27,2,0,13,58,0,0,1,2,7
pagespe01,2025,1,SLN,NL,112,361,38,83,15,0,11,45,0,0,19,107,1,3,3,3,9
palacjo01,2023,1,PIT,NL,91,247,26,59,9,2,10,40,5,0,12,56,0,2,2,1,7
palacjo01,2024,1,PIT,NL,23,67,10,15,2,0,2,9,1,0,10,12,0,1,0,0,1
palacjo01,2025,1,CHA,AL,51,128,11,26,4,0,3,9,0,0,12,36,0,4,1,0,0
palacri01,2023,1,SLN,NL,32,93,9,24,6,0,6,16,2,0,6,11,0,1,1,1,1
palacri01,2024,1,TBA,AL,92,264,46,59,8,1,5,21,19,1,45,67,2,5,0,1,5
palacri01,2025,1,TBA,AL,17,42,10,14,2,0,1,3,4,0,5,9,0,0,0,1,3
palenda01,2023,1,CHN,NL,27,0,0,0,0,0,0,0,0,0,0,0,0,0,0,0,0
palenda01,2024,1,CHN,NL,10,0,0,0,0,0,0,0,0,0,0,0,0,0,0,0,0
palenda01,2025,1,CHN,NL,54,0,0,0,0,0,0,0,0,0,0,0,0,0,0,0,0
palisja01,2025,1,CHA,AL,1,0,0,0,0,0,0,0,0,0,0,0,0,0,0,0,0
pallaan01,2023,1,SLN,NL,62,0,0,0,0,0,0,0,0,0,0,0,0,0,0,0,0
pallaan01,2024,1,SLN,NL,29,0,0,0,0,0,0,0,0,0,0,0,0,0,0,0,0
pallaan01,2025,1,SLN,NL,31,0,0,0,0,0,0,0,0,0,0,0,0,0,0,0,0
palmqca01,2025,1,COL,NL,9,0,0,0,0,0,0,0,0,0,0,0,0,0,0,0,0
pannoth01,2023,1,MIL,NL,1,0,0,0,0,0,0,0,0,0,0,0,0,0,0,0,0
pareden01,2024,1,MIL,NL,17,0,0,0,0,0,0,0,0,0,0,0,0,0,0,0,0
pareden01,2024,2,CHN,NL,1,0,0,0,0,0,0,0,0,0,0,0,0,0,0,0,0
paredis01,2023,1,TBA,AL,143,492,71,123,24,0,31,98,1,0,58,104,0,20,0,1,11
paredis01,2024,1,TBA,AL,101,363,41,89,19,1,16,55,0,1,52,68,2,12,0,2,13
paredis01,2024,2,CHN,NL,52,179,23,40,6,0,3,25,1,0,24,37,0,5,0,4,4
paredis01,2025,1,HOU,AL,102,378,53,96,15,1,20,53,0,1,50,76,0,8,0,2,10
parisky01,2023,1,LAA,AL,15,40,4,4,0,0,0,1,3,0,4,17,0,1,1,0,0
parisky01,2024,1,LAA,AL,21,51,4,6,2,0,1,5,1,0,7,17,0,0,0,0,1
parisky01,2025,1,LAA,AL,44,126,20,24,4,1,6,11,7,1,10,59,0,3,0,0,1
parkemi01,2024,1,WAS,NL,29,0,0,0,0,0,0,0,0,0,0,0,0,0,0,0,0
parkemi01,2025,1,WAS,NL,33,0,0,0,0,0,0,0,0,0,0,0,0,0,0,0,0
parsowe01,2023,1,TOR,AL,1,0,0,0,0,0,0,0,0,0,0,0,0,0,0,0,0
parsowe01,2024,1,TOR,AL,2,0,0,0,0,0,0,0,0,0,0,0,0,0,0,0,0
parsowe01,2024,2,CLE,AL,2,0,0,0,0,0,0,0,0,0,0,0,0,0,0,0,0
pasquvi01,2023,1,KCA,AL,61,231,24,57,17,0,9,26,0,0,25,31,2,2,0,1,7
pasquvi01,2024,1,KCA,AL,131,496,64,130,30,2,19,97,1,0,40,71,1,4,1,13,12
pasquvi01,2025,1,KCA,AL,160,621,72,164,33,1,32,113,1,0,49,107,5,7,0,5,14
patinlu01,2023,1,TBA,AL,2,0,0,0,0,0,0,0,0,0,0,0,0,0,0,0,0
patinlu01,2023,2,CHA,AL,7,0,0,0,0,0,0,0,0,0,0,0,0,0,0,0,0
patrich01,2025,1,MIL,NL,27,0,0,0,0,0,0,0,0,0,0,0,0,0,0,0,0
pattosp01,2023,1,OAK,AL,12,0,0,0,0,0,0,0,0,0,0,0,0,0,0,0,0
paulegr01,2024,1,SDN,NL,13,32,4,4,0,0,2,5,0,0,0,15,0,0,0,0,1
paulegr01,2025,1,MIA,NL,62,161,18,36,9,1,4,11,2,0,21,36,0,0,1,1,1
paxtoja01,2023,1,BOS,AL,19,0,0,0,0,0,0,0,0,0,0,0,0,0,0,0,0
paxtoja01,2024,1,LAN,NL,18,0,0,0,0,0,0,0,0,0,0,0,0,0,0,0,0
paxtoja01,2024,2,BOS,AL,3,0,0,0,0,0,0,0,0,0,0,0,0,0,0,0,0
payamjo01,2023,1,MIL,NL,69,0,0,0,0,0,0,0,0,0,0,0,0,0,0,0,0
payamjo01,2024,1,MIL,NL,68,0,0,0,0,0,0,0,0,0,0,0,0,0,0,0,0
payamjo01,2025,1,MIL,NL,28,0,0,0,0,0,0,0,0,0,0,0,0,0,0,0,0
payamjo01,2025,2,ATL,NL,2,0,0,0,0,0,0,0,0,0,0,0,0,0,0,0,0
pearsna01,2023,1,TOR,AL,35,0,0,0,0,0,0,0,0,0,0,0,0,0,0,0,0
pearsna01,2024,1,TOR,AL,41,0,0,0,0,0,0,0,0,0,0,0,0,0,0,0,0
pearsna01,2024,2,CHN,NL,19,0,0,0,0,0,0,0,0,0,0,0,0,0,0,0,0
pearsna01,2025,1,CHN,NL,11,0,0,0,0,0,0,0,0,0,0,0,0,0,0,0,0
pederjo01,2023,1,SFN,NL,121,358,59,84,14,3,15,51,0,0,57,89,6,7,0,3,12
pederjo01,2024,1,ARI,NL,132,367,62,101,17,1,23,64,7,4,55,105,2,18,1,3,5
pederjo01,2025,1,TEX,AL,96,265,28,48,10,1,9,26,2,0,34,65,0,5,0,1,5
pegueel01,2023,1,MIL,NL,59,0,0,0,0,0,0,0,0,0,0,0,0,0,0,0,0
pegueel01,2024,1,MIL,NL,52,0,0,0,0,0,0,0,0,0,0,0,0,0,0,0,0
pegueel01,2025,1,MIL,NL,6,0,0,0,0,0,0,0,0,0,0,0,0,0,0,0,0
pegueel01,2025,2,CHA,AL,2,0,0,0,0,0,0,0,0,0,0,0,0,0,0,0,0
peguejo01,2025,1,SFN,NL,17,0,0,0,0,0,0,0,0,0,0,0,0,0,0,0,0
pegueli01,2023,1,PIT,NL,59,198,21,47,4,1,7,26,6,2,11,67,0,1,2,1,6
pegueli01,2024,1,PIT,NL,3,10,0,2,1,0,0,2,0,0,0,3,0,0,0,0,0
pegueli01,2025,1,PIT,NL,33,80,9,16,1,0,4,8,4,0,6,25,0,2,0,0,3
penaje02,2023,1,HOU,AL,150,577,81,152,32,3,10,52,13,9,43,129,1,9,1,1,11
penaje02,2024,1,HOU,AL,157,602,78,160,28,2,15,70,20,6,25,111,1,14,3,6,15
penaje02,2025,1,HOU,AL,125,493,68,150,30,2,17,62,20,2,35,93,2,12,1,2,9
penniwa01,2024,1,KCA,AL,1,0,0,0,0,0,0,0,0,0,0,0,0,0,0,0,0
penniwa01,2024,2,TEX,AL,15,0,0,0,0,0,0,0,0,0,0,0,0,0,0,0,0
penroza01,2024,1,BOS,AL,7,0,0,0,0,0,0,0,0,0,0,0,0,0,0,0,0
pepiory01,2023,1,LAN,NL,8,0,0,0,0,0,0,0,0,0,0,0,0,0,0,0,0
pepiory01,2024,1,TBA,AL,26,0,0,0,0,0,0,0,0,0,0,0,0,0,0,0,0
pepiory01,2025,1,TBA,AL,31,0,0,0,0,0,0,0,0,0,0,0,0,0,0,0,0
peralda01,2023,1,LAN,NL,133,394,47,102,25,1,7,55,4,1,20,72,1,2,0,6,8
peralda01,2024,1,SDN,NL,91,236,35,63,11,0,8,28,2,0,22,54,0,2,0,0,3
peralfr01,2023,1,MIL,NL,30,0,0,0,0,0,0,0,0,0,0,0,0,0,0,0,0
peralfr01,2024,1,MIL,NL,32,0,0,0,0,0,0,0,0,0,0,0,0,0,0,0,0
peralfr01,2025,1,MIL,NL,33,0,0,0,0,0,0,0,0,0,0,0,0,0,0,0,0
perallu01,2024,1,COL,NL,15,0,0,0,0,0,0,0,0,0,0,0,0,0,0,0,0
perallu01,2025,1,COL,NL,22,0,0,0,0,0,0,0,0,0,0,0,0,0,0,0,0
peralsa01,2023,1,CHA,AL,16,0,0,0,0,0,0,0,0,0,0,0,0,0,0,0,0
peralsa01,2024,1,CHA,AL,9,0,0,0,0,0,0,0,0,0,0,0,0,0,0,0,0
peralsa01,2025,1,LAA,AL,5,0,0,0,0,0,0,0,0,0,0,0,0,0,0,0,0
peralwa01,2023,1,NYA,AL,63,0,0,0,0,0,0,0,0,0,0,0,0,0,0,0,0
peralwa01,2024,1,SDN,NL,46,0,0,0,0,0,0,0,0,0,0,0,0,0,0,0,0
peralwa01,2025,1,SDN,NL,71,0,0,0,0,0,0,0,0,0,0,0,0,0,0,0,0
perazos02,2023,1,NYA,AL,52,173,15,33,8,0,2,14,4,3,13,50,0,5,0,0,1
perazos02,2024,1,NYA,AL,4,10,2,2,0,0,1,1,0,0,1,3,0,0,0,0,0
perazos02,2025,1,NYA,AL,71,158,18,24,5,0,3,13,3,0,11,47,0,1,0,0,3
perazos02,2025,2,LAA,AL,35,86,6,16,1,0,2,7,6,0,6,33,0,1,0,1,3
perdoan01,2023,1,PIT,NL,30,0,0,0,0,0,0,0,0,0,0,0,0,0,0,0,0
perdoan01,2025,1,ATH,AL,4,0,0,0,0,0,0,0,0,0,0,0,0,0,0,0,0
perdoge01,2023,1,ARI,NL,144,407,71,100,20,4,6,47,16,4,64,86,1,6,14,4,2
perdoge01,2024,1,ARI,NL,98,337,61,92,21,2,3,37,9,1,36,58,0,3,7,5,5
perdoge01,2025,1,ARI,NL,161,597,98,173,33,5,20,100,27,6,94,83,1,10,8,11,11
peredjh01,2024,1,MIA,NL,20,39,2,9,0,0,0,4,0,0,0,10,0,1,0,0,2
peredjh01,2025,1,ATH,AL,19,40,3,7,2,0,0,3,0,0,6,13,0,0,0,0,0
peredjh01,2025,2,MIN,AL,11,29,1,10,4,0,0,1,0,0,2,8,0,0,1,0,1
pereiev01,2023,1,NYA,AL,27,93,6,14,4,0,0,10,4,0,8,40,0,2,0,0,1
pereiev01,2025,1,TBA,AL,23,65,7,9,1,0,2,8,2,0,7,28,0,0,0,1,2
perezca02,2023,1,OAK,AL,68,168,17,38,4,0,6,20,0,0,13,40,0,4,1,3,4
perezca03,2023,1,CHA,AL,27,49,5,10,4,0,1,3,0,0,4,11,0,0,0,0,2
perezci01,2023,1,BAL,AL,65,0,0,0,0,0,0,0,0,0,0,0,0,0,0,0,0
perezci01,2024,1,BAL,AL,62,0,0,0,0,0,0,0,0,0,0,0,0,0,0,0,0
perezci01,2025,1,BAL,AL,19,0,0,0,0,0,0,0,0,0,0,0,0,0,0,0,0
perezeu02,2023,1,MIA,NL,19,0,0,0,0,0,0,0,0,0,0,0,0,0,0,0,0
perezeu02,2025,1,MIA,NL,20,0,0,0,0,0,0,0,0,0,0,0,0,0,0,0,0
perezfr01,2023,1,OAK,AL,17,0,0,0,0,0,0,0,0,0,0,0,0,0,0,0,0
perezhe02,2023,1,TBA,AL,1,0,0,0,0,0,0,0,0,0,0,0,0,0,0,0,0
perezma02,2023,1,TEX,AL,35,0,0,0,0,0,0,0,0,0,0,0,0,0,0,0,0
perezma02,2024,1,PIT,NL,16,0,0,0,0,0,0,0,0,0,0,0,0,0,0,0,0
perezma02,2024,2,SDN,NL,10,0,0,0,0,0,0,0,0,0,0,0,0,0,0,0,0
perezma02,2025,1,CHA,AL,11,0,0,0,0,0,0,0,0,0,0,0,0,0,0,0,0
perezmi03,2023,1,NYN,NL,3,8,1,4,1,0,0,0,0,0,0,1,0,0,0,0,0
perezro02,2023,1,SFN,NL,5,15,0,2,0,0,0,1,0,0,2,6,0,0,0,0,0
perezsa02,2023,1,KCA,AL,140,538,59,137,21,0,23,80,0,0,19,135,6,13,0,8,11
perezsa02,2024,1,KCA,AL,158,590,58,160,28,0,27,104,0,0,44,129,9,11,0,6,17
perezsa02,2025,1,KCA,AL,155,597,54,141,35,0,30,100,0,0,28,125,5,12,0,1,14
perezwe01,2024,1,DET,AL,112,389,51,94,16,6,9,37,9,5,32,92,0,1,2,1,5
perezwe01,2025,1,DET,AL,100,344,47,84,17,4,13,43,8,3,31,87,0,3,0,5,5
perkibl01,2023,1,MIL,NL,67,143,28,31,7,0,4,20,5,2,23,46,0,0,2,0,3
perkibl01,2024,1,MIL,NL,121,383,54,92,13,2,6,43,23,5,42,108,1,3,0,6,3
perkibl01,2025,1,MIL,NL,54,155,25,35,6,2,3,19,7,2,15,47,0,1,0,0,4
perkija01,2025,1,ATH,AL,12,0,0,0,0,0,0,0,0,0,0,0,0,0,0,0,0
peterda01,2023,1,NYN,NL,27,0,0,0,0,0,0,0,0,0,0,0,0,0,0,0,0
peterda01,2024,1,NYN,NL,21,0,0,0,0,0,0,0,0,0,0,0,0,0,0,0,0
peterda01,2025,1,NYN,NL,30,0,0,0,0,0,0,0,0,0,0,0,0,0,0,0,0
peterja01,2023,1,OAK,AL,93,281,30,62,7,2,6,28,11,1,36,77,1,3,1,3,6
peterja01,2023,2,ARI,NL,41,93,5,17,3,2,0,9,4,1,11,24,1,1,1,0,1
peterja01,2024,1,ARI,NL,14,22,2,1,0,0,0,1,0,0,3,6,0,0,0,1,1
petermi01,2024,1,LAN,NL,11,0,0,0,0,0,0,0,0,0,0,0,0,0,0,0,0
petermi01,2024,2,MIA,NL,5,0,0,0,0,0,0,0,0,0,0,0,0,0,0,0,0
petermi01,2025,1,ATL,NL,4,0,0,0,0,0,0,0,0,0,0,0,0,0,0,0,0
petermi01,2025,2,MIA,NL,11,0,0,0,0,0,0,0,0,0,0,0,0,0,0,0,0
petertr01,2025,1,TBA,AL,4,12,0,0,0,0,0,0,0,0,0,7,0,0,0,0,0
pettych02,2025,1,CIN,NL,3,0,0,0,0,0,0,0,0,0,0,0,0,0,0,0,0
pfaadbr01,2023,1,ARI,NL,19,0,0,0,0,0,0,0,0,0,0,0,0,0,0,0,0
pfaadbr01,2024,1,ARI,NL,32,0,0,0,0,0,0,0,0,0,0,0,0,0,0,0,0
pfaadbr01,2025,1,ARI,NL,33,0,0,0,0,0,0,0,0,0,0,0,0,0,0,0,0
phamth01,2023,1,NYN,NL,78,231,29,62,15,1,10,36,11,1,29,56,1,1,0,3,2
phamth01,2023,2,ARI,NL,50,195,26,47,12,2,6,32,11,2,18,50,0,1,0,3,9
phamth01,2024,1,CHA,AL,70,271,33,72,14,1,5,19,6,3,25,63,0,1,0,0,2
phamth01,2024,2,SLN,NL,23,68,7,14,3,1,2,12,0,0,7,16,0,1,0,1,2
phamth01,2024,3,KCA,AL,23,101,9,23,3,1,2,8,1,0,3,27,0,0,0,0,1
phamth01,2025,1,PIT,NL,120,392,44,96,17,1,10,52,5,3,50,94,3,2,0,5,12
phillbr02,2023,1,LAA,AL,40,63,9,11,1,0,3,6,3,1,8,36,0,0,0,0,0
phillco01,2023,1,CIN,NL,5,0,0,0,0,0,0,0,0,0,0,0,0,0,0,0,0
phillco01,2025,1,CIN,NL,21,0,0,0,0,0,0,0,0,0,0,0,0,0,0,0,0
phillev01,2023,1,LAN,NL,62,0,0,0,0,0,0,0,0,0,0,0,0,0,0,0,0
phillev01,2024,1,LAN,NL,61,0,0,0,0,0,0,0,0,0,0,0,0,0,0,0,0
phillev01,2025,1,LAN,NL,7,0,0,0,0,0,0,0,0,0,0,0,0,0,0,0,0
phillty01,2024,1,PHI,NL,8,0,0,0,0,0,0,0,0,0,0,0,0,0,0,0,0
phillty01,2025,1,MIA,NL,54,0,0,0,0,0,0,0,0,0,0,0,0,0,0,0,0
pilkiko01,2023,1,CLE,AL,1,0,0,0,0,0,0,0,0,0,0,0,0,0,0,0,0
pilkiko01,2025,1,WAS,NL,32,0,0,0,0,0,0,0,0,0,0,0,0,0,0,0,0
pillake01,2023,1,ATL,NL,81,197,29,45,10,0,9,32,4,1,6,50,0,0,0,3,2
pillake01,2024,1,CHA,AL,17,25,1,4,2,0,1,4,2,0,4,8,0,1,1,1,0
pillake01,2024,2,LAA,AL,83,259,37,61,14,1,7,41,10,3,12,61,0,9,0,2,10
pillake01,2025,1,TEX,AL,20,43,6,9,2,0,0,1,3,0,0,8,0,0,0,0,0
pinama01,2023,1,OAK,AL,4,12,1,3,0,0,1,1,0,0,0,3,0,0,0,0,1
pinaro01,2025,1,MIA,NL,1,0,0,0,0,0,0,0,0,0,0,0,0,0,0,0,0
pinaro01,2025,2,TOR,AL,1,0,0,0,0,0,0,0,0,0,0,0,0,0,0,0,0
pintajo01,2025,1,NYN,NL,1,0,0,0,0,0,0,0,0,0,0,0,0,0,0,0,0
pintore02,2023,1,TBA,AL,39,103,10,26,3,0,6,16,0,0,2,34,0,0,0,0,2
pintore02,2024,1,TBA,AL,19,42,5,9,3,0,2,6,0,0,4,18,0,1,1,1,0
pintori01,2024,1,PHI,NL,6,0,0,0,0,0,0,0,0,0,0,0,0,0,0,0,0
pintri01,2023,1,COL,NL,1,0,0,0,0,0,0,0,0,0,0,0,0,0,0,0,0
pintri01,2024,1,COL,NL,4,0,0,0,0,0,0,0,0,0,0,0,0,0,0,0,0
pivetni01,2023,1,BOS,AL,38,0,0,0,0,0,0,0,0,0,0,0,0,0,0,0,0
pivetni01,2024,1,BOS,AL,27,0,0,0,0,0,0,0,0,0,0,0,0,0,0,0,0
pivetni01,2025,1,SDN,NL,31,0,0,0,0,0,0,0,0,0,0,0,0,0,0,0,0
plassmi01,2023,1,PHI,NL,1,0,0,0,0,0,0,0,0,0,0,0,0,0,0,0,0
plesaza01,2023,1,CLE,AL,5,0,0,0,0,0,0,0,0,0,0,0,0,0,0,0,0
plesaza01,2024,1,LAA,AL,3,0,0,0,0,0,0,0,0,0,0,0,0,0,0,0,0
pocheco01,2023,1,TBA,AL,66,0,0,0,0,0,0,0,0,0,0,0,0,0,0,0,0
pocheco01,2024,1,TBA,AL,43,0,0,0,0,0,0,0,0,0,0,0,0,0,0,0,0
pocheco01,2025,1,WAS,NL,13,0,0,0,0,0,0,0,0,0,0,0,0,0,0,0,0
pocheco01,2025,2,NYN,NL,1,0,0,0,0,0,0,0,0,0,0,0,0,0,0,0,0
polanjo01,2023,1,MIN,AL,79,302,38,77,18,0,14,48,4,0,36,88,0,2,0,3,2
polanjo01,2024,1,SEA,AL,118,417,43,89,11,0,16,45,4,2,46,137,3,4,0,2,16
polanjo01,2025,1,SEA,AL,138,471,64,125,30,0,26,78,6,3,42,82,1,3,3,5,7
polloaj01,2023,1,SEA,AL,49,127,15,22,4,0,5,15,0,1,9,30,0,0,0,2,1
polloaj01,2023,2,SFN,NL,5,6,0,0,0,0,0,0,0,0,0,2,0,0,0,0,0
pomerdr01,2025,1,CHN,NL,57,0,0,0,0,0,0,0,0,0,0,0,0,0,0,0,0
popeau01,2025,1,ARI,NL,1,0,0,0,0,0,0,0,0,0,0,0,0,0,0,0,0
popza01,2023,1,TOR,AL,15,0,0,0,0,0,0,0,0,0,0,0,0,0,0,0,0
popza01,2024,1,TOR,AL,58,0,0,0,0,0,0,0,0,0,0,0,0,0,0,0,0
popza01,2025,1,SEA,AL,4,0,0,0,0,0,0,0,0,0,0,0,0,0,0,0,0
popza01,2025,2,NYN,NL,1,0,0,0,0,0,0,0,0,0,0,0,0,0,0,0,0
portelo01,2023,1,KCA,AL,11,31,4,6,1,0,1,3,0,0,5,11,0,1,1,0,2
portelo01,2025,1,SFN,NL,5,7,2,1,0,0,0,1,0,0,1,2,0,1,0,0,0
poteeco01,2024,1,NYA,AL,5,0,0,0,0,0,0,0,0,0,0,0,0,0,0,0,0
poteeco01,2025,1,BAL,AL,1,0,0,0,0,0,0,0,0,0,0,0,0,0,0,0,0
poulipj01,2025,1,WAS,NL,28,0,0,0,0,0,0,0,0,0,0,0,0,0,0,0,0
povicca01,2024,1,BAL,AL,16,0,0,0,0,0,0,0,0,0,0,0,0,0,0,0,0
povicca01,2025,1,BAL,AL,22,0,0,0,0,0,0,0,0,0,0,0,0,0,0,0,0
pozoyo01,2025,1,SLN,NL,67,160,16,37,8,0,5,19,0,0,7,22,0,0,0,1,4
prattni01,2023,1,KCA,AL,95,306,33,71,16,0,7,35,1,1,29,138,0,6,0,4,3
prattni01,2024,1,KCA,AL,1,0,0,0,0,0,0,0,0,0,0,0,0,0,0,0,0
pressry01,2023,1,HOU,AL,65,0,0,0,0,0,0,0,0,0,0,0,0,0,0,0,0
pressry01,2024,1,HOU,AL,59,0,0,0,0,0,0,0,0,0,0,0,0,0,0,0,0
pressry01,2025,1,CHN,NL,44,0,0,0,0,0,0,0,0,0,0,0,0,0,0,0,0
priesqu01,2023,1,PIT,NL,10,0,0,0,0,0,0,0,0,0,0,0,0,0,0,0,0
priesqu01,2024,1,PIT,NL,10,0,0,0,0,0,0,0,0,0,0,0,0,0,0,0,0
priesqu01,2024,2,BOS,AL,1,0,0,0,0,0,0,0,0,0,0,0,0,0,0,0,0
priesqu01,2025,1,MIL,NL,29,0,0,0,0,0,0,0,0,0,0,0,0,0,0,0,0
prietce01,2025,1,SLN,NL,3,6,0,1,0,0,0,0,0,0,0,5,0,0,0,0,0
profaju01,2023,1,COL,NL,111,415,51,98,25,2,8,39,1,0,45,86,0,6,0,5,9
profaju01,2023,2,SDN,NL,14,44,4,13,2,0,1,7,0,0,5,4,0,0,0,0,2
profaju01,2024,1,SDN,NL,158,564,94,158,29,0,24,85,10,3,76,101,4,18,5,5,14
profaju01,2025,1,ATL,NL,80,318,56,78,16,1,14,43,9,2,48,59,0,5,0,0,4
pruitau01,2023,1,OAK,AL,38,0,0,0,0,0,0,0,0,0,0,0,0,0,0,0,0
pruitau01,2024,1,TEX,AL,4,0,0,0,0,0,0,0,0,0,0,0,0,0,0,0,0
pukaj01,2023,1,MIA,NL,58,0,0,0,0,0,0,0,0,0,0,0,0,0,0,0,0
pukaj01,2024,1,MIA,NL,32,0,0,0,0,0,0,0,0,0,0,0,0,0,0,0,0
pukaj01,2024,2,ARI,NL,30,0,0,0,0,0,0,0,0,0,0,0,0,0,0,0,0
pukaj01,2025,1,ARI,NL,8,0,0,0,0,0,0,0,0,0,0,0,0,0,0,0,0
quantca01,2023,1,CLE,AL,19,0,0,0,0,0,0,0,0,0,0,0,0,0,0,0,0
quantca01,2024,1,COL,NL,29,0,0,0,0,0,0,0,0,0,0,0,0,0,0,0,0
quantca01,2025,1,MIA,NL,24,0,0,0,0,0,0,0,0,0,0,0,0,0,0,0,0
quantca01,2025,2,ATL,NL,2,0,0,0,0,0,0,0,0,0,0,0,0,0,0,0,0
quereju01,2023,1,SLN,NL,9,20,2,2,1,0,0,0,0,0,1,6,0,0,0,0,0
queroed01,2025,1,CHA,AL,111,365,31,98,17,0,5,36,0,1,32,71,0,4,0,2,8
quezajo01,2023,1,MIA,NL,1,0,0,0,0,0,0,0,0,0,0,0,0,0,0,0,0
quijajo01,2023,1,LAA,AL,10,0,0,0,0,0,0,0,0,0,0,0,0,0,0,0,0
quijajo01,2024,1,LAA,AL,22,0,0,0,0,0,0,0,0,0,0,0,0,0,0,0,0
quijajo01,2025,1,LAA,AL,2,0,0,0,0,0,0,0,0,0,0,0,0,0,0,0,0
quintjo01,2023,1,NYN,NL,13,0,0,0,0,0,0,0,0,0,0,0,0,0,0,0,0
quintjo01,2024,1,NYN,NL,31,0,0,0,0,0,0,0,0,0,0,0,0,0,0,0,0
quintjo01,2025,1,MIL,NL,24,0,0,0,0,0,0,0,0,0,0,0,0,0,0,0,0
rafaece01,2023,1,BOS,AL,28,83,11,20,6,0,2,5,3,1,4,28,0,1,0,1,2
rafaece01,2024,1,BOS,AL,152,544,70,134,23,5,15,75,19,10,15,151,1,7,2,3,8
rafaece01,2025,1,BOS,AL,156,546,84,136,34,4,16,63,20,5,28,117,0,8,3,2,9
raganco01,2023,1,TEX,AL,17,0,0,0,0,0,0,0,0,0,0,0,0,0,0,0,0
raganco01,2023,2,KCA,AL,12,0,0,0,0,0,0,0,0,0,0,0,0,0,0,0,0
raganco01,2024,1,KCA,AL,32,0,0,0,0,0,0,0,0,0,0,0,0,0,0,0,0
raganco01,2025,1,KCA,AL,13,0,0,0,0,0,0,0,0,0,0,0,0,0,0,0,0
ragsdca01,2025,1,BAL,AL,2,0,0,0,0,0,0,0,0,0,0,0,0,0,0,0,0
raineta01,2023,1,WAS,NL,1,0,0,0,0,0,0,0,0,0,0,0,0,0,0,0,0
raineta01,2024,1,WAS,NL,50,0,0,0,0,0,0,0,0,0,0,0,0,0,0,0,0
raineta01,2025,1,PIT,NL,11,0,0,0,0,0,0,0,0,0,0,0,0,0,0,0,0
raineta01,2025,2,DET,AL,2,0,0,0,0,0,0,0,0,0,0,0,0,0,0,0,0
raleica01,2023,1,SEA,AL,145,513,78,119,23,1,30,75,0,0,54,158,1,1,0,1,6
raleica01,2024,1,SEA,AL,153,546,73,120,16,0,34,100,6,1,70,176,4,6,0,6,7
raleica01,2025,1,SEA,AL,159,596,110,147,24,0,60,125,14,4,97,188,17,9,0,3,6
raleybr01,2023,1,NYN,NL,66,0,0,0,0,0,0,0,0,0,0,0,0,0,0,0,0
raleybr01,2024,1,NYN,NL,8,0,0,0,0,0,0,0,0,0,0,0,0,0,0,0,0
raleybr01,2025,1,NYN,NL,30,0,0,0,0,0,0,0,0,0,0,0,0,0,0,0,0
raleylu01,2023,1,TBA,AL,118,357,56,89,23,3,19,49,14,3,28,128,0,18,1,2,2
raleylu01,2024,1,SEA,AL,137,404,58,98,19,2,22,58,11,2,27,135,0,20,2,2,2
raleylu01,2025,1,SEA,AL,73,183,23,37,8,0,4,19,2,1,19,64,0,13,3,1,2
ramirag01,2025,1,MIA,NL,136,537,72,124,33,1,21,67,16,3,36,113,2,8,0,4,13
ramirem01,2024,1,MIA,NL,15,0,0,0,0,0,0,0,0,0,0,0,0,0,0,0,0
ramirer02,2023,1,WAS,NL,23,0,0,0,0,0,0,0,0,0,0,0,0,0,0,0,0
ramirer02,2023,2,TBA,AL,15,0,0,0,0,0,0,0,0,0,0,0,0,0,0,0,0
ramirer02,2024,1,TBA,AL,13,0,0,0,0,0,0,0,0,0,0,0,0,0,0,0,0
ramirer02,2025,1,MIN,AL,9,0,0,0,0,0,0,0,0,0,0,0,0,0,0,0,0
ramirha02,2023,1,TBA,AL,122,400,58,125,19,2,12,68,5,3,22,79,0,6,0,6,7
ramirha02,2024,1,TBA,AL,48,164,21,44,3,0,1,13,5,2,3,33,0,1,0,1,2
ramirha02,2024,2,WAS,NL,25,74,7,18,4,1,1,16,1,0,2,17,0,1,0,0,0
ramirjo01,2023,1,CLE,AL,156,611,87,172,36,5,24,80,28,6,73,73,22,1,0,6,8
ramirjo01,2024,1,CLE,AL,158,620,114,173,39,2,39,118,41,7,54,82,12,1,0,6,9
ramirjo01,2025,1,CLE,AL,158,593,103,168,34,3,30,85,44,7,66,74,22,8,0,5,9
ramirni01,2023,1,NYA,AL,32,0,0,0,0,0,0,0,0,0,0,0,0,0,0,0,0
ramirni01,2024,1,LAN,NL,8,0,0,0,0,0,0,0,0,0,0,0,0,0,0,0,0
ramiryo01,2023,1,PIT,NL,26,0,0,0,0,0,0,0,0,0,0,0,0,0,0,0,0
ramiryo01,2023,2,CHA,AL,5,0,0,0,0,0,0,0,0,0,0,0,0,0,0,0,0
ramiryo01,2024,1,NYN,NL,5,0,0,0,0,0,0,0,0,0,0,0,0,0,0,0,0
ramiryo01,2024,2,BAL,AL,5,0,0,0,0,0,0,0,0,0,0,0,0,0,0,0,0
ramiryo01,2024,3,LAN,NL,27,0,0,0,0,0,0,0,0,0,0,0,0,0,0,0,0
ramiryo01,2024,4,BOS,AL,1,0,0,0,0,0,0,0,0,0,0,0,0,0,0,0,0
ramiryo01,2025,1,PIT,NL,24,0,0,0,0,0,0,0,0,0,0,0,0,0,0,0,0
ramosbr01,2024,1,CHA,AL,32,99,13,20,4,0,3,11,0,2,7,22,0,0,0,1,3
ramosbr01,2025,1,CHA,AL,4,12,1,2,2,0,0,2,0,0,0,4,0,0,0,0,0
ramoshe01,2023,1,CIN,NL,23,74,9,18,3,1,0,5,2,1,11,21,0,1,0,0,2
ramoshe02,2023,1,SFN,NL,25,56,5,10,4,0,1,2,0,0,4,20,0,0,0,0,1
ramoshe02,2024,1,SFN,NL,121,475,54,128,23,3,22,72,6,1,37,135,2,2,0,4,12
ramoshe02,2025,1,SFN,NL,157,620,85,159,24,1,21,69,6,4,52,158,2,17,0,6,16
ramsela01,2023,1,CHA,AL,21,0,0,0,0,0,0,0,0,0,0,0,0,0,0,0,0
rangeal01,2025,1,PHI,NL,5,0,0,0,0,0,0,0,0,0,0,0,0,0,0,0,0
raqueni01,2025,1,SLN,NL,2,0,0,0,0,0,0,0,0,0,0,0,0,0,0,0,0
rashita01,2025,1,ARI,NL,10,0,0,0,0,0,0,0,0,0,0,0,0,0,0,0,0
rasmudr01,2023,1,TBA,AL,8,0,0,0,0,0,0,0,0,0,0,0,0,0,0,0,0
rasmudr01,2024,1,TBA,AL,16,0,0,0,0,0,0,0,0,0,0,0,0,0,0,0,0
rasmudr01,2025,1,TBA,AL,31,0,0,0,0,0,0,0,0,0,0,0,0,0,0,0,0
ravejo01,2025,1,KCA,AL,72,153,18,30,5,0,4,14,7,2,18,46,0,1,2,1,1
rayro02,2023,1,SEA,AL,1,0,0,0,0,0,0,0,0,0,0,0,0,0,0,0,0
rayro02,2024,1,SFN,NL,7,0,0,0,0,0,0,0,0,0,0,0,0,0,0,0,0
rayro02,2025,1,SFN,NL,32,0,0,0,0,0,0,0,0,0,0,0,0,0,0,0,0
reaco01,2023,1,MIL,NL,26,0,0,0,0,0,0,0,0,0,0,0,0,0,0,0,0
reaco01,2024,1,MIL,NL,32,0,0,0,0,0,0,0,0,0,0,0,0,0,0,0,0
reaco01,2025,1,CHN,NL,32,1,0,0,0,0,0,0,0,0,0,1,0,0,0,0,0
realmjt01,2023,1,PHI,NL,135,489,70,123,28,5,20,63,16,5,35,138,3,9,0,5,10
realmjt01,2024,1,PHI,NL,99,380,50,101,18,1,14,47,2,2,27,102,1,5,0,1,7
realmjt01,2025,1,PHI,NL,134,502,57,129,26,1,12,52,8,2,35,129,1,9,0,3,13
reedja02,2023,1,LAN,NL,1,0,0,0,0,0,0,0,0,0,0,0,0,0,0,0,0
reetzja01,2024,1,SFN,NL,6,14,1,2,1,0,1,1,0,0,1,5,0,0,0,0,1
refsnro01,2023,1,BOS,AL,89,202,31,50,9,1,1,28,7,2,33,47,0,5,1,1,8
refsnro01,2024,1,BOS,AL,93,272,32,77,16,1,11,40,2,2,28,78,2,5,0,1,6
refsnro01,2025,1,BOS,AL,70,182,29,49,12,0,9,30,3,0,24,54,1,1,0,2,6
reidfse01,2023,1,NYN,NL,8,0,0,0,0,0,0,0,0,0,0,0,0,0,0,0,0
reidfse01,2024,1,NYN,NL,23,0,0,0,0,0,0,0,0,0,0,0,0,0,0,0,0
remilza01,2023,1,CHA,AL,54,147,16,37,7,0,1,18,4,3,8,48,1,1,4,0,3
remilza01,2024,1,CHA,AL,15,33,3,8,1,1,0,1,1,0,5,10,0,0,1,0,1
rendoan01,2023,1,LAA,AL,43,148,23,35,6,0,2,22,2,0,25,27,0,6,0,4,6
rendoan01,2024,1,LAA,AL,57,206,21,45,10,0,0,14,6,1,23,35,0,5,0,4,4
renfrhu01,2023,1,LAA,AL,126,459,56,111,31,0,19,56,0,0,39,113,0,3,0,3,15
renfrhu01,2023,2,CIN,NL,14,39,4,5,0,0,1,4,0,0,5,12,0,0,0,0,0
renfrhu01,2024,1,KCA,AL,120,385,44,88,18,0,15,52,1,1,36,84,0,2,0,1,10
renfrhu01,2025,1,KCA,AL,35,99,5,18,6,0,0,4,0,0,8,21,0,0,0,1,4
rengilu01,2023,1,LAA,AL,126,394,55,104,15,4,16,51,6,4,41,82,0,6,0,4,3
rengilu01,2024,1,LAA,AL,78,283,41,85,13,1,6,30,24,7,16,44,0,4,1,0,6
rengilu01,2025,1,LAA,AL,147,501,55,119,16,3,9,43,10,7,33,104,0,3,1,3,7
reyesde02,2023,1,NYN,NL,9,0,0,0,0,0,0,0,0,0,0,0,0,0,0,0,0
reyesfr01,2023,1,KCA,AL,19,59,5,11,0,0,2,7,0,0,4,24,0,0,0,2,3
reyesge01,2023,1,LAA,AL,8,0,0,0,0,0,0,0,0,0,0,0,0,0,0,0,0
reyesge01,2024,1,OAK,AL,3,0,0,0,0,0,0,0,0,0,0,0,0,0,0,0,0
reyespa01,2023,1,BOS,AL,64,167,27,48,9,0,2,20,7,2,14,21,0,0,2,2,3
reyespa01,2024,1,BOS,AL,21,60,4,11,2,0,0,5,1,2,3,19,0,1,0,0,1
reyespa01,2024,2,NYN,NL,1,0,1,0,0,0,0,0,0,0,0,0,0,0,0,0,0
reyespa01,2025,1,NYA,AL,25,31,4,6,1,0,0,2,1,0,2,10,0,0,1,0,0
reynobr01,2023,1,PIT,NL,145,574,85,151,31,5,24,84,12,1,53,138,2,7,0,6,13
reynobr01,2024,1,PIT,NL,156,622,73,171,29,3,24,88,10,2,57,156,3,10,0,3,7
reynobr01,2025,1,PIT,NL,154,587,68,144,38,3,16,73,3,2,57,173,1,7,0,3,15
reynoma03,2023,1,CIN,NL,2,5,1,1,0,0,0,0,0,0,0,3,0,0,0,0,0
reynose01,2024,1,SDN,NL,9,0,0,0,0,0,0,0,0,0,0,0,0,0,0,0,0
reynose01,2025,1,SDN,NL,19,0,0,0,0,0,0,0,0,0,0,0,0,0,0,0,0
ribalor01,2024,1,WAS,NL,4,0,0,0,0,0,0,0,0,0,0,0,0,0,0,0,0
ribalor01,2025,1,WAS,NL,22,0,0,0,0,0,0,0,0,0,0,0,0,0,0,0,0
ricebe01,2024,1,NYA,AL,50,152,20,26,6,0,7,23,0,1,20,48,0,1,0,5,2
ricebe01,2025,1,NYA,AL,138,467,74,119,28,4,26,65,3,2,50,100,0,9,0,2,18
richaly01,2023,1,CIN,NL,4,0,0,0,0,0,0,0,0,0,0,0,0,0,0,0,0
richaly01,2024,1,CIN,NL,1,0,0,0,0,0,0,0,0,0,0,0,0,0,0,0,0
richaly01,2025,1,CIN,NL,34,0,0,0,0,0,0,0,0,0,0,0,0,0,0,0,0
richatr01,2023,1,TOR,AL,56,0,0,0,0,0,0,0,0,0,0,0,0,0,0,0,0
richatr01,2024,1,TOR,AL,45,0,0,0,0,0,0,0,0,0,0,0,0,0,0,0,0
richatr01,2024,2,MIN,AL,10,0,0,0,0,0,0,0,0,0,0,0,0,0,0,0,0
richatr01,2025,1,KCA,AL,3,0,0,0,0,0,0,0,0,0,0,0,0,0,0,0,0
richatr01,2025,2,ARI,NL,2,0,0,0,0,0,0,0,0,0,0,0,0,0,0,0,0
rileyau01,2023,1,ATL,NL,159,636,117,179,32,3,37,97,3,1,59,172,4,9,0,11,18
rileyau01,2024,1,ATL,NL,110,425,63,109,26,2,19,56,0,0,37,118,0,5,0,2,6
rileyau01,2025,1,ATL,NL,102,416,54,108,20,1,16,54,2,1,27,128,1,3,0,1,9
riosed01,2023,1,CHN,NL,18,28,3,2,1,0,1,2,0,0,5,16,0,1,0,0,0
riosed01,2024,1,CIN,NL,5,9,1,1,0,0,0,0,0,0,1,4,0,0,0,0,0
riosya01,2023,1,OAK,AL,3,0,0,0,0,0,0,0,0,0,0,0,0,0,0,0,0
rittery01,2025,1,COL,NL,60,187,22,45,9,3,1,18,3,1,10,61,0,5,4,1,7
rivasal01,2023,1,SDN,NL,8,15,2,3,2,0,0,1,0,0,2,7,0,0,0,0,0
rivasal01,2023,2,PIT,NL,40,94,6,22,8,1,3,14,1,0,7,29,0,3,1,1,1
rivasle01,2024,1,SEA,AL,43,73,10,17,1,1,0,8,3,0,10,24,0,1,2,0,1
rivasle01,2025,1,SEA,AL,48,90,19,22,2,0,2,9,6,0,20,24,0,1,0,0,1
riverem01,2023,1,ARI,NL,86,257,32,67,13,0,4,29,1,0,22,56,0,0,0,4,9
riverem01,2024,1,MIA,NL,97,201,15,43,6,1,1,15,2,0,20,51,0,4,1,3,5
riverem01,2024,2,BAL,AL,27,64,9,20,3,1,4,14,0,0,6,18,0,1,0,2,2
riverem01,2025,1,BAL,AL,43,120,5,30,4,0,0,13,1,0,6,24,0,1,0,0,3
riverse01,2025,1,LAA,AL,11,33,4,6,2,0,0,2,1,0,1,9,0,0,0,0,0
rizzoan01,2023,1,NYA,AL,99,373,45,91,14,0,12,41,0,3,35,97,1,12,0,1,10
rizzoan01,2024,1,NYA,AL,92,337,38,77,12,0,8,35,0,0,27,65,0,9,0,2,7
roach01,2025,1,MIA,NL,2,0,0,0,0,0,0,0,0,0,0,0,0,0,0,0,0
roberda08,2023,1,NYN,NL,40,0,0,0,0,0,0,0,0,0,0,0,0,0,0,0,0
roberda08,2023,2,MIA,NL,22,0,0,0,0,0,0,0,0,0,0,0,0,0,0,0,0
roberda08,2024,1,TEX,AL,68,0,0,0,0,0,0,0,0,0,0,0,0,0,0,0,0
roberda08,2025,1,PHI,NL,20,0,0,0,0,0,0,0,0,0,0,0,0,0,0,0,0
roberda11,2024,1,TEX,AL,4,0,0,0,0,0,0,0,0,0,0,0,0,0,0,0,0
roberda11,2025,1,PHI,NL,15,0,0,0,0,0,0,0,0,0,0,0,0,0,0,0,0
roberet01,2024,1,CHN,NL,21,0,0,0,0,0,0,0,0,0,0,0,0,0,0,0,0
roberet01,2025,1,CHN,NL,10,0,0,0,0,0,0,0,0,0,0,0,0,0,0,0,0
roberlu01,2023,1,CHA,AL,145,546,90,144,36,1,38,80,20,4,30,172,5,12,0,2,10
roberlu01,2024,1,CHA,AL,100,393,47,88,19,0,14,35,23,6,28,141,2,2,0,1,8
roberlu01,2025,1,CHA,AL,110,382,52,85,12,0,14,53,33,8,40,112,3,2,1,3,8
roberni01,2023,1,LAN,NL,9,0,0,0,0,0,0,0,0,0,0,0,0,0,0,0,0
roberni01,2023,2,BOS,AL,9,0,0,0,0,0,0,0,0,0,0,0,0,0,0,0,0
roberni01,2024,1,SLN,NL,8,0,0,0,0,0,0,0,0,0,0,0,0,0,0,0,0
roberni01,2024,2,TOR,AL,1,0,0,0,0,0,0,0,0,0,0,0,0,0,0,0,0
roberwi02,2025,1,TOR,AL,3,10,0,1,0,0,0,1,0,0,1,7,0,1,0,0,1
roberwi02,2025,2,CHA,AL,24,60,2,8,1,0,0,8,0,0,1,20,0,1,0,1,0
robinch03,2024,1,CHA,AL,26,70,2,9,0,0,0,0,0,0,5,20,0,1,0,0,1
robinch03,2025,1,LAN,NL,1,1,1,0,0,0,0,0,0,0,0,0,0,0,1,0,0
roblevi01,2023,1,WAS,NL,36,107,15,32,5,1,0,8,8,1,11,18,0,4,4,0,3
roblevi01,2024,1,WAS,NL,14,25,3,3,0,0,0,2,4,1,5,9,0,1,1,1,0
roblevi01,2024,2,SEA,AL,77,229,41,75,20,0,4,26,30,1,16,44,0,10,5,2,2
roblevi01,2025,1,SEA,AL,32,106,12,26,4,1,1,9,6,2,3,26,0,3,0,2,3
rocchbr01,2023,1,CLE,AL,23,81,9,20,6,0,0,8,0,0,4,27,0,0,0,1,4
rocchbr01,2024,1,CLE,AL,143,383,50,79,18,0,8,36,10,6,44,90,1,8,2,5,11
rocchbr01,2025,1,CLE,AL,115,344,34,80,18,2,5,44,8,4,22,77,0,8,4,5,4
rockeku01,2024,1,TEX,AL,3,0,0,0,0,0,0,0,0,0,0,0,0,0,0,0,0
rockeku01,2025,1,TEX,AL,14,0,0,0,0,0,0,0,0,0,0,0,0,0,0,0,0
rockjo01,2025,1,TBA,AL,3,0,0,0,0,0,0,0,0,0,0,0,0,0,0,0,0
rodenal01,2025,1,TOR,AL,43,98,12,20,5,1,1,8,0,1,8,24,0,4,0,3,0
rodenal01,2025,2,MIN,AL,12,38,5,6,1,0,1,1,1,0,0,13,0,2,0,0,0
rodgebr02,2023,1,COL,NL,46,178,21,46,9,1,4,20,0,0,11,41,0,3,0,0,6
rodgebr02,2024,1,COL,NL,135,501,67,134,29,1,13,54,1,0,31,132,1,4,1,2,12
rodgebr02,2025,1,HOU,AL,43,115,12,22,4,0,2,11,0,1,11,46,0,1,0,1,2
rodonca01,2023,1,NYA,AL,14,0,0,0,0,0,0,0,0,0,0,0,0,0,0,0,0
rodonca01,2024,1,NYA,AL,32,0,0,0,0,0,0,0,0,0,0,0,0,0,0,0,0
rodonca01,2025,1,NYA,AL,33,0,0,0,0,0,0,0,0,0,0,0,0,0,0,0,0
rodribr01,2025,1,SDN,NL,7,0,0,0,0,0,0,0,0,0,0,0,0,0,0,0,0
rodrica02,2024,1,MIL,NL,3,0,0,0,0,0,0,0,0,0,0,0,0,0,0,0,0
rodrica02,2025,1,MIL,NL,4,0,0,0,0,0,0,0,0,0,0,0,0,0,0,0,0
rodride01,2023,1,MIN,AL,1,0,0,0,0,0,0,0,0,0,0,0,0,0,0,0,0
rodride01,2023,2,ATL,NL,3,0,0,0,0,0,0,0,0,0,0,0,0,0,0,0,0
rodried05,2023,1,DET,AL,26,0,0,0,0,0,0,0,0,0,0,0,0,0,0,0,0
rodried05,2024,1,ARI,NL,10,0,0,0,0,0,0,0,0,0,0,0,0,0,0,0,0
rodried05,2025,1,ARI,NL,29,0,0,0,0,0,0,0,0,0,0,0,0,0,0,0,0
rodriel02,2023,1,TBA,AL,1,0,0,0,0,0,0,0,0,0,0,0,0,0,0,0,0
rodriel02,2025,1,MIL,NL,6,0,0,0,0,0,0,0,0,0,0,0,0,0,0,0,0
rodriel02,2025,2,BAL,AL,1,0,0,0,0,0,0,0,0,0,0,0,0,0,0,0,0
rodrien01,2023,1,PIT,NL,57,186,27,41,7,2,3,13,0,0,17,49,0,0,0,1,3
rodrien01,2025,1,PIT,NL,18,52,5,9,4,0,0,2,0,1,5,14,0,0,0,0,0
rodrigr01,2023,1,BAL,AL,23,0,0,0,0,0,0,0,0,0,0,0,0,0,0,0,0
rodrigr01,2024,1,BAL,AL,20,0,0,0,0,0,0,0,0,0,0,0,0,0,0,0,0
rodrijo04,2023,1,BOS,AL,11,0,0,0,0,0,0,0,0,0,0,0,0,0,0,0,0
rodrijo04,2024,1,BOS,AL,14,0,0,0,0,0,0,0,0,0,0,0,0,0,0,0,0
rodrijo06,2023,1,SEA,AL,1,0,0,0,0,0,0,0,0,0,0,0,0,0,0,0,0
rodrijo07,2023,1,CHA,AL,1,0,1,0,0,0,0,0,0,0,0,0,0,0,0,0,0
rodrijo08,2024,1,CLE,AL,13,31,6,4,1,0,0,5,0,0,9,14,0,0,0,0,1
rodrijo08,2025,1,CLE,AL,31,71,6,14,4,1,2,10,1,0,6,22,0,0,0,0,2
rodriju01,2023,1,SEA,AL,155,654,102,180,37,2,32,103,37,10,47,175,6,11,0,2,14
rodriju01,2024,1,SEA,AL,143,567,76,155,17,0,20,68,24,5,38,156,1,6,0,2,10
rodriju01,2025,1,SEA,AL,160,652,106,174,31,4,32,95,30,6,44,152,5,12,0,2,15
rodrima01,2024,1,TBA,AL,40,0,0,0,0,0,0,0,0,0,0,0,0,0,0,0,0
rodrima01,2025,1,TBA,AL,31,0,0,0,0,0,0,0,0,0,0,0,0,0,0,0,0
rodrira02,2024,1,SFN,NL,35,0,0,0,0,0,0,0,0,0,0,0,0,0,0,0,0
rodrira02,2025,1,SFN,NL,50,0,0,0,0,0,0,0,0,0,0,0,0,0,0,0,0
rodriya01,2024,1,TOR,AL,21,0,0,0,0,0,0,0,0,0,0,0,0,0,0,0,0
rodriya01,2025,1,TOR,AL,66,0,0,0,0,0,0,0,0,0,0,0,0,0,0,0,0
rodriye01,2023,1,TEX,AL,13,0,0,0,0,0,0,0,0,0,0,0,0,0,0,0,0
rodriye01,2024,1,TEX,AL,12,0,0,0,0,0,0,0,0,0,0,0,0,0,0,0,0
rodriye01,2024,2,TOR,AL,4,0,0,0,0,0,0,0,0,0,0,0,0,0,0,0,0
rogerja03,2023,1,DET,AL,107,331,47,73,11,0,21,49,1,1,28,118,0,3,1,2,6
rogerja03,2024,1,DET,AL,102,310,43,61,16,1,10,36,1,0,22,99,1,3,0,2,6
rogerja03,2025,1,DET,AL,49,123,14,23,5,2,3,19,0,0,15,39,0,1,1,2,3
rogerjo01,2024,1,COL,NL,6,0,0,0,0,0,0,0,0,0,0,0,0,0,0,0,0
rogerta01,2023,1,SFN,NL,60,0,0,0,0,0,0,0,0,0,0,0,0,0,0,0,0
rogerta01,2024,1,SFN,NL,64,0,0,0,0,0,0,0,0,0,0,0,0,0,0,0,0
rogerta01,2025,1,CIN,NL,40,0,0,0,0,0,0,0,0,0,0,0,0,0,0,0,0
rogerta01,2025,2,CHN,NL,17,0,0,0,0,0,0,0,0,0,0,0,0,0,0,0,0
rogertr01,2023,1,MIA,NL,4,0,0,0,0,0,0,0,0,0,0,0,0,0,0,0,0
rogertr01,2024,1,MIA,NL,21,0,0,0,0,0,0,0,0,0,0,0,0,0,0,0,0
rogertr01,2024,2,BAL,AL,4,0,0,0,0,0,0,0,0,0,0,0,0,0,0,0,0
rogertr01,2025,1,BAL,AL,18,2,0,0,0,0,0,0,0,0,0,2,0,0,0,0,0
rogerty01,2023,1,SFN,NL,68,0,0,0,0,0,0,0,0,0,0,0,0,0,0,0,0
rogerty01,2024,1,SFN,NL,77,0,0,0,0,0,0,0,0,0,0,0,0,0,0,0,0
rogerty01,2025,1,SFN,NL,53,0,0,0,0,0,0,0,0,0,0,0,0,0,0,0,0
rogerty01,2025,2,NYN,NL,28,0,0,0,0,0,0,0,0,0,0,0,0,0,0,0,0
rojasjo01,2023,1,ARI,NL,59,189,23,43,13,0,0,26,6,0,18,51,0,1,2,4,2
rojasjo01,2023,2,SEA,AL,46,125,24,34,4,0,4,14,6,0,9,30,0,0,0,0,1
rojasjo01,2024,1,SEA,AL,143,422,48,95,19,2,8,31,10,4,46,108,1,3,1,2,6
rojasjo01,2025,1,CHA,AL,69,189,14,34,9,0,2,11,4,1,19,48,0,0,1,2,6
rojasjo03,2023,1,PHI,NL,59,149,24,45,9,2,2,23,14,1,5,42,0,4,6,0,1
rojasjo03,2024,1,PHI,NL,120,338,47,82,12,3,3,32,25,4,13,69,0,4,8,0,7
rojasjo03,2025,1,PHI,NL,71,152,23,34,3,2,1,18,12,2,13,40,0,0,4,3,2
rojasmi02,2023,1,LAN,NL,125,385,49,91,16,1,5,31,8,3,26,48,0,5,2,5,12
rojasmi02,2024,1,LAN,NL,103,307,41,87,21,0,6,36,8,2,23,34,0,3,2,2,8
rojasmi02,2025,1,LAN,NL,114,290,35,76,18,0,7,27,5,0,24,46,1,0,3,0,7
rolisry01,2025,1,COL,NL,31,0,0,0,0,0,0,0,0,0,0,0,0,0,0,0,0
rollech01,2024,1,MIL,NL,1,1,0,0,0,0,0,0,0,0,0,1,0,0,0,0,0
romanjo03,2023,1,TOR,AL,59,0,0,0,0,0,0,0,0,0,0,0,0,0,0,0,0
romanjo03,2024,1,TOR,AL,15,0,0,0,0,0,0,0,0,0,0,0,0,0,0,0,0
romanjo03,2025,1,PHI,NL,49,0,0,0,0,0,0,0,0,0,0,0,0,0,0,0,0
romdr01,2023,1,SLN,NL,8,0,0,0,0,0,0,0,0,0,0,0,0,0,0,0,0
romerjo01,2023,1,SLN,NL,27,0,0,0,0,0,0,0,0,0,0,0,0,0,0,0,0
romerjo01,2024,1,SLN,NL,65,0,0,0,0,0,0,0,0,0,0,0,0,0,0,0,0
romerjo01,2025,1,SLN,NL,65,0,0,0,0,0,0,0,0,0,0,0,0,0,0,0,0
romodr01,2024,1,COL,NL,16,51,4,9,3,0,0,6,0,1,2,18,0,0,0,0,2
romodr01,2025,1,COL,NL,3,3,0,0,0,0,0,0,0,0,0,3,0,0,0,0,0
rookebr01,2023,1,OAK,AL,137,463,61,114,20,1,30,69,4,0,49,172,1,10,0,4,11
rookebr01,2024,1,OAK,AL,145,546,82,160,26,2,39,112,11,3,59,177,4,5,0,4,5
rookebr01,2025,1,ATH,AL,162,626,92,164,40,3,30,89,6,1,65,155,4,5,0,2,13
roonejo01,2025,1,HOU,AL,1,0,0,0,0,0,0,0,0,0,0,0,0,0,0,0,0
rortvbe01,2023,1,NYA,AL,32,68,6,8,1,0,2,4,0,0,11,19,0,0,0,0,1
rortvbe01,2024,1,TBA,AL,112,290,27,66,13,0,3,31,1,0,34,88,0,4,0,0,6
rortvbe01,2025,1,TBA,AL,26,63,2,6,1,0,0,6,0,0,7,14,0,0,0,0,0
rortvbe01,2025,2,LAN,NL,18,49,7,11,2,0,1,4,0,0,4,9,0,2,3,0,1
rosaram01,2023,1,CLE,AL,94,385,51,102,19,6,3,40,9,0,22,77,0,2,0,3,11
rosaram01,2023,2,LAN,NL,48,125,19,32,6,2,3,18,6,2,7,22,0,1,0,0,4
rosaram01,2024,1,TBA,AL,76,264,22,81,17,3,2,26,9,4,7,48,0,3,0,1,9
rosaram01,2024,2,LAN,NL,5,11,1,3,1,0,0,2,1,1,1,2,0,0,0,0,0
rosaram01,2024,3,CIN,NL,22,57,6,9,0,0,1,4,3,0,1,23,0,1,0,0,1
rosaram01,2025,1,WAS,NL,47,148,19,40,8,0,5,18,1,0,7,22,0,2,0,1,5
rosaram01,2025,2,NYA,AL,16,33,1,10,3,0,1,5,0,0,0,9,0,0,0,0,1
rosared01,2023,1,ATL,NL,142,478,64,122,24,3,21,74,3,4,34,122,1,1,1,2,13
rosared01,2024,1,WAS,NL,67,219,26,40,11,0,7,26,8,1,13,54,0,0,1,2,4
rosared01,2024,2,ATL,NL,24,78,7,12,1,0,3,9,1,0,3,23,0,0,1,2,0
rosared01,2025,1,LAN,NL,2,4,0,1,0,0,0,0,0,0,0,0,0,0,0,0,0
rosared01,2025,2,ATL,NL,3,4,1,0,0,0,0,0,0,0,0,2,0,0,0,0,0
rosareg01,2023,1,SDN,NL,11,36,6,9,1,1,2,6,0,0,1,12,0,0,0,0,1
rosareg01,2024,1,SDN,NL,30,53,5,13,6,0,3,6,0,0,2,20,0,1,1,0,1
rosenke01,2023,1,LAA,AL,7,0,0,0,0,0,0,0,0,0,0,0,0,0,0,0,0
rosenke01,2024,1,LAA,AL,7,0,0,0,0,0,0,0,0,0,0,0,0,0,0,0,0
rossjo01,2024,1,MIL,NL,25,0,0,0,0,0,0,0,0,0,0,0,0,0,0,0,0
rossjo01,2025,1,PHI,NL,37,0,0,0,0,0,0,0,0,0,0,0,0,0,0,0,0
rouppla01,2024,1,SFN,NL,23,0,0,0,0,0,0,0,0,0,0,0,0,0,0,0,0
rouppla01,2025,1,SFN,NL,22,0,0,0,0,0,0,0,0,0,0,0,0,0,0,0,0
roycrch01,2024,1,SLN,NL,27,0,0,0,0,0,0,0,0,0,0,0,0,0,0,0,0
roycrch01,2025,1,SLN,NL,20,0,0,0,0,0,0,0,0,0,0,0,0,0,0,0,0
rucindr01,2023,1,OAK,AL,4,0,0,0,0,0,0,0,0,0,0,0,0,0,0,0,0
ruckemi01,2023,1,CHN,NL,35,0,0,0,0,0,0,0,0,0,0,0,0,0,0,0,0
rufda01,2023,1,SFN,NL,9,23,1,6,2,0,0,3,0,0,4,9,0,0,0,0,0
rufda01,2023,2,MIL,NL,11,26,2,5,1,0,0,0,0,0,4,7,0,0,0,0,0
ruizes01,2023,1,OAK,AL,132,449,47,114,24,1,5,47,67,13,20,99,1,16,4,1,7
ruizes01,2024,1,OAK,AL,29,55,10,11,2,1,2,8,5,4,4,20,0,2,2,2,1
ruizes01,2025,1,LAN,NL,19,21,2,4,0,0,1,2,4,0,2,8,0,0,0,0,0
ruizjo01,2023,1,CHA,AL,4,0,0,0,0,0,0,0,0,0,0,0,0,0,0,0,0
ruizjo01,2023,2,ARI,NL,34,0,0,0,0,0,0,0,0,0,0,0,0,0,0,0,0
ruizjo01,2024,1,PHI,NL,52,0,0,0,0,0,0,0,0,0,0,0,0,0,0,0,0
ruizjo01,2025,1,PHI,NL,16,0,0,0,0,0,0,0,0,0,0,0,0,0,0,0,0
ruizjo01,2025,2,ATL,NL,2,0,0,0,0,0,0,0,0,0,0,0,0,0,0,0,0
ruizke01,2023,1,WAS,NL,136,523,55,136,24,0,18,67,1,1,31,58,1,6,0,2,13
ruizke01,2024,1,WAS,NL,127,459,46,105,21,0,13,57,3,1,16,54,0,5,0,5,13
ruizke01,2025,1,WAS,NL,68,255,19,63,12,0,2,25,0,2,8,26,0,3,0,1,4
rushida01,2025,1,LAN,NL,53,142,15,29,5,0,4,24,0,0,10,58,0,1,0,2,1
ruthebl01,2023,1,WAS,NL,16,35,4,6,0,0,0,2,0,0,1,10,0,0,0,0,1
rutleja01,2023,1,WAS,NL,4,0,0,0,0,0,0,0,0,0,0,0,0,0,0,0,0
rutleja01,2024,1,WAS,NL,3,0,0,0,0,0,0,0,0,0,0,0,0,0,0,0,0
rutleja01,2025,1,WAS,NL,63,0,0,0,0,0,0,0,0,0,0,0,0,0,0,0,0
rutscad01,2023,1,BAL,AL,154,588,84,163,31,1,20,80,1,2,92,101,6,2,0,5,14
rutscad01,2024,1,BAL,AL,148,571,68,143,21,1,19,79,1,0,58,103,3,2,0,7,9
rutscad01,2025,1,BAL,AL,90,322,37,71,16,2,9,29,0,0,40,57,0,1,0,2,8
ryanjo04,2023,1,MIN,AL,29,0,0,0,0,0,0,0,0,0,0,0,0,0,0,0,0
ryanjo04,2024,1,MIN,AL,23,0,0,0,0,0,0,0,0,0,0,0,0,0,0,0,0
ryanjo04,2025,1,MIN,AL,31,0,0,0,0,0,0,0,0,0,0,0,0,0,0,0,0
ryanri01,2024,1,LAN,NL,4,0,0,0,0,0,0,0,0,0,0,0,0,0,0,0,0
ryanry01,2023,1,SEA,AL,1,0,0,0,0,0,0,0,0,0,0,0,0,0,0,0,0
ryanry01,2024,1,PIT,NL,15,0,0,0,0,0,0,0,0,0,0,0,0,0,0,0,0
ryuhy01,2023,1,TOR,AL,11,0,0,0,0,0,0,0,0,0,0,0,0,0,0,0,0
saalfan01,2023,1,ARI,NL,10,0,0,0,0,0,0,0,0,0,0,0,0,0,0,0,0
saalfan01,2024,1,ARI,NL,2,0,0,0,0,0,0,0,0,0,0,0,0,0,0,0,0
saalfan01,2025,1,ARI,NL,28,0,0,0,0,0,0,0,0,0,0,0,0,0,0,0,0
sabolbl01,2023,1,SFN,NL,110,310,36,73,10,0,13,44,4,2,24,117,0,6,2,2,4
sabolbl01,2024,1,SFN,NL,11,32,3,10,2,0,0,1,0,0,5,9,1,1,0,0,0
sabolbl01,2025,1,BOS,AL,8,16,2,2,1,0,0,1,0,0,1,7,0,0,0,1,1
sabroer01,2024,1,CLE,AL,8,0,0,0,0,0,0,0,0,0,0,0,0,0,0,0,0
sabroer01,2025,1,CLE,AL,33,0,0,0,0,0,0,0,0,0,0,0,0,0,0,0,0
saggeth01,2024,1,SLN,NL,18,49,5,10,2,0,1,4,0,0,2,14,0,1,0,0,0
saggeth01,2025,1,SLN,NL,82,275,25,71,17,0,2,25,3,0,16,83,0,1,1,2,5
salazce01,2023,1,HOU,AL,13,18,1,2,0,0,0,0,0,0,1,6,0,0,0,0,1
salazce01,2024,1,HOU,AL,12,25,5,8,2,0,0,8,0,0,2,6,0,2,1,2,0
salazce01,2025,1,HOU,AL,11,13,0,3,0,0,0,1,0,0,2,2,0,1,0,0,1
salazed01,2023,1,CIN,NL,8,0,0,0,0,0,0,0,0,0,0,0,0,0,0,0,0
salazed01,2024,1,LAN,NL,1,0,0,0,0,0,0,0,0,0,0,0,0,0,0,0,0
salazed01,2024,2,WAS,NL,25,0,0,0,0,0,0,0,0,0,0,0,0,0,0,0,0
salazed01,2025,1,WAS,NL,30,0,0,0,0,0,0,0,0,0,0,0,0,0,0,0,0
salech01,2023,1,BOS,AL,20,0,0,0,0,0,0,0,0,0,0,0,0,0,0,0,0
salech01,2024,1,ATL,NL,29,0,0,0,0,0,0,0,0,0,0,0,0,0,0,0,0
salech01,2025,1,ATL,NL,21,0,0,0,0,0,0,0,0,0,0,0,0,0,0,0,0
sammobr01,2024,1,DET,AL,6,0,0,0,0,0,0,0,0,0,0,0,0,0,0,0,0
sanchal04,2024,1,MIA,NL,31,84,5,14,2,0,0,4,2,1,4,24,0,1,6,1,2
sanchal04,2025,1,TOR,AL,8,21,2,5,2,0,0,0,0,0,0,5,0,0,0,0,1
sanchal04,2025,2,BOS,AL,4,2,0,0,0,0,0,0,0,0,0,1,0,0,0,0,0
sanchcr01,2023,1,PHI,NL,19,0,0,0,0,0,0,0,0,0,0,0,0,0,0,0,0
sanchcr01,2024,1,PHI,NL,31,0,0,0,0,0,0,0,0,0,0,0,0,0,0,0,0
sanchcr01,2025,1,PHI,NL,32,0,0,0,0,0,0,0,0,0,0,0,0,0,0,0,0
sanchga02,2023,1,NYN,NL,3,6,0,1,0,0,0,1,0,0,0,3,0,0,0,1,0
sanchga02,2023,2,SDN,NL,72,234,33,51,9,0,19,46,0,0,21,64,0,4,0,1,3
sanchga02,2024,1,MIL,NL,89,245,30,54,7,1,11,37,0,0,27,76,0,5,0,3,9
sanchga02,2025,1,BAL,AL,30,91,13,21,2,0,5,24,0,0,4,27,0,5,0,1,2
sanchje02,2023,1,MIA,NL,125,360,43,91,23,3,14,52,3,1,38,107,1,2,1,1,12
sanchje02,2024,1,MIA,NL,149,489,60,123,25,1,18,64,16,2,41,140,2,4,1,2,12
sanchje02,2025,1,MIA,NL,86,305,40,78,12,4,10,36,9,2,29,70,1,1,0,2,8
sanchje02,2025,2,HOU,AL,48,146,21,29,9,0,4,12,4,1,13,40,0,1,0,0,2
sanchsi01,2024,1,MIA,NL,14,0,0,0,0,0,0,0,0,0,0,0,0,0,0,0,0
sandeca01,2025,1,PIT,NL,6,0,0,0,0,0,0,0,0,0,0,0,0,0,0,0,0
sandlni01,2023,1,CLE,AL,61,0,0,0,0,0,0,0,0,0,0,0,0,0,0,0,0
sandlni01,2024,1,CLE,AL,68,0,0,0,0,0,0,0,0,0,0,0,0,0,0,0,0
sandlni01,2025,1,TOR,AL,19,0,0,0,0,0,0,0,0,0,0,0,0,0,0,0,0
sandopa02,2023,1,LAA,AL,28,0,0,0,0,0,0,0,0,0,0,0,0,0,0,0,0
sandopa02,2024,1,LAA,AL,16,0,0,0,0,0,0,0,0,0,0,0,0,0,0,0,0
sandrja01,2025,1,NYA,AL,1,0,0,0,0,0,0,0,0,0,0,0,0,0,0,0,0
sandsco01,2023,1,MIN,AL,15,0,0,0,0,0,0,0,0,0,0,0,0,0,0,0,0
sandsco01,2024,1,MIN,AL,62,0,0,0,0,0,0,0,0,0,0,0,0,0,0,0,0
sandsco01,2025,1,MIN,AL,69,0,0,0,0,0,0,0,0,0,0,0,0,0,0,0,0
sanmare01,2023,1,CIN,NL,14,0,0,0,0,0,0,0,0,0,0,0,0,0,0,0,0
sanmare01,2025,1,CIN,NL,1,0,0,0,0,0,0,0,0,0,0,0,0,0,0,0,0
sanojja01,2024,1,MIA,NL,15,35,3,8,2,0,0,2,0,0,1,4,0,0,0,0,2
sanojja01,2025,1,MIA,NL,120,313,40,76,22,4,6,38,6,5,19,41,0,2,4,4,2
sanomi01,2024,1,LAA,AL,28,83,9,17,3,0,2,6,0,0,9,36,0,2,0,1,2
santaan02,2023,1,BAL,AL,153,591,81,152,41,1,28,95,5,1,55,152,1,6,0,4,11
santaan02,2024,1,BAL,AL,155,595,91,140,25,2,44,102,2,0,58,129,3,7,0,5,9
santaan02,2025,1,TOR,AL,54,194,16,34,5,0,6,18,0,0,25,61,1,1,0,1,6
santaca01,2023,1,PIT,NL,94,345,45,81,25,0,12,53,6,0,45,69,0,0,0,3,3
santaca01,2023,2,MIL,NL,52,205,33,51,8,1,11,33,0,0,20,35,0,0,0,1,8
santaca01,2024,1,MIN,AL,150,521,63,124,26,0,23,71,4,0,65,99,3,6,0,2,11
santaca01,2025,1,CLE,AL,116,396,49,89,10,0,11,52,7,0,52,86,1,3,0,4,7
santaca01,2025,2,CHN,NL,8,19,0,2,1,0,0,2,0,0,0,5,0,0,0,0,0
santade01,2023,1,NYN,NL,9,0,0,0,0,0,0,0,0,0,0,0,0,0,0,0,0
santade01,2024,1,NYA,AL,23,0,0,0,0,0,0,0,0,0,0,0,0,0,0,0,0
santade01,2024,2,PIT,NL,39,0,0,0,0,0,0,0,0,0,0,0,0,0,0,0,0
santade01,2025,1,PIT,NL,70,0,0,0,0,0,0,0,0,0,0,0,0,0,0,0,0
santito01,2023,1,CIN,NL,3,0,0,0,0,0,0,0,0,0,0,0,0,0,0,0,0
santito01,2024,1,CIN,NL,29,0,0,0,0,0,0,0,0,0,0,0,0,0,0,0,0
santito01,2025,1,CIN,NL,80,0,0,0,0,0,0,0,0,0,0,0,0,0,0,0,0
santogr01,2023,1,CHA,AL,60,0,0,0,0,0,0,0,0,0,0,0,0,0,0,0,0
santogr01,2024,1,SEA,AL,8,0,0,0,0,0,0,0,0,0,0,0,0,0,0,0,0
santogr01,2025,1,SEA,AL,8,0,0,0,0,0,0,0,0,0,0,0,0,0,0,0,0
sasakro01,2025,1,LAN,NL,10,0,0,0,0,0,0,0,0,0,0,0,0,0,0,0,0
sauceta01,2023,1,SEA,AL,52,0,0,0,0,0,0,0,0,0,0,0,0,0,0,0,0
sauceta01,2024,1,SEA,AL,53,0,0,0,0,0,0,0,0,0,0,0,0,0,0,0,0
sauceta01,2025,1,SEA,AL,10,0,0,0,0,0,0,0,0,0,0,0,0,0,0,0,0
sauerma01,2024,1,KCA,AL,14,0,0,0,0,0,0,0,0,0,0,0,0,0,0,0,0
sauerma01,2025,1,LAN,NL,10,0,0,0,0,0,0,0,0,0,0,0,0,0,0,0,0
sborzjo01,2023,1,TEX,AL,44,1,0,0,0,0,0,0,0,0,0,1,0,0,0,0,0
sborzjo01,2024,1,TEX,AL,17,0,0,0,0,0,0,0,0,0,0,0,0,0,0,0,0
schanno01,2023,1,LAA,AL,29,109,19,30,3,0,1,6,0,0,20,19,1,3,0,0,1
schanno01,2024,1,LAA,AL,147,519,62,130,19,0,13,54,10,1,68,103,0,9,3,7,14
schanno01,2025,1,LAA,AL,132,488,64,129,23,1,12,53,5,1,59,71,4,10,3,4,10
scherma01,2023,1,NYN,NL,19,0,0,0,0,0,0,0,0,0,0,0,0,0,0,0,0
scherma01,2023,2,TEX,AL,8,0,0,0,0,0,0,0,0,0,0,0,0,0,0,0,0
scherma01,2024,1,TEX,AL,9,0,0,0,0,0,0,0,0,0,0,0,0,0,0,0,0
scherma01,2025,1,TOR,AL,17,0,0,0,0,0,0,0,0,0,0,0,0,0,0,0,0
schlica01,2025,1,NYA,AL,14,0,0,0,0,0,0,0,0,0,0,0,0,0,0,0,0
schmica01,2023,1,SFN,NL,90,253,28,52,15,0,5,30,2,1,13,65,0,5,3,3,7
schmica01,2024,1,SFN,NL,40,107,11,27,4,1,6,16,0,0,4,25,0,1,0,1,2
schmica01,2025,1,SFN,NL,95,312,34,74,15,0,12,40,0,0,27,83,1,5,1,3,6
schmicl01,2023,1,NYA,AL,33,0,0,0,0,0,0,0,0,0,0,0,0,0,0,0,0
schmicl01,2024,1,NYA,AL,16,0,0,0,0,0,0,0,0,0,0,0,0,0,0,0,0
schmicl01,2025,1,NYA,AL,14,0,0,0,0,0,0,0,0,0,0,0,0,0,0,0,0
schneda03,2023,1,TOR,AL,35,116,23,32,12,1,8,20,1,0,21,43,0,4,0,0,2
schneda03,2024,1,TOR,AL,135,397,48,76,19,1,13,46,6,0,47,144,0,5,0,5,2
schneda03,2025,1,TOR,AL,82,188,33,44,5,0,11,31,3,1,36,60,0,2,0,1,4
schneda04,2024,1,CLE,AL,73,193,17,42,10,2,5,22,3,2,25,70,0,0,0,3,1
schneda04,2025,1,CLE,AL,131,379,48,78,18,1,12,41,9,3,38,117,1,3,1,1,4
scholje01,2023,1,CHA,AL,26,0,0,0,0,0,0,0,0,0,0,0,0,0,0,0,0
scholje01,2025,1,TBA,AL,2,0,0,0,0,0,0,0,0,0,0,0,0,0,0,0,0
schoojo01,2023,1,DET,AL,55,136,15,29,8,0,0,7,0,0,13,37,0,0,0,2,6
schrejo01,2023,1,BOS,AL,46,0,0,0,0,0,0,0,0,0,0,0,0,0,0,0,0
schrejo01,2024,1,KCA,AL,59,0,0,0,0,0,0,0,0,0,0,0,0,0,0,0,0
schrejo01,2025,1,KCA,AL,74,0,0,0,0,0,0,0,0,0,0,0,0,0,0,0,0
schuema01,2024,1,OAK,AL,133,396,55,87,14,0,7,34,14,1,47,119,0,7,5,4,8
schuema01,2025,1,ATH,AL,101,183,20,36,4,2,2,13,7,1,22,35,0,4,3,1,6
schulpa01,2025,1,TOR,AL,13,0,0,0,0,0,0,0,0,0,0,0,0,0,0,0,0
schunaa01,2024,1,COL,NL,39,94,14,22,3,0,2,7,0,1,4,31,1,0,0,0,0
schunaa01,2025,1,COL,NL,16,32,1,6,1,0,0,0,0,0,0,10,0,0,1,0,1
schwaky01,2023,1,PHI,NL,160,585,108,115,19,1,47,104,0,2,126,215,5,6,0,3,4
schwaky01,2024,1,PHI,NL,150,573,110,142,22,0,38,104,5,3,106,197,4,5,0,8,6
schwaky01,2025,1,PHI,NL,162,604,111,145,23,2,56,132,10,2,108,197,6,11,0,1,4
schwesp01,2024,1,ATL,NL,21,0,0,0,0,0,0,0,0,0,0,0,0,0,0,0,0
schwesp01,2025,1,ATL,NL,17,0,0,0,0,0,0,0,0,0,0,0,0,0,0,0,0
scottch01,2024,1,NYN,NL,9,0,0,0,0,0,0,0,0,0,0,0,0,0,0,0,0
scottta01,2023,1,MIA,NL,74,0,0,0,0,0,0,0,0,0,0,0,0,0,0,0,0
scottta01,2024,1,MIA,NL,44,0,0,0,0,0,0,0,0,0,0,0,0,0,0,0,0
scottta01,2024,2,SDN,NL,28,0,0,0,0,0,0,0,0,0,0,0,0,0,0,0,0
scottta01,2025,1,LAN,NL,61,0,0,0,0,0,0,0,0,0,0,0,0,0,0,0,0
scottta02,2023,1,LAN,NL,6,0,0,0,0,0,0,0,0,0,0,0,0,0,0,0,0
scottta02,2023,2,BOS,AL,4,0,0,0,0,0,0,0,0,0,0,0,0,0,0,0,0
scottta02,2023,3,OAK,AL,8,0,0,0,0,0,0,0,0,0,0,0,0,0,0,0,0
scottta02,2024,1,HOU,AL,62,0,0,0,0,0,0,0,0,0,0,0,0,0,0,0,0
scottta02,2025,1,HOU,AL,18,0,0,0,0,0,0,0,0,0,0,0,0,0,0,0,0
scottta02,2025,2,ARI,NL,6,0,0,0,0,0,0,0,0,0,0,0,0,0,0,0,0
scottvi01,2024,1,SLN,NL,53,145,14,26,9,0,2,10,5,1,6,42,0,2,0,2,0
scottvi01,2025,1,SLN,NL,138,398,54,86,15,1,5,37,34,4,42,111,0,10,10,3,3
seaboco01,2023,1,COL,NL,27,0,0,0,0,0,0,0,0,0,0,0,0,0,0,0,0
seaboco01,2025,1,TBA,AL,3,0,0,0,0,0,0,0,0,0,0,0,0,0,0,0,0
seaboco01,2025,2,ATL,NL,4,0,0,0,0,0,0,0,0,0,0,0,0,0,0,0,0
seageco01,2023,1,TEX,AL,119,477,88,156,42,0,33,96,2,1,49,88,9,4,0,6,9
seageco01,2024,1,TEX,AL,123,475,68,132,21,0,30,74,1,1,53,96,11,3,0,2,8
seageco01,2025,1,TEX,AL,102,380,61,103,19,0,21,50,3,0,58,87,10,5,0,2,13
seaglch01,2023,1,SDN,NL,1,1,0,0,0,0,0,0,0,0,0,0,0,0,0,0,0
searsjp01,2023,1,OAK,AL,32,0,0,0,0,0,0,0,0,0,0,0,0,0,0,0,0
searsjp01,2024,1,OAK,AL,32,0,0,0,0,0,0,0,0,0,0,0,0,0,0,0,0
searsjp01,2025,1,ATH,AL,22,0,0,0,0,0,0,0,0,0,0,0,0,0,0,0,0
searsjp01,2025,2,SDN,NL,5,0,0,0,0,0,0,0,0,0,0,0,0,0,0,0,0
segurje01,2023,1,MIA,NL,85,301,25,66,5,2,3,21,6,2,22,47,1,2,1,0,12
seiglan01,2025,1,MIL,NL,34,62,6,12,1,0,0,5,2,0,8,16,0,1,1,1,2
selbyco01,2023,1,PIT,NL,21,0,0,0,0,0,0,0,0,0,0,0,0,0,0,0,0
selbyco01,2024,1,KCA,AL,2,0,0,0,0,0,0,0,0,0,0,0,0,0,0,0,0
selbyco01,2024,2,BAL,AL,3,0,0,0,0,0,0,0,0,0,0,0,0,0,0,0,0
selbyco01,2025,1,BAL,AL,11,0,0,0,0,0,0,0,0,0,0,0,0,0,0,0,0
semiema01,2023,1,TEX,AL,162,670,122,185,40,4,29,100,14,3,72,110,1,5,0,5,5
semiema01,2024,1,TEX,AL,159,650,101,154,27,2,23,74,8,3,64,105,2,3,0,1,9
semiema01,2025,1,TEX,AL,127,470,62,108,16,1,15,62,11,1,50,93,0,5,0,9,8
sengako01,2023,1,NYN,NL,29,0,0,0,0,0,0,0,0,0,0,0,0,0,0,0,0
sengako01,2024,1,NYN,NL,1,0,0,0,0,0,0,0,0,0,0,0,0,0,0,0,0
sengako01,2025,1,NYN,NL,22,0,0,0,0,0,0,0,0,0,0,0,0,0,0,0,0
sengeha01,2025,1,NYN,NL,33,72,8,13,1,0,0,4,0,0,3,22,0,1,1,1,3
senzaan01,2023,1,COL,NL,2,0,0,0,0,0,0,0,0,0,0,0,0,0,0,0,0
senzaan01,2024,1,COL,NL,3,0,0,0,0,0,0,0,0,0,0,0,0,0,0,0,0
senzaan01,2025,1,COL,NL,30,0,0,0,0,0,0,0,0,0,0,0,0,0,0,0,0
senzeni01,2023,1,CIN,NL,104,301,49,71,10,0,13,42,6,2,26,74,0,1,0,2,9
senzeni01,2024,1,WAS,NL,64,206,25,43,10,0,7,18,1,3,27,53,1,1,0,0,6
senzeni01,2024,2,CHA,AL,10,30,0,3,1,0,0,0,0,0,1,8,0,0,1,0,0
servebr01,2023,1,COL,NL,11,23,0,3,1,0,0,1,0,0,0,10,0,0,0,0,0
servebr01,2024,1,TOR,AL,28,63,6,10,4,0,0,3,0,0,5,22,0,2,1,0,0
severlu01,2023,1,NYA,AL,19,0,0,0,0,0,0,0,0,0,0,0,0,0,0,0,0
severlu01,2024,1,NYN,NL,31,0,0,0,0,0,0,0,0,0,0,0,0,0,0,0,0
severlu01,2025,1,ATH,AL,29,0,0,0,0,0,0,0,0,0,0,0,0,0,0,0,0
sewalpa01,2023,1,SEA,AL,45,0,0,0,0,0,0,0,0,0,0,0,0,0,0,0,0
sewalpa01,2023,2,ARI,NL,20,0,0,0,0,0,0,0,0,0,0,0,0,0,0,0,0
sewalpa01,2024,1,ARI,NL,42,0,0,0,0,0,0,0,0,0,0,0,0,0,0,0,0
sewalpa01,2025,1,CLE,AL,18,0,0,0,0,0,0,0,0,0,0,0,0,0,0,0,0
sewalpa01,2025,2,DET,AL,4,0,0,0,0,0,0,0,0,0,0,0,0,0,0,0,0
seymobo01,2025,1,TBA,AL,26,78,9,16,1,1,1,5,1,0,4,32,0,1,0,0,0
seymoca01,2025,1,SFN,NL,16,0,0,0,0,0,0,0,0,0,0,0,0,0,0,0,0
seymoia01,2025,1,TBA,AL,19,0,0,0,0,0,0,0,0,0,0,0,0,0,0,0,0
shawbr01,2023,1,CHA,AL,38,0,0,0,0,0,0,0,0,0,0,0,0,0,0,0,0
shawbr01,2024,1,CHA,AL,5,0,0,0,0,0,0,0,0,0,0,0,0,0,0,0,0
shawma01,2025,1,CHN,NL,126,393,57,89,21,3,13,44,17,5,38,94,0,2,0,4,2
sheehem01,2023,1,LAN,NL,13,0,0,0,0,0,0,0,0,0,0,0,0,0,0,0,0
sheehem01,2025,1,LAN,NL,15,0,0,0,0,0,0,0,0,0,0,0,0,0,0,0,0
sheetga01,2023,1,CHA,AL,118,311,24,63,10,0,10,43,1,0,28,66,2,1,0,4,6
sheetga01,2024,1,CHA,AL,139,451,35,105,24,1,10,45,2,2,43,106,2,4,0,3,6
sheetga01,2025,1,SDN,NL,145,492,57,124,28,1,19,71,2,1,44,107,1,5,0,4,9
shentau01,2024,1,TBA,AL,19,42,3,9,5,0,1,3,0,0,8,14,0,0,0,0,1
sherrry01,2023,1,BOS,AL,5,0,0,0,0,0,0,0,0,0,0,0,0,0,0,0,0
shewmbr01,2023,1,ATL,NL,2,4,0,0,0,0,0,0,0,0,0,1,0,0,0,0,0
shewmbr01,2024,1,CHA,AL,29,64,4,8,2,0,1,4,5,1,1,10,0,0,0,2,0
shortza01,2023,1,DET,AL,112,221,17,45,9,0,7,33,5,0,28,66,0,0,3,1,3
shortza01,2024,1,NYN,NL,10,9,2,1,0,0,0,0,0,1,2,4,0,0,1,0,0
shortza01,2024,2,BOS,AL,2,7,0,0,0,0,0,0,0,0,0,4,0,0,0,0,0
shortza01,2024,3,ATL,NL,30,54,9,8,3,0,0,5,2,0,12,16,0,1,2,0,0
shortza01,2025,1,HOU,AL,22,50,9,11,2,0,2,7,0,1,4,18,0,1,1,0,0
shrevch01,2023,1,DET,AL,47,0,0,0,0,0,0,0,0,0,0,0,0,0,0,0,0
shrevch01,2023,2,CIN,NL,3,0,0,0,0,0,0,0,0,0,0,0,0,0,0,0,0
shrevch01,2024,1,COL,NL,1,0,0,0,0,0,0,0,0,0,0,0,0,0,0,0,0
shugach01,2024,1,BOS,AL,6,0,0,0,0,0,0,0,0,0,0,0,0,0,0,0,0
shugach01,2025,1,PIT,NL,35,0,0,0,0,0,0,0,0,0,0,0,0,0,0,0,0
shustja01,2023,1,ATL,NL,11,0,0,0,0,0,0,0,0,0,0,0,0,0,0,0,0
shustja01,2024,1,CHA,AL,39,0,0,0,0,0,0,0,0,0,0,0,0,0,0,0,0
shustja01,2025,1,CHA,AL,12,0,0,0,0,0,0,0,0,0,0,0,0,0,0,0,0
sianimi01,2023,1,CIN,NL,3,0,1,0,0,0,0,0,0,1,1,0,0,0,0,0,0
sianimi01,2023,2,SLN,NL,5,5,0,0,0,0,0,0,1,0,0,1,0,0,0,0,0
sianimi01,2024,1,SLN,NL,124,298,42,68,7,2,2,20,20,3,21,92,0,3,11,1,2
sianimi01,2025,1,SLN,NL,19,17,4,4,0,0,0,0,0,0,2,7,0,0,0,0,0
silsech01,2023,1,LAA,AL,16,0,0,0,0,0,0,0,0,0,0,0,0,0,0,0,0
silsech01,2024,1,LAA,AL,2,0,0,0,0,0,0,0,0,0,0,0,0,0,0,0,0
silsech01,2025,1,LAA,AL,10,0,0,0,0,0,0,0,0,0,0,0,0,0,0,0,0
simonro01,2025,1,MIA,NL,19,47,6,11,2,0,0,5,0,0,7,7,0,0,1,1,1
simonro01,2025,2,PIT,NL,8,30,4,7,1,0,0,2,1,0,1,8,0,0,0,1,0
simpsch01,2025,1,TBA,AL,109,414,53,122,15,3,0,26,44,12,20,43,0,0,3,2,10
simpsjo02,2025,1,MIA,NL,31,0,0,0,0,0,0,0,0,0,0,0,0,0,0,0,0
simslu01,2023,1,CIN,NL,67,0,0,0,0,0,0,0,0,0,0,0,0,0,0,0,0
simslu01,2024,1,CIN,NL,43,0,0,0,0,0,0,0,0,0,0,0,0,0,0,0,0
simslu01,2024,2,BOS,AL,15,0,0,0,0,0,0,0,0,0,0,0,0,0,0,0,0
simslu01,2025,1,WAS,NL,18,0,0,0,0,0,0,0,0,0,0,0,0,0,0,0,0
singebr01,2023,1,KCA,AL,29,0,0,0,0,0,0,0,0,0,0,0,0,0,0,0,0
singebr01,2024,1,KCA,AL,32,0,0,0,0,0,0,0,0,0,0,0,0,0,0,0,0
singebr01,2025,1,CIN,NL,32,0,0,0,0,0,0,0,0,0,0,0,0,0,0,0,0
singljo02,2023,1,MIL,NL,11,29,3,3,1,0,0,2,0,0,3,11,0,0,0,0,0
singljo02,2023,2,HOU,AL,25,62,8,12,2,0,2,10,0,0,10,12,0,0,0,1,2
singljo02,2024,1,HOU,AL,119,355,46,83,13,1,13,42,0,0,47,111,0,0,0,3,2
singljo02,2025,1,HOU,AL,3,9,0,1,0,0,0,0,0,0,0,1,0,0,0,0,0
sirijo01,2023,1,TBA,AL,101,338,58,75,13,2,25,56,12,3,20,130,0,2,1,3,5
sirijo01,2024,1,TBA,AL,130,402,50,75,16,1,18,47,14,7,31,170,0,7,2,4,5
sirijo01,2025,1,NYN,NL,16,32,7,2,2,0,0,1,2,0,4,17,0,0,0,0,0
siskev01,2025,1,KCA,AL,5,0,0,0,0,0,0,0,0,0,0,0,0,0,0,0,0
siskev01,2025,2,PIT,NL,14,0,0,0,0,0,0,0,0,0,0,0,0,0,0,0,0
skenepa01,2024,1,PIT,NL,23,0,0,0,0,0,0,0,0,0,0,0,0,0,0,0,0
skenepa01,2025,1,PIT,NL,32,0,0,0,0,0,0,0,0,0,0,0,0,0,0,0,0
skubata01,2023,1,DET,AL,15,0,0,0,0,0,0,0,0,0,0,0,0,0,0,0,0
skubata01,2024,1,DET,AL,31,0,0,0,0,0,0,0,0,0,0,0,0,0,0,0,0
skubata01,2025,1,DET,AL,31,0,0,0,0,0,0,0,0,0,0,0,0,0,0,0,0
slateau01,2023,1,SFN,NL,89,185,24,50,9,0,5,20,2,2,20,58,0,2,0,0,2
slateau01,2024,1,SFN,NL,43,90,12,18,1,0,1,9,2,1,16,31,0,3,0,3,3
slateau01,2024,2,CIN,NL,8,18,2,2,0,0,0,3,0,0,2,6,0,0,0,1,0
slateau01,2024,3,BAL,AL,33,69,10,17,3,0,1,6,1,1,8,23,0,2,0,0,2
slateau01,2025,1,CHA,AL,51,123,20,29,6,1,5,11,1,0,11,35,0,0,1,0,5
slateau01,2025,2,NYA,AL,14,25,2,3,0,0,0,2,0,0,0,16,0,0,0,0,1
slateju01,2024,1,BOS,AL,44,0,0,0,0,0,0,0,0,0,0,0,0,0,0,0,0
slateju01,2025,1,BOS,AL,36,0,0,0,0,0,0,0,0,0,0,0,0,0,0,0,0
smallet01,2023,1,MIL,NL,2,0,0,0,0,0,0,0,0,0,0,0,0,0,0,0,0
smeltde01,2023,1,MIA,NL,9,0,0,0,0,0,0,0,0,0,0,0,0,0,0,0,0
smithaj01,2023,1,ATL,NL,6,0,0,0,0,0,0,0,0,0,0,0,0,0,0,0,0
smithaj01,2024,1,ATL,NL,1,0,0,0,0,0,0,0,0,0,0,0,0,0,0,0,0
smithaj01,2025,1,ATL,NL,9,0,0,0,0,0,0,0,0,0,0,0,0,0,0,0,0
smithbu03,2024,1,MIA,NL,25,0,0,0,0,0,0,0,0,0,0,0,0,0,0,0,0
smithbu03,2024,2,BAL,AL,25,0,0,0,0,0,0,0,0,0,0,0,0,0,0,0,0
smithca04,2023,1,PIT,NL,15,32,3,4,1,1,0,5,1,0,4,16,0,0,0,1,1
smithca05,2024,1,CLE,AL,74,0,0,0,0,0,0,0,0,0,0,0,0,0,0,0,0
smithca05,2025,1,CLE,AL,76,0,0,0,0,0,0,0,0,0,0,0,0,0,0,0,0
smithca07,2025,1,HOU,AL,134,441,55,104,21,3,9,51,8,1,43,137,0,7,0,2,11
smithch10,2023,1,OAK,AL,10,0,0,0,0,0,0,0,0,0,0,0,0,0,0,0,0
smithdo02,2023,1,WAS,NL,153,527,57,134,21,1,12,46,1,1,47,91,1,10,0,2,12
smithdo02,2024,1,BOS,AL,84,249,29,59,20,0,6,34,1,1,25,65,0,4,0,0,7
smithdo02,2024,2,CIN,NL,9,26,4,5,2,0,0,0,0,0,3,11,0,0,0,0,0
smithdo02,2025,1,SFN,NL,63,204,26,58,12,0,5,33,2,0,15,42,0,2,0,4,5
smithdr01,2023,1,NYN,NL,63,0,0,0,0,0,0,0,0,0,0,0,0,0,0,0,0
smithdr01,2024,1,NYN,NL,19,0,0,0,0,0,0,0,0,0,0,0,0,0,0,0,0
smithdy01,2025,1,DET,AL,7,0,0,0,0,0,0,0,0,0,0,0,0,0,0,0,0
smithjo09,2023,1,TEX,AL,90,195,29,36,8,1,6,15,1,0,25,55,0,9,2,1,3
smithjo09,2024,1,TEX,AL,149,523,67,135,30,1,13,62,11,2,46,121,1,18,2,3,6
smithjo09,2025,1,TEX,AL,144,495,70,124,23,2,10,35,12,3,55,100,2,8,3,1,3
smithke05,2023,1,OAK,AL,49,135,15,25,4,0,5,11,1,0,5,51,0,1,5,0,3
smithke05,2024,1,NYA,AL,2,0,0,0,0,0,0,0,0,0,0,0,0,0,0,0,0
smithpa04,2023,1,ARI,NL,69,191,26,36,5,0,7,30,1,1,35,45,0,1,0,0,3
smithpa04,2024,1,ARI,NL,60,137,26,37,11,0,9,36,1,0,18,31,0,0,0,3,4
smithpa04,2025,1,ARI,NL,87,244,36,63,17,1,8,28,2,2,41,92,1,0,0,2,7
smithsh02,2025,1,CHA,AL,29,0,0,0,0,0,0,0,0,0,0,0,0,0,0,0,0
smithwi04,2023,1,TEX,AL,60,0,0,0,0,0,0,0,0,0,0,0,0,0,0,0,0
smithwi04,2024,1,KCA,AL,45,0,0,0,0,0,0,0,0,0,0,0,0,0,0,0,0
smithwi05,2023,1,LAN,NL,126,464,80,121,21,2,19,76,3,0,63,89,2,15,0,12,8
smithwi05,2024,1,LAN,NL,128,476,77,118,24,2,20,75,1,1,51,105,6,9,0,8,8
smithwi05,2025,1,LAN,NL,110,362,64,107,20,1,17,61,2,3,64,89,1,5,0,5,7
smylydr01,2023,1,CHN,NL,41,0,0,0,0,0,0,0,0,0,0,0,0,0,0,0,0
smylydr01,2024,1,CHN,NL,50,0,0,0,0,0,0,0,0,0,0,0,0,0,0,0,0
sneadki01,2023,1,OAK,AL,15,0,0,0,0,0,0,0,0,0,0,0,0,0,0,0,0
sneadki01,2024,1,SEA,AL,11,0,0,0,0,0,0,0,0,0,0,0,0,0,0,0,0
snellbl01,2023,1,SDN,NL,32,0,0,0,0,0,0,0,0,0,0,0,0,0,0,0,0
snellbl01,2024,1,SFN,NL,20,0,0,0,0,0,0,0,0,0,0,0,0,0,0,0,0
snellbl01,2025,1,LAN,NL,11,0,0,0,0,0,0,0,0,0,0,0,0,0,0,0,0
snideco01,2023,1,KCA,AL,20,0,0,0,0,0,0,0,0,0,0,0,0,0,0,0,0
snideco01,2024,1,SEA,AL,42,0,0,0,0,0,0,0,0,0,0,0,0,0,0,0,0
snideco01,2025,1,SEA,AL,24,0,0,0,0,0,0,0,0,0,0,0,0,0,0,0,0
soderty01,2023,1,OAK,AL,45,125,9,20,1,0,3,7,0,0,11,43,0,1,0,1,6
soderty01,2024,1,OAK,AL,61,189,18,44,10,0,9,26,0,0,20,53,1,3,0,1,7
soderty01,2025,1,ATH,AL,158,561,75,155,34,1,25,93,8,3,55,141,2,6,0,2,18
sogarni01,2024,1,BOS,AL,31,77,13,21,4,0,0,8,3,0,7,25,0,0,0,2,4
sogarni01,2025,1,BOS,AL,30,96,13,25,8,0,0,9,2,1,5,24,0,3,0,0,3
solakni01,2023,1,ATL,NL,1,0,1,0,0,0,0,0,0,0,0,0,0,0,0,0,0
solakni01,2023,2,DET,AL,1,0,0,0,0,0,0,0,0,0,0,0,0,0,0,0,0
solakni01,2025,1,PIT,NL,4,11,0,1,0,0,0,0,0,0,0,2,0,0,0,0,0
solando01,2023,1,MIN,AL,134,394,43,111,26,1,5,38,0,0,40,100,1,15,0,1,8
solando01,2024,1,SDN,NL,96,283,31,81,13,0,8,35,2,1,22,65,0,3,0,1,6
solando01,2025,1,SEA,AL,69,163,10,41,4,1,3,21,0,0,8,38,0,3,0,2,9
solando01,2025,2,TEX,AL,2,3,0,0,0,0,0,0,0,0,0,2,0,0,0,0,0
solerjo01,2023,1,MIA,NL,137,504,77,126,24,0,36,75,1,0,66,141,4,6,0,4,20
solerjo01,2024,1,SFN,NL,93,341,57,82,23,1,12,40,1,0,44,97,0,3,0,3,9
solerjo01,2024,2,ATL,NL,49,152,27,37,11,0,9,24,0,0,24,44,0,3,0,1,0
solerjo01,2025,1,LAA,AL,82,279,31,60,12,0,12,34,0,0,28,94,0,4,0,3,5
solompe01,2023,1,ARI,NL,5,0,0,0,0,0,0,0,0,0,0,0,0,0,0,0,0
sommedr01,2025,1,DET,AL,4,0,0,0,0,0,0,0,0,0,0,0,0,0,0,0,0
soriage01,2023,1,MIA,NL,26,0,0,0,0,0,0,0,0,0,0,0,0,0,0,0,0
soriage01,2024,1,MIA,NL,22,0,0,0,0,0,0,0,0,0,0,0,0,0,0,0,0
soriage01,2025,1,MIA,NL,24,0,0,0,0,0,0,0,0,0,0,0,0,0,0,0,0
soriajo02,2023,1,LAA,AL,38,0,0,0,0,0,0,0,0,0,0,0,0,0,0,0,0
soriajo02,2024,1,LAA,AL,22,0,0,0,0,0,0,0,0,0,0,0,0,0,0,0,0
soriajo02,2025,1,LAA,AL,31,0,0,0,0,0,0,0,0,0,0,0,0,0,0,0,0
sorokmi01,2023,1,ATL,NL,7,0,0,0,0,0,0,0,0,0,0,0,0,0,0,0,0
sorokmi01,2024,1,CHA,AL,25,0,0,0,0,0,0,0,0,0,0,0,0,0,0,0,0
sorokmi01,2025,1,WAS,NL,16,0,0,0,0,0,0,0,0,0,0,0,0,0,0,0,0
sorokmi01,2025,2,CHN,NL,6,0,0,0,0,0,0,0,0,0,0,0,0,0,0,0,0
sosaed01,2023,1,PHI,NL,104,279,34,70,15,2,10,30,4,2,8,74,0,9,2,1,10
sosaed01,2024,1,PHI,NL,90,249,39,64,12,4,7,31,7,1,13,66,0,8,1,2,5
sosaed01,2025,1,PHI,NL,89,243,30,67,12,1,11,39,1,1,10,56,0,2,3,2,7
sosale01,2023,1,CHA,AL,52,164,12,33,6,0,6,14,0,1,5,40,1,0,3,1,3
sosale01,2024,1,CHA,AL,100,351,28,89,13,0,8,35,3,1,12,77,1,3,2,1,5
sosale01,2025,1,CHA,AL,140,518,57,137,20,1,22,75,2,1,18,127,0,4,1,3,11
sotogr01,2023,1,PHI,NL,69,0,0,0,0,0,0,0,0,0,0,0,0,0,0,0,0
sotogr01,2024,1,PHI,NL,43,0,0,0,0,0,0,0,0,0,0,0,0,0,0,0,0
sotogr01,2024,2,BAL,AL,23,0,0,0,0,0,0,0,0,0,0,0,0,0,0,0,0
sotogr01,2025,1,BAL,AL,45,0,0,0,0,0,0,0,0,0,0,0,0,0,0,0,0
sotogr01,2025,2,NYN,NL,25,0,0,0,0,0,0,0,0,0,0,0,0,0,0,0,0
sotoju01,2023,1,SDN,NL,162,568,97,156,32,1,35,109,12,5,132,129,11,2,1,5,18
sotoju01,2024,1,NYA,AL,157,576,128,166,31,4,41,109,7,4,129,119,2,4,0,4,10
sotoju01,2025,1,NYN,NL,160,577,120,152,20,1,43,105,38,4,127,137,13,3,1,6,17
sotoli01,2023,1,LAA,AL,4,9,2,2,0,0,0,0,0,0,3,2,0,0,0,0,0
sotoli01,2024,1,CIN,NL,1,3,0,0,0,0,0,0,0,0,0,1,0,0,0,0,0
sotoli01,2024,2,BAL,AL,12,10,1,3,1,0,0,0,0,0,3,2,0,0,0,0,0
sousabe01,2023,1,MIL,NL,2,0,0,0,0,0,0,0,0,0,0,0,0,0,0,0,0
sousabe01,2023,2,HOU,AL,5,0,0,0,0,0,0,0,0,0,0,0,0,0,0,0,0
sousabe01,2025,1,HOU,AL,44,0,0,0,0,0,0,0,0,0,0,0,0,0,0,0,0
speasal01,2023,1,TEX,AL,3,0,0,0,0,0,0,0,0,0,0,0,0,0,0,0,0
speasal01,2024,1,HOU,AL,1,0,0,0,0,0,0,0,0,0,0,0,0,0,0,0,0
speiega01,2023,1,SEA,AL,69,0,0,0,0,0,0,0,0,0,0,0,0,0,0,0,0
speiega01,2024,1,SEA,AL,29,0,0,0,0,0,0,0,0,0,0,0,0,0,0,0,0
speiega01,2025,1,SEA,AL,76,0,0,0,0,0,0,0,0,0,0,0,0,0,0,0,0
spencmi01,2024,1,OAK,AL,35,0,0,0,0,0,0,0,0,0,0,0,0,0,0,0,0
spencmi01,2025,1,ATH,AL,32,0,0,0,0,0,0,0,0,0,0,0,0,0,0,0,0
spierca01,2023,1,CIN,NL,4,0,0,0,0,0,0,0,0,0,0,0,0,0,0,0,0
spierca01,2024,1,CIN,NL,22,0,0,0,0,0,0,0,0,0,0,0,0,0,0,0,0
spierca01,2025,1,CIN,NL,3,0,0,0,0,0,0,0,0,0,0,0,0,0,0,0,0
springe01,2023,1,TOR,AL,154,613,87,158,25,1,21,72,20,5,60,125,1,5,0,3,20
springe01,2024,1,TOR,AL,145,545,74,120,19,3,19,56,16,1,60,115,0,6,0,2,16
springe01,2025,1,TOR,AL,140,498,106,154,27,1,32,84,18,1,69,111,3,8,0,4,14
sprinje01,2023,1,TBA,AL,3,0,0,0,0,0,0,0,0,0,0,0,0,0,0,0,0
sprinje01,2024,1,TBA,AL,7,0,0,0,0,0,0,0,0,0,0,0,0,0,0,0,0
sprinje01,2025,1,ATH,AL,32,0,0,0,0,0,0,0,0,0,0,0,0,0,0,0,0
sproabr01,2025,1,NYN,NL,4,0,0,0,0,0,0,0,0,0,0,0,0,0,0,0,0
stallja01,2023,1,MIA,NL,89,241,22,46,14,0,3,20,0,0,27,67,0,3,3,2,9
stallja01,2024,1,COL,NL,82,243,31,64,17,1,9,36,0,0,27,65,1,9,1,1,10
stallja01,2025,1,COL,NL,29,84,4,12,3,0,0,6,0,0,5,31,0,3,1,0,1
stallja01,2025,2,BAL,AL,14,35,1,4,1,0,0,3,0,0,1,9,0,0,0,0,4
stanery01,2023,1,HOU,AL,55,0,0,0,0,0,0,0,0,0,0,0,0,0,0,0,0
stanery01,2024,1,SEA,AL,46,0,0,0,0,0,0,0,0,0,0,0,0,0,0,0,0
stanery01,2024,2,NYN,NL,17,0,0,0,0,0,0,0,0,0,0,0,0,0,0,0,0
stanery01,2025,1,NYN,NL,65,0,0,0,0,0,0,0,0,0,0,0,0,0,0,0,0
stantmi03,2023,1,NYA,AL,101,371,43,71,13,0,24,60,0,0,41,124,3,2,0,1,11
stantmi03,2024,1,NYA,AL,114,417,49,97,20,0,27,72,0,0,38,143,2,2,0,2,17
stantmi03,2025,1,NYA,AL,77,249,36,68,8,0,24,66,0,0,29,96,3,1,0,1,5
staumjo01,2023,1,KCA,AL,21,0,0,0,0,0,0,0,0,0,0,0,0,0,0,0,0
staumjo01,2024,1,MIN,AL,25,0,0,0,0,0,0,0,0,0,0,0,0,0,0,0,0
steelju01,2023,1,CHN,NL,30,0,0,0,0,0,0,0,0,0,0,0,0,0,0,0,0
steelju01,2024,1,CHN,NL,24,0,0,0,0,0,0,0,0,0,0,0,0,0,0,0,0
steelju01,2025,1,CHN,NL,4,0,0,0,0,0,0,0,0,0,0,0,0,0,0,0,0
steersp01,2023,1,CIN,NL,156,582,74,158,37,3,23,86,15,3,68,139,0,11,0,4,9
steersp01,2024,1,CIN,NL,158,574,74,129,34,4,20,92,25,3,72,137,1,8,0,2,5
steersp01,2025,1,CIN,NL,146,509,66,121,21,2,21,75,7,1,51,129,0,5,1,2,12
stefami01,2023,1,LAA,AL,25,62,5,18,2,1,0,6,0,1,8,8,0,1,0,0,0
stefami01,2024,1,LAA,AL,40,110,8,24,4,0,0,8,0,0,10,20,0,3,1,0,5
stefami01,2025,1,TOR,AL,9,22,1,4,0,0,0,0,0,0,3,3,0,0,0,0,0
stephja01,2023,1,ATL,NL,5,0,0,0,0,0,0,0,0,0,0,0,0,0,0,0,0
stephja01,2024,1,ATL,NL,3,0,0,0,0,0,0,0,0,0,0,0,0,0,0,0,0
stephro01,2023,1,PIT,NL,18,0,0,0,0,0,0,0,0,0,0,0,0,0,0,0,0
stephro01,2023,2,TBA,AL,42,0,0,0,0,0,0,0,0,0,0,0,0,0,0,0,0
stephro01,2025,1,LAA,AL,12,0,0,0,0,0,0,0,0,0,0,0,0,0,0,0,0
stephtr01,2023,1,CLE,AL,71,0,0,0,0,0,0,0,0,0,0,0,0,0,0,0,0
stephty01,2023,1,CIN,NL,142,465,59,113,20,2,13,56,0,1,47,135,2,4,0,1,16
stephty01,2024,1,CIN,NL,138,457,69,118,26,1,19,66,1,0,48,117,2,8,0,2,9
stephty01,2025,1,CIN,NL,88,299,40,69,18,0,13,50,0,1,37,116,1,2,0,4,4
sternju01,2024,1,TBA,AL,2,0,0,0,0,0,0,0,0,0,0,0,0,0,0,0,0
sternju01,2025,1,ATH,AL,59,0,0,0,0,0,0,0,0,0,0,0,0,0,0,0,0
stevean01,2023,1,MIN,AL,25,37,4,7,1,0,0,1,4,1,2,8,0,1,0,0,0
steveca01,2023,1,SFN,NL,6,9,1,0,0,0,0,0,0,0,3,2,0,0,0,0,0
steveca01,2024,1,PHI,NL,18,24,2,6,3,0,0,6,0,0,3,4,0,0,0,0,1
steveca01,2025,1,PHI,NL,5,8,0,2,0,0,0,1,0,0,0,2,0,0,0,0,0
stevech02,2025,1,LAA,AL,5,13,1,2,0,0,0,0,0,1,0,7,0,0,1,0,0
stewabr01,2023,1,MIN,AL,28,0,0,0,0,0,0,0,0,0,0,0,0,0,0,0,0
stewabr01,2024,1,MIN,AL,16,0,0,0,0,0,0,0,0,0,0,0,0,0,0,0,0
stewabr01,2025,1,MIN,AL,39,0,0,0,0,0,0,0,0,0,0,0,0,0,0,0,0
stewabr01,2025,2,LAN,NL,4,0,0,0,0,0,0,0,0,0,0,0,0,0,0,0,0
stewadj01,2023,1,NYN,NL,58,160,21,39,9,0,11,26,1,1,15,56,0,7,1,1,3
stewadj01,2024,1,NYN,NL,74,158,16,28,4,0,5,19,1,0,31,48,0,4,0,1,5
stewasa02,2025,1,CIN,NL,18,55,11,14,1,0,5,8,0,0,3,15,0,0,0,0,1
stockro01,2025,1,BOS,AL,2,0,0,0,0,0,0,0,0,0,0,0,0,0,0,0,0
stonega01,2023,1,LAN,NL,8,0,0,0,0,0,0,0,0,0,0,0,0,0,0,0,0
stonega01,2024,1,LAN,NL,25,0,0,0,0,0,0,0,0,0,0,0,0,0,0,0,0
storytr01,2023,1,BOS,AL,43,158,12,32,9,0,3,14,10,3,9,55,0,1,0,0,2
storytr01,2024,1,BOS,AL,26,94,8,24,7,0,2,10,6,3,11,33,2,1,0,0,2
storytr01,2025,1,BOS,AL,157,612,91,161,29,0,25,96,31,1,33,176,1,7,1,1,3
stottbr01,2023,1,PHI,NL,151,585,78,164,32,2,15,62,31,3,39,100,1,7,1,8,10
stottbr01,2024,1,PHI,NL,148,506,65,124,19,2,11,57,32,3,53,93,1,3,0,9,9
stottbr01,2025,1,PHI,NL,147,499,66,128,22,3,13,66,24,5,54,91,1,1,2,4,4
stoudle01,2023,1,CIN,NL,4,0,0,0,0,0,0,0,0,0,0,0,0,0,0,0,0
stoweky01,2023,1,BAL,AL,14,30,1,2,0,0,0,0,0,0,3,12,0,0,0,0,1
stoweky01,2024,1,BAL,AL,19,36,3,11,4,0,1,9,0,1,0,13,0,0,0,1,0
stoweky01,2024,2,MIA,NL,50,156,12,29,7,2,2,15,0,0,13,61,0,3,0,0,2
stoweky01,2025,1,MIA,NL,117,399,61,115,21,3,25,73,5,1,48,125,3,5,1,4,6
strahma01,2023,1,PHI,NL,56,0,0,0,0,0,0,0,0,0,0,0,0,0,0,0,0
strahma01,2024,1,PHI,NL,66,0,0,0,0,0,0,0,0,0,0,0,0,0,0,0,0
strahma01,2025,1,PHI,NL,66,0,0,0,0,0,0,0,0,0,0,0,0,0,0,0,0
stratch01,2023,1,SLN,NL,42,0,0,0,0,0,0,0,0,0,0,0,0,0,0,0,0
stratch01,2023,2,TEX,AL,22,0,0,0,0,0,0,0,0,0,0,0,0,0,0,0,0
stratch01,2024,1,KCA,AL,57,0,0,0,0,0,0,0,0,0,0,0,0,0,0,0,0
stratch01,2025,1,KCA,AL,12,0,0,0,0,0,0,0,0,0,0,0,0,0,0,0,0
stratch01,2025,2,LAN,NL,3,0,0,0,0,0,0,0,0,0,0,0,0,0,0,0,0
strathu01,2023,1,PIT,NL,8,0,0,0,0,0,0,0,0,0,0,0,0,0,0,0,0
strathu01,2024,1,PIT,NL,36,0,0,0,0,0,0,0,0,0,0,0,0,0,0,0,0
strathu01,2025,1,PIT,NL,3,0,0,0,0,0,0,0,0,0,0,0,0,0,0,0,0
strathu01,2025,2,ATL,NL,12,0,0,0,0,0,0,0,0,0,0,0,0,0,0,0,0
strawmy01,2023,1,CLE,AL,147,462,52,110,18,3,1,29,20,6,42,97,0,2,6,6,10
strawmy01,2024,1,CLE,AL,7,4,2,1,0,0,0,0,2,0,0,0,0,0,0,0,0
strawmy01,2025,1,TOR,AL,137,267,51,70,14,1,4,32,12,1,19,50,0,1,11,1,5
strichu01,2024,1,LAA,AL,72,0,0,0,0,0,0,0,0,0,0,0,0,0,0,0,0
strichu01,2025,1,LAA,AL,19,0,0,0,0,0,0,0,0,0,0,0,0,0,0,0,0
stridsp01,2023,1,ATL,NL,32,0,0,0,0,0,0,0,0,0,0,0,0,0,0,0,0
stridsp01,2024,1,ATL,NL,2,0,0,0,0,0,0,0,0,0,0,0,0,0,0,0,0
stridsp01,2025,1,ATL,NL,23,0,0,0,0,0,0,0,0,0,0,0,0,0,0,0,0
stripro01,2023,1,SFN,NL,22,0,0,0,0,0,0,0,0,0,0,0,0,0,0,0,0
stripro01,2024,1,OAK,AL,22,0,0,0,0,0,0,0,0,0,0,0,0,0,0,0,0
stromma01,2023,1,CHN,NL,27,0,0,0,0,0,0,0,0,0,0,0,0,0,0,0,0
stromma01,2024,1,NYA,AL,30,0,0,0,0,0,0,0,0,0,0,0,0,0,0,0,0
stromma01,2025,1,NYA,AL,9,0,0,0,0,0,0,0,0,0,0,0,0,0,0,0,0
strowka01,2025,1,BAL,AL,25,0,0,0,0,0,0,0,0,0,0,0,0,0,0,0,0
strzepe01,2023,1,MIL,NL,36,0,0,0,0,0,0,0,0,0,0,0,0,0,0,0,0
strzepe01,2023,2,ARI,NL,1,0,0,0,0,0,0,0,0,0,0,0,0,0,0,0,0
strzepe01,2024,1,CLE,AL,10,0,0,0,0,0,0,0,0,0,0,0,0,0,0,0,0
stubbcj01,2025,1,WAS,NL,1,3,0,0,0,0,0,0,0,0,0,0,0,0,0,0,0
stubbga01,2023,1,PHI,NL,41,113,15,23,4,1,1,12,2,0,9,29,0,2,1,0,0
stubbga01,2024,1,PHI,NL,56,164,18,34,4,1,1,11,5,0,17,50,0,4,0,1,0
stubbga01,2025,1,PHI,NL,5,1,2,0,0,0,0,0,0,0,0,0,0,0,0,0,0
suareal01,2024,1,BAL,AL,32,0,0,0,0,0,0,0,0,0,0,0,0,0,0,0,0
suareal01,2025,1,BAL,AL,5,0,0,0,0,0,0,0,0,0,0,0,0,0,0,0,0
suarean01,2023,1,SLN,NL,13,0,0,0,0,0,0,0,0,0,0,0,0,0,0,0,0
suareeu01,2023,1,SEA,AL,162,598,68,139,29,0,22,96,2,1,70,214,0,15,0,11,10
suareeu01,2024,1,ARI,NL,158,571,90,146,28,2,30,101,2,1,49,176,0,9,0,11,10
suareeu01,2025,1,ARI,NL,106,387,64,96,19,0,36,87,1,0,29,117,1,15,0,6,7
suareeu01,2025,2,SEA,AL,53,201,27,38,9,0,13,31,3,1,17,79,1,1,0,1,4
suarejo01,2023,1,LAA,AL,11,0,0,0,0,0,0,0,0,0,0,0,0,0,0,0,0
suarejo01,2024,1,LAA,AL,22,0,0,0,0,0,0,0,0,0,0,0,0,0,0,0,0
suarejo01,2025,1,ATL,NL,7,0,0,0,0,0,0,0,0,0,0,0,0,0,0,0,0
suarera01,2023,1,PHI,NL,22,0,0,0,0,0,0,0,0,0,0,0,0,0,0,0,0
suarera01,2024,1,PHI,NL,27,0,0,0,0,0,0,0,0,0,0,0,0,0,0,0,0
suarera01,2025,1,PHI,NL,26,0,0,0,0,0,0,0,0,0,0,0,0,0,0,0,0
suarero01,2023,1,SDN,NL,27,0,0,0,0,0,0,0,0,0,0,0,0,0,0,0,0
suarero01,2024,1,SDN,NL,65,0,0,0,0,0,0,0,0,0,0,0,0,0,0,0,0
suarero01,2025,1,SDN,NL,70,0,0,0,0,0,0,0,0,0,0,0,0,0,0,0,0
suerowa01,2023,1,LAN,NL,5,0,0,0,0,0,0,0,0,0,0,0,0,0,0,0,0
suerowa01,2024,1,HOU,AL,1,0,0,0,0,0,0,0,0,0,0,0,0,0,0,0,0
suerowa01,2025,1,ATL,NL,5,0,0,0,0,0,0,0,0,0,0,0,0,0,0,0,0
suganto01,2025,1,BAL,AL,30,0,0,0,0,0,0,0,0,0,0,0,0,0,0,0,0
sullibr01,2023,1,SDN,NL,33,81,7,17,3,0,1,6,0,0,4,19,0,0,0,1,1
sullibr01,2024,1,SDN,NL,7,16,1,3,0,0,1,2,0,0,1,4,0,0,0,0,0
sullibr01,2025,1,PIT,NL,3,6,1,1,0,0,0,2,0,0,1,3,0,1,0,1,0
sulseco01,2023,1,ARI,NL,4,0,0,0,0,0,0,0,0,0,0,0,0,0,0,0,0
sulseco01,2024,1,NYN,NL,4,0,0,0,0,0,0,0,0,0,0,0,0,0,0,0,0
sulseco01,2024,2,TBA,AL,6,0,0,0,0,0,0,0,0,0,0,0,0,0,0,0,0
sulseco01,2025,1,TBA,AL,18,0,0,0,0,0,0,0,0,0,0,0,0,0,0,0,0
suterbr01,2023,1,COL,NL,57,0,0,0,0,0,0,0,0,0,0,0,0,0,0,0,0
suterbr01,2024,1,CIN,NL,47,0,0,0,0,0,0,0,0,0,0,0,0,0,0,0,0
suterbr01,2025,1,CIN,NL,48,0,0,0,0,0,0,0,0,0,0,0,0,0,0,0,0
suwinja01,2023,1,PIT,NL,144,447,63,100,21,2,26,74,13,2,75,172,2,6,0,6,2
suwinja01,2024,1,PIT,NL,88,247,29,45,8,0,9,26,9,1,27,79,2,1,1,1,3
suwinja01,2025,1,PIT,NL,59,150,15,22,7,0,3,10,7,1,24,57,1,4,0,0,1
suzukse01,2023,1,CHN,NL,138,515,75,147,31,6,20,74,6,7,59,130,3,2,0,7,8
suzukse01,2024,1,CHN,NL,132,512,74,145,27,6,21,73,16,6,63,160,3,6,0,4,6
suzukse01,2025,1,CHN,NL,151,571,75,140,31,3,32,103,5,2,71,164,1,1,0,8,13
svansma01,2025,1,SLN,NL,39,0,0,0,0,0,0,0,0,0,0,0,0,0,0,0,0
swansda01,2023,1,CHN,NL,147,565,81,138,25,3,22,80,9,1,66,154,0,5,0,2,9
swansda01,2024,1,CHN,NL,149,534,82,129,27,2,16,66,19,3,54,144,2,2,0,3,7
swansda01,2025,1,CHN,NL,159,590,84,144,24,3,24,77,20,3,47,168,1,2,1,5,9
swanser01,2023,1,TOR,AL,69,0,0,0,0,0,0,0,0,0,0,0,0,0,0,0,0
swanser01,2024,1,TOR,AL,45,0,0,0,0,0,0,0,0,0,0,0,0,0,0,0,0
swanser01,2025,1,TOR,AL,6,0,0,0,0,0,0,0,0,0,0,0,0,0,0,0,0
sweentr01,2024,1,DET,AL,36,110,11,24,5,0,4,17,2,0,7,32,0,1,0,1,3
sweentr01,2025,1,DET,AL,118,296,36,58,6,2,6,32,3,1,26,92,0,0,0,4,2
sweetde01,2023,1,SEA,AL,2,0,0,0,0,0,0,0,0,0,0,0,0,0,0,0,0
sweetde01,2023,2,OAK,AL,5,0,0,0,0,0,0,0,0,0,0,0,0,0,0,0,0
syndeno01,2023,1,LAN,NL,12,0,0,0,0,0,0,0,0,0,0,0,0,0,0,0,0
syndeno01,2023,2,CLE,AL,6,0,0,0,0,0,0,0,0,0,0,0,0,0,0,0,0
taillja01,2023,1,CHN,NL,30,0,0,0,0,0,0,0,0,0,0,0,0,0,0,0,0
taillja01,2024,1,CHN,NL,28,0,0,0,0,0,0,0,0,0,0,0,0,0,0,0,0
taillja01,2025,1,CHN,NL,23,0,0,0,0,0,0,0,0,0,0,0,0,0,0,0,0
tapiado01,2023,1,SDN,NL,15,0,0,0,0,0,0,0,0,0,0,0,0,0,0,0,0
tapiara01,2023,1,BOS,AL,39,87,14,23,4,1,1,10,6,1,9,19,0,0,0,0,1
tapiara01,2023,2,MIL,NL,20,52,10,9,0,0,2,3,2,1,6,20,0,1,1,1,1
tapiara01,2023,3,TBA,AL,5,9,4,3,0,0,0,0,2,0,2,1,0,0,0,0,0
tarnofr01,2023,1,OAK,AL,5,0,0,0,0,0,0,0,0,0,0,0,0,0,0,0,0
tarnofr01,2025,1,MIA,NL,5,0,0,0,0,0,0,0,0,0,0,0,0,0,0,0,0
tatedi01,2024,1,BAL,AL,29,0,0,0,0,0,0,0,0,0,0,0,0,0,0,0,0
tatedi01,2024,2,TOR,AL,4,0,0,0,0,0,0,0,0,0,0,0,0,0,0,0,0
tatedi01,2025,1,TOR,AL,6,0,0,0,0,0,0,0,0,0,0,0,0,0,0,0,0
tatisfe02,2023,1,SDN,NL,141,575,91,148,33,1,25,78,29,4,53,141,0,3,1,3,17
tatisfe02,2024,1,SDN,NL,102,398,64,110,21,1,21,49,11,3,32,96,0,7,0,1,8
tatisfe02,2025,1,SDN,NL,155,594,111,159,27,2,25,71,32,7,89,129,7,6,0,2,6
tauchmi01,2023,1,CHN,NL,108,337,64,85,18,0,8,48,7,1,56,86,1,4,1,3,3
tauchmi01,2024,1,CHN,NL,109,298,50,74,12,1,7,29,6,2,47,70,0,4,0,1,7
tauchmi01,2025,1,CHA,AL,93,335,44,88,17,1,9,40,0,0,45,86,0,4,0,1,5
taverle01,2023,1,TEX,AL,143,511,67,136,31,3,14,67,14,4,35,117,0,1,3,4,3
taverle01,2024,1,TEX,AL,151,480,59,110,17,3,12,44,23,6,42,112,0,0,3,4,8
taverle01,2025,1,TEX,AL,30,79,7,19,3,1,1,8,6,1,2,23,0,0,1,0,0
taverle01,2025,2,SEA,AL,28,92,6,16,3,0,2,9,3,2,3,27,0,0,2,1,0
tawati01,2025,1,ARI,NL,74,199,29,40,8,0,7,18,8,2,20,64,0,1,2,3,6
tayloch03,2023,1,LAN,NL,117,338,51,80,15,1,15,56,16,3,41,125,2,4,0,1,2
tayloch03,2024,1,LAN,NL,87,213,28,43,7,1,4,23,5,1,28,76,0,2,1,2,5
tayloch03,2025,1,LAN,NL,28,35,4,7,2,0,0,2,0,1,0,13,0,0,0,0,1
tayloch03,2025,2,LAA,AL,30,78,11,14,5,0,2,10,2,1,5,29,0,6,0,1,0
taylogr02,2025,1,CHA,AL,36,0,0,0,0,0,0,0,0,0,0,0,0,0,0,0,0
taylojo02,2023,1,KCA,AL,17,0,0,0,0,0,0,0,0,0,0,0,0,0,0,0,0
taylomi02,2023,1,MIN,AL,129,355,48,78,14,1,21,51,13,1,26,130,0,3,3,1,7
taylomi02,2024,1,PIT,NL,113,269,35,52,9,1,5,21,12,1,23,105,0,0,4,4,3
taylomi02,2025,1,CHA,AL,134,295,33,59,20,1,9,35,8,3,23,110,1,1,4,2,7
taylosa03,2023,1,KCA,AL,31,60,11,12,2,1,0,4,8,0,7,22,0,0,1,1,1
taylosa03,2024,1,SEA,AL,3,5,2,2,0,0,0,0,0,0,0,1,0,0,0,0,0
taylosa03,2025,1,SEA,AL,4,8,1,1,0,0,0,0,0,0,0,1,0,0,1,0,0
taylotr01,2024,1,SEA,AL,21,0,0,0,0,0,0,0,0,0,0,0,0,0,0,0,0
taylotr01,2025,1,SEA,AL,8,0,0,0,0,0,0,0,0,0,0,0,0,0,0,0,0
tayloty01,2023,1,MIL,NL,81,231,36,54,17,1,10,35,9,0,8,55,0,3,0,1,10
tayloty01,2024,1,NYN,NL,130,319,47,79,22,3,7,35,11,2,19,80,1,5,1,1,4
tayloty01,2025,1,NYN,NL,113,310,34,69,18,3,2,27,12,2,16,76,1,9,3,2,4
teelky01,2025,1,CHA,AL,78,253,38,69,11,0,8,35,3,1,37,77,0,5,1,1,1
teherju01,2023,1,MIL,NL,14,0,0,0,0,0,0,0,0,0,0,0,0,0,0,0,0
teherju01,2024,1,NYN,NL,1,0,0,0,0,0,0,0,0,0,0,0,0,0,0,0,0
tellero01,2023,1,MIL,NL,106,311,26,67,9,1,13,47,0,0,35,86,2,0,0,5,11
tellero01,2024,1,PIT,NL,132,383,38,93,18,0,13,56,1,0,31,89,0,2,0,5,12
tellero01,2025,1,SEA,AL,62,173,20,36,6,0,11,27,1,0,8,49,0,2,0,2,6
tellero01,2025,2,TEX,AL,50,116,14,30,5,0,6,22,0,0,9,34,0,1,0,1,3
tenajo01,2023,1,CLE,AL,18,31,2,7,2,0,0,3,0,0,3,13,0,0,0,0,0
tenajo01,2024,1,CLE,AL,3,4,0,0,0,0,0,0,0,0,0,2,0,0,0,0,0
tenajo01,2024,2,WAS,NL,41,157,14,43,5,0,3,15,6,1,7,39,0,0,0,0,1
tenajo01,2025,1,WAS,NL,50,152,19,37,13,2,0,16,3,1,15,37,0,1,0,1,4
tengka01,2024,1,SFN,NL,4,0,0,0,0,0,0,0,0,0,0,0,0,0,0,0,0
tengka01,2025,1,SFN,NL,8,0,0,0,0,0,0,0,0,0,0,0,0,0,0,0,0
teodobr01,2024,1,LAA,AL,5,12,1,1,0,0,0,0,0,0,0,5,0,0,0,0,0
teodobr01,2025,1,LAA,AL,50,138,12,28,7,2,1,7,7,1,5,47,0,4,1,2,2
teperry01,2023,1,LAA,AL,10,0,0,0,0,0,0,0,0,0,0,0,0,0,0,0,0
teperry01,2023,2,SLN,NL,2,0,0,0,0,0,0,0,0,0,0,0,0,0,0,0,0
thaisma01,2023,1,LAA,AL,95,262,32,56,6,0,9,31,2,0,36,83,1,6,0,3,4
thaisma01,2024,1,LAA,AL,57,157,14,32,9,0,2,16,3,0,28,58,0,0,0,1,2
thaisma01,2025,1,CHA,AL,35,85,11,18,4,0,1,8,1,1,23,21,0,1,0,1,2
thaisma01,2025,2,TBA,AL,25,71,5,16,2,1,0,8,0,0,6,25,0,2,1,0,0
thenju01,2023,1,SEA,AL,9,0,0,0,0,0,0,0,0,0,0,0,0,0,0,0,0
thielca01,2023,1,MIN,AL,36,0,0,0,0,0,0,0,0,0,0,0,0,0,0,0,0
thielca01,2024,1,MIN,AL,59,0,0,0,0,0,0,0,0,0,0,0,0,0,0,0,0
thielca01,2025,1,CHN,NL,67,0,0,0,0,0,0,0,0,0,0,0,0,0,0,0,0
thomaal01,2023,1,ARI,NL,125,374,51,86,17,5,9,39,9,1,19,86,1,4,2,3,5
thomaal01,2024,1,ARI,NL,39,95,13,18,5,1,3,17,4,1,7,17,0,0,1,0,7
thomaal01,2025,1,ARI,NL,143,433,51,108,19,3,9,38,7,4,21,122,0,5,6,4,2
thomaco01,2023,1,OAK,AL,19,42,1,10,3,0,1,2,0,0,4,17,0,0,0,0,1
thomaco02,2025,1,MIL,NL,2,0,0,0,0,0,0,0,0,0,0,0,0,0,0,0,0
thomaco03,2025,1,ATH,AL,49,120,20,27,5,0,6,19,2,1,7,49,0,1,1,3,3
thomala02,2023,1,WAS,NL,157,628,101,168,36,3,28,86,20,5,36,176,0,11,0,7,5
thomala02,2024,1,WAS,NL,77,300,42,76,16,3,8,40,28,12,32,72,0,5,0,4,4
thomala02,2024,2,CLE,AL,53,172,23,36,10,0,7,23,4,2,12,65,1,2,0,1,1
thomala02,2025,1,CLE,AL,39,125,10,20,2,0,4,11,4,1,14,44,0,1,0,2,4
thomarh01,2025,1,SEA,AL,3,8,2,1,1,0,0,2,0,0,1,0,0,0,0,1,0
thompbu01,2023,1,TEX,AL,37,53,10,9,4,1,0,4,4,2,4,16,0,1,1,1,0
thompbu01,2024,1,CIN,NL,17,18,5,2,1,0,0,0,5,0,0,11,0,0,0,0,1
thompke02,2023,1,CHN,NL,19,0,0,0,0,0,0,0,0,0,0,0,0,0,0,0,0
thompke02,2024,1,CHN,NL,24,0,0,0,0,0,0,0,0,0,0,0,0,0,0,0,0
thompma02,2023,1,WAS,NL,51,0,0,0,0,0,0,0,0,0,0,0,0,0,0,0,0
thompma02,2025,1,WAS,NL,14,0,0,0,0,0,0,0,0,0,0,0,0,0,0,0,0
thompry02,2023,1,TBA,AL,18,0,0,0,0,0,0,0,0,0,0,0,0,0,0,0,0
thompry02,2023,2,ARI,NL,13,0,0,0,0,0,0,0,0,0,0,0,0,0,0,0,0
thompry02,2024,1,ARI,NL,67,0,0,0,0,0,0,0,0,0,0,0,0,0,0,0,0
thompry02,2025,1,ARI,NL,48,0,0,0,0,0,0,0,0,0,0,0,0,0,0,0,0
thomptr01,2023,1,LAN,NL,36,71,12,11,0,0,5,14,0,0,15,37,0,1,0,0,0
thomptr01,2023,2,CHA,AL,36,82,5,14,2,0,1,3,2,0,9,40,0,1,0,0,1
thompza01,2025,1,ATL,NL,2,0,0,0,0,0,0,0,0,0,0,0,0,0,0,0,0
thompza02,2023,1,SLN,NL,25,0,0,0,0,0,0,0,0,0,0,0,0,0,0,0,0
thompza02,2024,1,SLN,NL,5,0,0,0,0,0,0,0,0,0,0,0,0,0,0,0,0
thorntr01,2023,1,TOR,AL,4,0,0,0,0,0,0,0,0,0,0,0,0,0,0,0,0
thorntr01,2023,2,SEA,AL,23,0,0,0,0,0,0,0,0,0,0,0,0,0,0,0,0
thorntr01,2024,1,SEA,AL,71,0,0,0,0,0,0,0,0,0,0,0,0,0,0,0,0
thorntr01,2025,1,SEA,AL,33,0,0,0,0,0,0,0,0,0,0,0,0,0,0,0,0
thorpdr01,2024,1,CHA,AL,9,0,0,0,0,0,0,0,0,0,0,0,0,0,0,0,0
tidwebl01,2025,1,NYN,NL,4,0,0,0,0,0,0,0,0,0,0,0,0,0,0,0,0
tinocje01,2024,1,TEX,AL,9,0,0,0,0,0,0,0,0,0,0,0,0,0,0,0,0
tinocje01,2024,2,CHN,NL,2,0,0,0,0,0,0,0,0,0,0,0,0,0,0,0,0
tinocje01,2024,3,MIA,NL,21,0,0,0,0,0,0,0,0,0,0,0,0,0,0,0,0
tinocje01,2025,1,MIA,NL,20,0,0,0,0,0,0,0,0,0,0,0,0,0,0,0,0
toglimi01,2023,1,COL,NL,45,141,18,23,5,0,4,9,1,1,10,50,0,1,0,0,3
toglimi01,2024,1,COL,NL,116,399,62,87,14,3,25,55,10,1,54,147,2,1,0,3,7
toglimi01,2025,1,COL,NL,88,306,22,58,15,1,11,32,3,0,28,132,2,1,0,2,7
tolbety01,2025,1,KCA,AL,64,50,19,14,2,0,1,6,21,2,1,11,0,3,1,2,1
tollepa01,2025,1,BOS,AL,7,0,0,0,0,0,0,0,0,0,0,0,0,0,0,0,0
tongjo01,2025,1,NYN,NL,5,0,0,0,0,0,0,0,0,0,0,0,0,0,0,0,0
tonkimi01,2023,1,ATL,NL,45,0,0,0,0,0,0,0,0,0,0,0,0,0,0,0,0
tonkimi01,2024,1,NYN,NL,5,0,0,0,0,0,0,0,0,0,0,0,0,0,0,0,0
tonkimi01,2024,2,MIN,AL,13,0,0,0,0,0,0,0,0,0,0,0,0,0,0,0,0
tonkimi01,2024,3,NYA,AL,39,0,0,0,0,0,0,0,0,0,0,0,0,0,0,0,0
tonkimi01,2025,1,MIN,AL,21,0,0,0,0,0,0,0,0,0,0,0,0,0,0,0,0
topaju01,2023,1,SEA,AL,75,0,0,0,0,0,0,0,0,0,0,0,0,0,0,0,0
topaju01,2024,1,MIN,AL,3,0,0,0,0,0,0,0,0,0,0,0,0,0,0,0,0
topaju01,2025,1,MIN,AL,54,0,0,0,0,0,0,0,0,0,0,0,0,0,0,0,0
torkesp01,2023,1,DET,AL,159,606,88,141,34,1,31,94,3,0,67,171,1,6,0,5,15
torkesp01,2024,1,DET,AL,92,342,45,75,21,1,10,37,0,0,33,105,0,4,0,1,6
torkesp01,2025,1,DET,AL,155,563,82,135,27,1,31,78,2,1,72,169,6,9,0,5,12
toroab01,2023,1,MIL,NL,9,18,4,8,0,0,2,9,0,0,2,5,0,1,0,0,0
toroab01,2024,1,OAK,AL,94,337,34,81,17,1,6,26,4,2,20,62,1,5,2,0,4
toroab01,2025,1,BOS,AL,77,259,33,62,13,0,7,27,2,1,14,42,1,6,0,5,1
torregl01,2023,1,NYA,AL,158,596,90,163,28,2,25,68,13,6,67,98,0,3,0,6,19
torregl01,2024,1,NYA,AL,154,587,80,151,26,0,15,63,4,3,65,136,0,3,2,8,6
torregl01,2025,1,DET,AL,145,532,79,136,22,0,16,74,4,1,85,101,0,4,0,7,11
torrelu01,2023,1,CHN,NL,13,20,1,5,1,0,0,3,0,0,1,8,0,1,0,0,0
torrelu01,2023,2,SEA,AL,5,8,0,2,2,0,0,1,0,0,0,1,0,0,0,0,0
torrelu01,2024,1,NYN,NL,48,118,14,27,8,0,3,15,0,1,9,28,0,2,0,1,5
torrelu01,2025,1,NYN,NL,93,261,20,59,14,1,5,29,1,0,19,56,0,2,1,0,7
toussto01,2023,1,CLE,AL,1,0,0,0,0,0,0,0,0,0,0,0,0,0,0,0,0
toussto01,2023,2,CHA,AL,19,0,0,0,0,0,0,0,0,0,0,0,0,0,0,0,0
toussto01,2024,1,CHA,AL,11,0,0,0,0,0,0,0,0,0,0,0,0,0,0,0,0
toussto01,2025,1,LAA,AL,1,0,0,0,0,0,0,0,0,0,0,0,0,0,0,0,0
tovarez01,2023,1,COL,NL,153,581,79,147,37,4,15,73,11,5,25,166,0,4,2,3,10
tovarez01,2024,1,COL,NL,157,655,83,176,45,4,26,78,6,5,23,200,1,4,5,7,16
tovarez01,2025,1,COL,NL,95,360,44,91,18,4,9,33,5,3,21,98,0,1,6,2,2
trammta01,2023,1,SEA,AL,22,46,7,6,0,0,3,11,0,1,9,22,0,1,0,0,2
trammta01,2024,1,LAN,NL,5,6,0,0,0,0,0,0,0,0,0,3,0,0,0,0,0
trammta01,2024,2,NYA,AL,5,1,2,1,0,0,0,0,0,0,1,0,0,0,0,0,0
trammta01,2025,1,HOU,AL,52,117,15,23,7,0,3,12,3,2,17,41,0,0,0,1,0
treinbl01,2024,1,LAN,NL,50,0,0,0,0,0,0,0,0,0,0,0,0,0,0,0,0
treinbl01,2025,1,LAN,NL,32,0,0,0,0,0,0,0,0,0,0,0,0,0,0,0,0
trejoal01,2023,1,COL,NL,83,207,24,48,11,0,4,26,5,1,16,51,0,1,1,2,3
trejoal01,2024,1,COL,NL,28,63,4,9,0,0,0,1,0,0,2,15,0,1,1,0,2
trejoal01,2025,1,COL,NL,14,40,3,7,2,0,0,1,0,0,1,7,0,0,1,1,3
trevijo01,2023,1,NYA,AL,55,157,15,33,4,0,4,15,0,0,8,22,0,2,1,0,6
trevijo01,2024,1,NYA,AL,74,209,26,45,5,0,8,28,1,0,20,41,0,2,1,2,12
trevijo01,2025,1,CIN,NL,94,282,30,67,20,0,4,22,0,0,15,39,0,0,1,4,9
triolja01,2023,1,PIT,NL,54,181,30,54,9,0,3,21,6,1,24,63,0,3,0,1,0
triolja01,2024,1,PIT,NL,125,394,41,85,10,1,9,46,8,1,42,118,0,5,0,5,5
triolja01,2025,1,PIT,NL,107,331,41,75,18,2,7,24,13,2,39,76,1,2,3,1,4
trivilo01,2025,1,SFN,NL,11,0,0,0,0,0,0,0,0,0,0,0,0,0,0,0,0
trivilo01,2025,2,LAN,NL,26,0,0,0,0,0,0,0,0,0,0,0,0,0,0,0,0
trivilo01,2025,3,PHI,NL,10,0,0,0,0,0,0,0,0,0,0,0,0,0,0,0,0
trompch01,2023,1,ATL,NL,6,16,1,2,1,0,0,1,0,0,0,7,0,0,0,0,0
trompch01,2024,1,ATL,NL,19,52,3,13,6,0,0,6,0,0,1,17,0,0,0,1,2
trompch01,2025,1,ATL,NL,2,5,0,0,0,0,0,0,0,0,1,2,0,0,0,0,1
trompch01,2025,2,BAL,AL,6,16,2,3,1,0,1,1,0,0,0,4,0,0,0,0,0
troutmi01,2023,1,LAA,AL,82,308,54,81,14,1,18,44,2,0,45,104,2,7,0,2,4
troutmi01,2024,1,LAA,AL,29,109,17,24,1,2,10,14,6,1,16,27,1,1,0,0,0
troutmi01,2025,1,LAA,AL,130,456,73,106,14,1,26,64,2,0,87,178,10,6,0,6,7
tuckeco01,2023,1,COL,NL,5,8,2,4,0,0,0,2,0,0,1,2,0,1,0,0,0
tuckeco01,2024,1,LAA,AL,25,50,3,9,4,1,0,3,3,1,6,17,0,0,0,1,0
tuckeky01,2023,1,HOU,AL,157,574,97,163,37,5,29,112,30,5,80,92,9,3,0,10,11
tuckeky01,2024,1,HOU,AL,78,277,56,80,13,0,23,49,11,0,56,54,3,1,0,2,5
tuckeky01,2025,1,CHN,NL,136,500,91,133,25,4,22,73,25,3,87,88,7,4,1,3,8
turanbr02,2023,1,MIL,NL,137,404,46,88,9,3,6,34,26,4,38,94,1,1,3,2,9
turanbr02,2024,1,MIL,NL,155,559,72,142,24,4,7,57,50,6,50,105,1,2,5,3,8
turanbr02,2025,1,MIL,NL,156,584,97,168,28,2,18,81,24,8,66,150,1,2,2,5,3
turnbsp01,2023,1,DET,AL,7,0,0,0,0,0,0,0,0,0,0,0,0,0,0,0,0
turnbsp01,2024,1,PHI,NL,17,0,0,0,0,0,0,0,0,0,0,0,0,0,0,0,0
turnbsp01,2025,1,TOR,AL,3,0,0,0,0,0,0,0,0,0,0,0,0,0,0,0,0
turneju01,2023,1,BOS,AL,146,558,86,154,31,0,23,96,4,1,51,110,0,11,0,6,10
turneju01,2024,1,TOR,AL,91,301,37,77,17,0,6,31,0,2,39,60,0,6,0,3,15
turneju01,2024,2,SEA,AL,48,159,22,42,7,0,5,24,0,0,20,35,2,7,0,4,1
turneju01,2025,1,CHN,NL,80,169,14,37,7,0,3,18,2,0,17,37,0,1,0,4,3
turnetr01,2023,1,PHI,NL,155,639,102,170,35,5,26,76,30,0,45,150,2,6,0,1,12
turnetr01,2024,1,PHI,NL,121,505,88,149,25,0,21,62,19,4,27,98,0,6,0,1,10
turnetr01,2025,1,PHI,NL,141,589,94,179,31,7,15,69,36,7,43,107,1,5,0,2,11
tylerky01,2024,1,MIA,NL,8,0,0,0,0,0,0,0,0,0,0,0,0,0,0,0,0
ucetaed01,2023,1,NYN,NL,1,0,0,0,0,0,0,0,0,0,0,0,0,0,0,0,0
ucetaed01,2024,1,TBA,AL,30,0,0,0,0,0,0,0,0,0,0,0,0,0,0,0,0
ucetaed01,2025,1,TBA,AL,70,0,0,0,0,0,0,0,0,0,0,0,0,0,0,0,0
uelmeer01,2023,1,PHI,NL,1,0,0,0,0,0,0,0,0,0,0,0,0,0,0,0,0
underdu01,2023,1,PIT,NL,20,0,0,0,0,0,0,0,0,0,0,0,0,0,0,0,0
urenajo01,2023,1,COL,NL,5,0,0,0,0,0,0,0,0,0,0,0,0,0,0,0,0
urenajo01,2023,2,CHA,AL,5,0,0,0,0,0,0,0,0,0,0,0,0,0,0,0,0
urenajo01,2024,1,TEX,AL,33,0,0,0,0,0,0,0,0,0,0,0,0,0,0,0,0
urenajo01,2025,1,NYN,NL,1,0,0,0,0,0,0,0,0,0,0,0,0,0,0,0,0
urenajo01,2025,2,TOR,AL,6,0,0,0,0,0,0,0,0,0,0,0,0,0,0,0,0
urenajo01,2025,3,LAN,NL,2,0,0,0,0,0,0,0,0,0,0,0,0,0,0,0,0
urenajo01,2025,4,MIN,AL,4,0,0,0,0,0,0,0,0,0,0,0,0,0,0,0,0
urenajo01,2025,5,LAA,AL,6,0,0,0,0,0,0,0,0,0,0,0,0,0,0,0,0
uriasju01,2023,1,LAN,NL,21,0,0,0,0,0,0,0,0,0,0,0,0,0,0,0,0
uriaslu01,2023,1,MIL,NL,20,55,5,8,2,0,1,5,0,0,7,15,0,5,0,0,1
uriaslu01,2023,2,BOS,AL,32,89,13,20,4,0,2,13,0,0,14,26,0,5,0,0,3
uriaslu01,2024,1,SEA,AL,41,94,11,18,7,0,4,16,0,0,9,34,0,6,0,0,2
uriaslu01,2025,1,ATH,AL,96,287,27,66,7,0,8,25,2,1,31,45,0,6,0,3,9
uriasra01,2023,1,BAL,AL,116,360,45,95,22,3,4,42,3,1,27,101,0,8,0,1,10
uriasra01,2024,1,BAL,AL,100,272,39,69,9,2,11,37,1,1,23,55,0,5,0,1,0
uriasra01,2025,1,BAL,AL,77,258,27,64,12,0,8,34,2,0,21,60,0,2,0,9,5
uriasra01,2025,2,HOU,AL,35,94,6,21,5,0,3,10,1,0,6,28,0,0,0,1,1
uribeab01,2023,1,MIL,NL,32,0,0,0,0,0,0,0,0,0,0,0,0,0,0,0,0
uribeab01,2024,1,MIL,NL,14,0,0,0,0,0,0,0,0,0,0,0,0,0,0,0,0
uribeab01,2025,1,MIL,NL,75,0,0,0,0,0,0,0,0,0,0,0,0,0,0,0,0
urquijo01,2023,1,HOU,AL,16,0,0,0,0,0,0,0,0,0,0,0,0,0,0,0,0
urquijo01,2025,1,DET,AL,2,0,0,0,0,0,0,0,0,0,0,0,0,0,0,0,0
urshegi01,2023,1,LAA,AL,62,214,22,64,8,1,2,24,3,2,10,36,0,1,0,3,9
urshegi01,2024,1,DET,AL,92,300,25,73,10,1,5,37,0,0,19,49,1,1,0,5,12
urshegi01,2024,2,ATL,NL,36,132,9,35,9,0,4,15,0,0,4,23,0,0,0,0,1
urshegi01,2025,1,ATH,AL,59,181,10,43,14,1,0,20,0,1,13,40,0,0,2,1,6
uwasana01,2024,1,BOS,AL,2,0,0,0,0,0,0,0,0,0,0,0,0,0,0,0,0
valdeen01,2023,1,BOS,AL,49,139,17,37,8,0,6,19,5,1,8,37,0,1,0,0,4
valdeen01,2024,1,BOS,AL,76,201,23,43,12,0,6,28,1,1,17,53,0,0,1,4,4
valdeen01,2025,1,PIT,NL,31,91,7,19,4,2,2,12,0,0,11,16,0,0,0,0,2
valdefr01,2023,1,HOU,AL,31,0,0,0,0,0,0,0,0,0,0,0,0,0,0,0,0
valdefr01,2024,1,HOU,AL,28,0,0,0,0,0,0,0,0,0,0,0,0,0,0,0,0
valdefr01,2025,1,HOU,AL,31,0,0,0,0,0,0,0,0,0,0,0,0,0,0,0,0
valerge01,2025,1,CLE,AL,16,41,7,9,2,0,2,5,0,0,7,13,0,0,0,0,1
vallich01,2023,1,BAL,AL,1,0,0,0,0,0,0,0,0,0,0,0,0,0,0,0,0
vanasri01,2024,1,LAN,NL,2,0,0,0,0,0,0,0,0,0,0,0,0,0,0,0,0
vanasri01,2024,2,DET,AL,2,0,0,0,0,0,0,0,0,0,0,0,0,0,0,0,0
vanbebr01,2025,1,TBA,AL,4,0,0,0,0,0,0,0,0,0,0,0,0,0,0,0,0
vanwelo01,2025,1,HOU,AL,9,0,0,0,0,0,0,0,0,0,0,0,0,0,0,0,0
vargaca01,2023,1,ARI,NL,5,0,0,0,0,0,0,0,0,0,0,0,0,0,0,0,0
vargaca01,2025,1,SEA,AL,70,0,0,0,0,0,0,0,0,0,0,0,0,0,0,0,0
vargail01,2023,1,WAS,NL,86,262,32,66,13,2,4,31,1,1,19,20,0,1,3,1,10
vargail01,2024,1,WAS,NL,97,272,21,67,16,0,1,30,9,4,19,31,0,2,5,5,9
vargail01,2025,1,ARI,NL,38,115,12,31,2,1,3,19,0,0,2,15,0,2,1,1,3
vargami01,2023,1,LAN,NL,81,256,36,50,15,4,7,32,3,2,38,61,1,4,1,4,1
vargami01,2024,1,LAN,NL,30,71,11,17,4,0,3,9,1,0,8,16,0,0,0,1,1
vargami01,2024,2,CHA,AL,42,135,11,14,3,0,2,7,2,1,17,41,0,3,0,2,3
vargami01,2025,1,CHA,AL,138,504,80,118,32,2,16,60,6,0,56,100,0,6,0,3,9
varlagu01,2023,1,MIL,NL,8,0,0,0,0,0,0,0,0,0,0,0,0,0,0,0,0
varlagu01,2023,2,LAN,NL,8,0,0,0,0,0,0,0,0,0,0,0,0,0,0,0,0
varlagu01,2024,1,LAN,NL,7,0,0,0,0,0,0,0,0,0,0,0,0,0,0,0,0
varlagu01,2024,2,CHA,AL,19,0,0,0,0,0,0,0,0,0,0,0,0,0,0,0,0
varlalo01,2023,1,MIN,AL,17,0,0,0,0,0,0,0,0,0,0,0,0,0,0,0,0
varlalo01,2024,1,MIN,AL,16,0,0,0,0,0,0,0,0,0,0,0,0,0,0,0,0
varlalo01,2025,1,MIN,AL,51,0,0,0,0,0,0,0,0,0,0,0,0,0,0,0,0
varlalo01,2025,2,TOR,AL,23,0,0,0,0,0,0,0,0,0,0,0,0,0,0,0,0
varshda01,2023,1,TOR,AL,158,527,65,116,23,3,20,61,16,7,45,135,0,4,1,3,5
varshda01,2024,1,TOR,AL,136,459,73,98,21,7,18,58,10,2,48,137,1,4,1,1,2
varshda01,2025,1,TOR,AL,71,248,43,59,13,2,20,55,2,0,17,77,1,1,0,5,1
vasilmi01,2025,1,CHA,AL,47,0,0,0,0,0,0,0,0,0,0,0,0,0,0,0,0
vasquan02,2023,1,PHI,NL,30,0,0,0,0,0,0,0,0,0,0,0,0,0,0,0,0
vasquan02,2023,2,DET,AL,12,0,0,0,0,0,0,0,0,0,0,0,0,0,0,0,0
vasqura02,2023,1,NYA,AL,11,0,0,0,0,0,0,0,0,0,0,0,0,0,0,0,0
vasqura02,2024,1,SDN,NL,20,0,0,0,0,0,0,0,0,0,0,0,0,0,0,0,0
vasqura02,2025,1,SDN,NL,28,0,0,0,0,0,0,0,0,0,0,0,0,0,0,0,0
vaughan01,2023,1,CHA,AL,152,566,67,146,30,2,21,80,0,0,36,129,0,11,0,2,15
vaughan01,2024,1,CHA,AL,149,570,55,140,30,1,19,70,2,0,38,132,0,6,0,5,13
vaughan01,2025,1,CHA,AL,48,185,9,35,8,0,5,19,0,0,7,43,0,0,0,1,4
vaughan01,2025,2,MIL,NL,64,221,26,68,14,0,9,46,0,0,24,37,0,3,1,5,8
vavrate01,2023,1,BAL,AL,27,49,9,12,0,0,0,5,1,0,5,12,0,0,2,0,5
vavrate01,2025,1,BAL,AL,1,1,0,0,0,0,0,0,0,0,0,0,0,0,0,0,0
vazquch01,2023,1,MIN,AL,102,327,34,73,13,0,6,32,1,0,25,82,1,1,1,1,11
vazquch01,2024,1,MIN,AL,93,294,29,65,10,0,7,27,3,1,11,65,0,1,5,4,11
vazquch01,2025,1,MIN,AL,65,190,14,36,7,0,3,14,1,1,18,35,0,4,0,2,3
vazqulu01,2024,1,CHN,NL,11,12,2,1,0,0,0,1,0,0,0,6,0,1,0,1,1
vazqulu01,2025,1,BAL,AL,36,50,6,8,1,0,1,3,2,0,3,14,0,0,0,0,0
veenza01,2025,1,COL,NL,12,34,1,4,1,0,1,2,1,1,2,14,0,1,0,0,0
velasvi01,2023,1,PIT,NL,8,0,0,0,0,0,0,0,0,0,0,0,0,0,0,0,0
velazan01,2023,1,LAA,AL,54,81,12,14,3,0,2,3,13,3,10,30,0,0,3,0,1
velazne01,2023,1,CHN,NL,13,29,8,7,2,0,3,6,0,0,3,8,0,0,0,0,1
velazne01,2023,2,KCA,AL,40,133,27,31,4,0,14,28,0,0,11,43,0,2,0,1,2
velazne01,2024,1,KCA,AL,64,205,31,41,8,1,8,27,2,0,19,61,0,3,0,3,6
venezan01,2023,1,KCA,AL,2,0,0,0,0,0,0,0,0,0,0,0,0,0,0,0,0
venezan01,2024,1,KCA,AL,2,0,0,0,0,0,0,0,0,0,0,0,0,0,0,0,0
venezan01,2024,2,MIA,NL,10,0,0,0,0,0,0,0,0,0,0,0,0,0,0,0,0
venezan01,2025,1,MIA,NL,24,0,0,0,0,0,0,0,0,0,0,0,0,0,0,0,0
venezan01,2025,2,SLN,NL,2,0,0,0,0,0,0,0,0,0,0,0,0,0,0,0,0
verdual01,2023,1,BOS,AL,142,546,81,144,37,5,13,54,5,3,45,93,1,6,0,5,11
verdual01,2024,1,NYA,AL,149,559,74,130,28,1,13,61,2,1,49,93,0,1,2,10,14
verdual01,2025,1,ATL,NL,56,197,21,47,10,0,0,12,1,0,14,31,0,2,0,0,1
verhadr01,2023,1,SLN,NL,60,0,0,0,0,0,0,0,0,0,0,0,0,0,0,0,0
verlaju01,2023,1,NYN,NL,16,0,0,0,0,0,0,0,0,0,0,0,0,0,0,0,0
verlaju01,2023,2,HOU,AL,11,0,0,0,0,0,0,0,0,0,0,0,0,0,0,0,0
verlaju01,2024,1,HOU,AL,17,0,0,0,0,0,0,0,0,0,0,0,0,0,0,0,0
verlaju01,2025,1,SFN,NL,29,0,0,0,0,0,0,0,0,0,0,0,0,0,0,0,0
vesiaal01,2023,1,LAN,NL,56,0,0,0,0,0,0,0,0,0,0,0,0,0,0,0,0
vesiaal01,2024,1,LAN,NL,67,0,0,0,0,0,0,0,0,0,0,0,0,0,0,0,0
vesiaal01,2025,1,LAN,NL,68,0,0,0,0,0,0,0,0,0,0,0,0,0,0,0,0
vespini01,2023,1,BAL,AL,9,0,0,0,0,0,0,0,0,0,0,0,0,0,0,0,0
vespini01,2024,1,BAL,AL,11,0,0,0,0,0,0,0,0,0,0,0,0,0,0,0,0
vestwi01,2023,1,DET,AL,48,0,0,0,0,0,0,0,0,0,0,0,0,0,0,0,0
vestwi01,2024,1,DET,AL,69,0,0,0,0,0,0,0,0,0,0,0,0,0,0,0,0
vestwi01,2025,1,DET,AL,64,0,0,0,0,0,0,0,0,0,0,0,0,0,0,0,0
vieirth01,2023,1,MIL,NL,2,0,0,0,0,0,0,0,0,0,0,0,0,0,0,0,0
vieirth01,2024,1,MIL,NL,16,0,0,0,0,0,0,0,0,0,0,0,0,0,0,0,0
vieirth01,2024,2,BAL,AL,1,0,0,0,0,0,0,0,0,0,0,0,0,0,0,0,0
vieirth01,2024,3,ARI,NL,11,0,0,0,0,0,0,0,0,0,0,0,0,0,0,0,0
vientma01,2023,1,NYN,NL,65,218,19,46,5,1,9,22,1,0,10,71,0,3,0,2,5
vientma01,2024,1,NYN,NL,111,413,58,110,22,0,27,71,0,0,33,135,0,3,0,5,6
vientma01,2025,1,NYN,NL,121,424,44,99,21,2,17,61,1,0,30,115,0,5,0,4,11
vierlma01,2023,1,DET,AL,134,479,63,125,21,5,10,44,6,6,44,112,1,5,1,1,8
vierlma01,2024,1,DET,AL,144,518,80,133,28,5,16,57,6,1,41,121,1,3,0,5,9
vierlma01,2025,1,DET,AL,31,88,6,21,3,0,1,11,2,0,7,24,0,3,0,2,1
viladry01,2024,1,DET,AL,17,45,5,8,0,0,1,5,0,0,2,12,0,0,1,1,2
viladry01,2025,1,SLN,NL,7,13,1,1,0,0,0,0,0,0,2,5,0,0,0,0,1
viladry01,2025,2,CIN,NL,1,0,0,0,0,0,0,0,0,0,0,0,0,0,0,0,0
villada01,2023,1,SFN,NL,46,124,15,18,6,0,5,12,1,1,11,45,0,4,0,1,1
villada01,2024,1,SFN,NL,11,35,3,9,4,0,1,4,0,0,1,13,0,0,0,1,0
villada01,2025,1,SFN,NL,9,20,4,4,1,0,0,1,0,0,4,5,0,1,0,0,1
villael02,2024,1,MIA,NL,3,0,0,0,0,0,0,0,0,0,0,0,0,0,0,0,0
vilorme01,2023,1,CLE,AL,10,3,0,0,0,0,0,0,0,0,1,0,0,0,0,0,1
vinesda01,2023,1,ATL,NL,5,0,0,0,0,0,0,0,0,0,0,0,0,0,0,0,0
vinesda01,2024,1,ATL,NL,4,0,0,0,0,0,0,0,0,0,0,0,0,0,0,0,0
vivasjo01,2025,1,NYA,AL,29,56,6,9,2,0,1,5,0,0,5,13,0,3,0,0,0
vodnivi01,2023,1,COL,NL,6,0,0,0,0,0,0,0,0,0,0,0,0,0,0,0,0
vodnivi01,2024,1,COL,NL,64,0,0,0,0,0,0,0,0,0,0,0,0,0,0,0,0
vodnivi01,2025,1,COL,NL,52,0,0,0,0,0,0,0,0,0,0,0,0,0,0,0,0
vogelda01,2023,1,NYN,NL,104,275,33,64,8,0,13,48,0,0,42,81,1,2,0,0,6
vogelda01,2024,1,TOR,AL,31,70,5,13,5,0,1,8,0,0,9,17,0,0,0,0,4
voitlu01,2023,1,MIL,NL,22,68,5,15,3,0,0,4,2,0,4,27,0,2,0,0,3
volpean01,2023,1,NYA,AL,159,541,62,113,23,4,21,60,24,5,52,167,0,5,1,2,10
volpean01,2024,1,NYA,AL,160,637,90,155,27,7,12,60,28,7,42,156,1,4,2,3,9
volpean01,2025,1,NYA,AL,153,539,65,114,32,4,19,72,18,8,43,150,0,4,3,7,10
vosleja01,2023,1,CIN,NL,20,62,6,10,2,1,3,10,0,0,3,25,0,0,0,0,0
vosleja01,2024,1,SEA,AL,10,28,2,5,1,1,0,3,0,0,2,9,0,0,0,0,0
vothau01,2023,1,BAL,AL,25,0,0,0,0,0,0,0,0,0,0,0,0,0,0,0,0
vothau01,2024,1,SEA,AL,68,0,0,0,0,0,0,0,0,0,0,0,0,0,0,0,0
vottojo01,2023,1,CIN,NL,65,208,26,42,6,0,14,38,0,0,27,62,0,7,0,0,2
wachami01,2023,1,SDN,NL,24,0,0,0,0,0,0,0,0,0,0,0,0,0,0,0,0
wachami01,2024,1,KCA,AL,29,0,0,0,0,0,0,0,0,0,0,0,0,0,0,0,0
wachami01,2025,1,KCA,AL,31,0,0,0,0,0,0,0,0,0,0,0,0,0,0,0,0
waddebr01,2025,1,NYN,NL,11,0,0,0,0,0,0,0,0,0,0,0,0,0,0,0,0
wadela01,2023,1,SFN,NL,135,429,64,110,14,2,17,45,2,0,76,95,3,6,4,4,4
wadela01,2024,1,SFN,NL,117,331,45,86,16,0,8,34,2,1,62,90,5,4,1,3,2
wadela01,2025,1,SFN,NL,50,144,12,24,8,2,1,15,0,0,21,35,1,1,2,1,2
wadela01,2025,2,LAA,AL,30,65,7,11,0,0,1,3,1,0,6,23,0,2,0,0,0
wadety01,2023,1,OAK,AL,26,51,8,13,1,1,0,2,4,0,4,13,0,0,0,0,0
wadety01,2024,1,SDN,NL,90,138,28,30,3,0,0,8,8,1,11,29,0,2,4,0,0
wadety01,2025,1,SDN,NL,60,107,13,22,1,2,0,9,1,2,15,31,0,1,4,0,0
wagamer01,2024,1,LAA,AL,18,72,6,18,5,0,2,10,0,0,2,17,0,0,0,0,1
wagamer01,2025,1,MIA,NL,140,476,56,119,28,3,9,53,4,1,32,100,0,1,0,5,11
wagnewi01,2024,1,TOR,AL,24,82,8,25,6,0,2,11,0,0,4,16,0,0,0,0,3
wagnewi01,2025,1,TOR,AL,40,114,13,27,7,0,0,7,1,0,15,26,0,2,1,0,2
wagnewi01,2025,2,SDN,NL,15,15,2,2,0,0,0,0,0,0,2,2,0,0,0,0,1
wagueja01,2024,1,TBA,AL,4,0,0,0,0,0,0,0,0,0,0,0,0,0,0,0,0
wainwad01,2023,1,SLN,NL,23,2,0,0,0,0,0,0,0,0,0,1,0,0,0,0,0
waiteco01,2023,1,SFN,NL,3,0,0,0,0,0,0,0,0,0,0,0,0,0,0,0,0
waldike01,2023,1,OAK,AL,35,0,0,0,0,0,0,0,0,0,0,0,0,0,0,0,0
waldrhu01,2024,1,ATL,NL,2,0,0,0,0,0,0,0,0,0,0,0,0,0,0,0,0
waldrhu01,2025,1,ATL,NL,10,0,0,0,0,0,0,0,0,0,0,0,0,0,0,0,0
waldrma01,2023,1,SDN,NL,8,0,0,0,0,0,0,0,0,0,0,0,0,0,0,0,0
waldrma01,2024,1,SDN,NL,27,0,0,0,0,0,0,0,0,0,0,0,0,0,0,0,0
waldrma01,2025,1,SDN,NL,1,0,0,0,0,0,0,0,0,0,0,0,0,0,0,0,0
walkech02,2023,1,ARI,NL,157,582,86,150,36,2,33,103,11,0,62,127,3,8,0,8,13
walkech02,2024,1,ARI,NL,130,479,72,120,26,0,26,84,2,2,55,133,4,10,0,8,12
walkech02,2025,1,HOU,AL,154,585,72,139,24,1,27,88,2,1,40,177,1,11,0,4,10
walkejo02,2023,1,SLN,NL,117,420,51,116,19,2,16,51,7,4,37,104,0,6,0,2,9
walkejo02,2024,1,SLN,NL,51,164,16,33,10,1,5,20,1,0,10,50,0,2,0,2,4
walkejo02,2025,1,SLN,NL,111,363,40,78,13,1,6,41,10,3,29,126,1,3,0,1,9
walkejo03,2023,1,NYN,NL,14,0,0,0,0,0,0,0,0,0,0,0,0,0,0,0,0
walkejo03,2024,1,NYN,NL,10,0,0,0,0,0,0,0,0,0,0,0,0,0,0,0,0
walkejo03,2025,1,TOR,AL,3,0,0,0,0,0,0,0,0,0,0,0,0,0,0,0,0
walkery01,2023,1,SFN,NL,49,0,0,0,0,0,0,0,0,0,0,0,0,0,0,0,0
walkery01,2024,1,SFN,NL,76,0,0,0,0,0,0,0,0,0,0,0,0,0,0,0,0
walkery01,2025,1,SFN,NL,68,0,0,0,0,0,0,0,0,0,0,0,0,0,0,0,0
walketa01,2023,1,PHI,NL,31,0,0,0,0,0,0,0,0,0,0,0,0,0,0,0,0
walketa01,2024,1,PHI,NL,19,0,0,0,0,0,0,0,0,0,0,0,0,0,0,0,0
walketa01,2025,1,PHI,NL,34,0,0,0,0,0,0,0,0,0,0,0,0,0,0,0,0
wallach01,2023,1,LAA,AL,65,157,18,31,5,1,7,15,0,1,13,57,0,0,2,0,5
wallach01,2025,1,LAA,AL,1,0,0,0,0,0,0,0,0,0,0,0,0,0,0,0,0
wallfo01,2023,1,ATL,NL,15,13,6,6,2,0,1,2,5,1,2,4,0,0,0,0,0
wallfo01,2024,1,ATL,NL,13,29,3,7,0,0,0,1,3,3,3,6,0,0,0,0,0
wallfo01,2024,2,MIA,NL,3,3,1,1,0,0,0,0,1,0,0,2,0,0,0,0,0
wallnma01,2023,1,MIN,AL,76,213,42,53,11,1,14,41,2,1,28,80,1,13,0,0,1
wallnma01,2024,1,MIN,AL,75,220,26,57,17,1,13,37,3,0,24,95,0,16,0,1,2
wallnma01,2025,1,MIN,AL,104,336,47,68,16,3,22,40,4,3,46,114,0,8,0,2,3
wallsta01,2023,1,TBA,AL,99,303,50,61,12,2,8,36,22,1,44,92,0,1,1,0,1
wallsta01,2024,1,TBA,AL,84,218,27,40,5,3,1,14,16,4,31,67,0,0,0,3,3
wallsta01,2025,1,TBA,AL,101,282,36,62,14,1,4,38,14,6,26,70,0,0,3,6,1
walshja01,2023,1,LAA,AL,39,104,10,13,4,0,4,11,0,0,11,45,0,1,0,0,1
walshja01,2024,1,TEX,AL,17,53,9,12,2,0,1,7,0,0,7,21,0,0,0,0,2
walstbl01,2024,1,ARI,NL,7,0,0,0,0,0,0,0,0,0,0,0,0,0,0,0,0
waltean01,2024,1,CLE,AL,9,0,0,0,0,0,0,0,0,0,0,0,0,0,0,0,0
waltean01,2025,1,CLE,AL,2,0,0,0,0,0,0,0,0,0,0,0,0,0,0,0,0
waltebr01,2023,1,BOS,AL,9,0,0,0,0,0,0,0,0,0,0,0,0,0,0,0,0
waltebr01,2025,1,HOU,AL,9,0,0,0,0,0,0,0,0,0,0,0,0,0,0,0,0
waltodo01,2024,1,SFN,NL,9,22,3,3,0,0,1,2,0,0,2,7,0,1,0,0,2
waltodo01,2025,1,PHI,NL,2,8,1,1,0,0,0,1,0,0,0,1,0,0,1,0,0
wantzan01,2023,1,LAA,AL,27,0,0,0,0,0,0,0,0,0,0,0,0,0,0,0,0
wantzan01,2024,1,LAA,AL,1,0,0,0,0,0,0,0,0,0,0,0,0,0,0,0,0
wardta01,2023,1,LAA,AL,97,356,60,90,18,0,14,47,4,2,39,80,0,8,0,6,9
wardta01,2024,1,LAA,AL,156,585,73,144,26,2,25,75,6,4,63,163,0,7,0,8,11
wardta01,2025,1,LAA,AL,157,579,86,132,31,2,36,103,4,1,75,175,1,3,0,6,13
wardth01,2023,1,WAS,NL,26,0,0,0,0,0,0,0,0,0,0,0,0,0,0,0,0
warreau01,2023,1,LAA,AL,2,0,0,0,0,0,0,0,0,0,0,0,0,0,0,0,0
warreau01,2024,1,SFN,NL,6,0,0,0,0,0,0,0,0,0,0,0,0,0,0,0,0
warreau01,2025,1,NYN,NL,5,0,0,0,0,0,0,0,0,0,0,0,0,0,0,0,0
warrewi01,2024,1,NYA,AL,6,0,0,0,0,0,0,0,0,0,0,0,0,0,0,0,0
warrewi01,2025,1,NYA,AL,33,0,0,0,0,0,0,0,0,0,0,0,0,0,0,0,0
waterdr01,2023,1,KCA,AL,98,302,40,69,11,5,8,32,16,5,27,107,0,5,0,3,4
waterdr01,2024,1,KCA,AL,7,16,2,3,1,0,0,1,0,0,2,6,0,1,0,0,0
waterdr01,2025,1,KCA,AL,71,206,21,50,6,3,1,14,5,3,11,60,0,2,0,0,2
watkisp01,2023,1,OAK,AL,1,0,0,0,0,0,0,0,0,0,0,0,0,0,0,0,0
weathry01,2023,1,SDN,NL,12,0,0,0,0,0,0,0,0,0,0,0,0,0,0,0,0
weathry01,2023,2,MIA,NL,3,0,0,0,0,0,0,0,0,0,0,0,0,0,0,0,0
weathry01,2024,1,MIA,NL,16,0,0,0,0,0,0,0,0,0,0,0,0,0,0,0,0
weathry01,2025,1,MIA,NL,8,0,0,0,0,0,0,0,0,0,0,0,0,0,0,0,0
weavelu01,2023,1,CIN,NL,21,0,0,0,0,0,0,0,0,0,0,0,0,0,0,0,0
weavelu01,2023,2,SEA,AL,5,0,0,0,0,0,0,0,0,0,0,0,0,0,0,0,0
weavelu01,2023,3,NYA,AL,3,0,0,0,0,0,0,0,0,0,0,0,0,0,0,0,0
weavelu01,2024,1,NYA,AL,62,0,0,0,0,0,0,0,0,0,0,0,0,0,0,0,0
weavelu01,2025,1,NYA,AL,64,0,0,0,0,0,0,0,0,0,0,0,0,0,0,0,0
webbja01,2023,1,LAA,AL,29,0,0,0,0,0,0,0,0,0,0,0,0,0,0,0,0
webbja01,2023,2,BAL,AL,25,0,0,0,0,0,0,0,0,0,0,0,0,0,0,0,0
webbja01,2024,1,BAL,AL,60,0,0,0,0,0,0,0,0,0,0,0,0,0,0,0,0
webbja01,2025,1,TEX,AL,55,0,0,0,0,0,0,0,0,0,0,0,0,0,0,0,0
webblo01,2023,1,SFN,NL,33,0,0,0,0,0,0,0,0,0,0,0,0,0,0,0,0
webblo01,2024,1,SFN,NL,33,0,0,0,0,0,0,0,0,0,0,0,0,0,0,0,0
webblo01,2025,1,SFN,NL,34,0,0,0,0,0,0,0,0,0,0,0,0,0,0,0,0
weberry01,2023,1,NYA,AL,8,0,0,0,0,0,0,0,0,0,0,0,0,0,0,0,0
weemsjo01,2023,1,WAS,NL,51,0,0,0,0,0,0,0,0,0,0,0,0,0,0,0,0
weemsjo01,2024,1,WAS,NL,41,0,0,0,0,0,0,0,0,0,0,0,0,0,0,0,0
weemsjo01,2025,1,HOU,AL,4,0,0,0,0,0,0,0,0,0,0,0,0,0,0,0,0
weissgr01,2023,1,NYA,AL,17,0,0,0,0,0,0,0,0,0,0,0,0,0,0,0,0
weissgr01,2024,1,BOS,AL,62,0,0,0,0,0,0,0,0,0,0,0,0,0,0,0,0
weissgr01,2025,1,BOS,AL,72,0,0,0,0,0,0,0,0,0,0,0,0,0,0,0,0
weissza01,2023,1,LAA,AL,6,0,0,0,0,0,0,0,0,0,0,0,0,0,0,0,0
weissza01,2023,2,BOS,AL,6,0,0,0,0,0,0,0,0,0,0,0,0,0,0,0,0
wellsau01,2023,1,NYA,AL,19,70,8,16,6,0,4,13,0,0,3,14,0,0,0,1,3
wellsau01,2024,1,NYA,AL,115,354,42,81,18,1,13,55,1,2,47,87,0,5,1,7,9
wellsau01,2025,1,NYA,AL,126,401,51,88,22,1,21,71,5,1,30,118,0,5,0,11,10
wellsty01,2023,1,BAL,AL,25,0,0,0,0,0,0,0,0,0,0,0,0,0,0,0,0
wellsty01,2024,1,BAL,AL,3,0,0,0,0,0,0,0,0,0,0,0,0,0,0,0,0
wellsty01,2025,1,BAL,AL,4,0,0,0,0,0,0,0,0,0,0,0,0,0,0,0,0
wendljo01,2023,1,MIA,NL,112,297,33,63,16,3,2,20,7,1,13,67,0,2,3,3,8
wendljo01,2024,1,NYN,NL,18,36,3,8,1,0,0,1,1,0,1,9,0,0,0,0,0
wendzda01,2024,1,TEX,AL,27,47,2,6,2,0,1,2,0,0,1,12,0,1,0,0,1
wentzjo01,2023,1,DET,AL,25,0,0,0,0,0,0,0,0,0,0,0,0,0,0,0,0
wentzjo01,2024,1,DET,AL,38,0,0,0,0,0,0,0,0,0,0,0,0,0,0,0,0
wentzjo01,2024,2,PIT,NL,8,0,0,0,0,0,0,0,0,0,0,0,0,0,0,0,0
wentzjo01,2025,1,PIT,NL,19,0,0,0,0,0,0,0,0,0,0,0,0,0,0,0,0
wentzjo01,2025,2,MIN,AL,6,0,0,0,0,0,0,0,0,0,0,0,0,0,0,0,0
wentzjo01,2025,3,ATL,NL,14,0,0,0,0,0,0,0,0,0,0,0,0,0,0,0,0
wesneha01,2023,1,CHN,NL,34,0,0,0,0,0,0,0,0,0,0,0,0,0,0,0,0
wesneha01,2024,1,CHN,NL,28,0,0,0,0,0,0,0,0,0,0,0,0,0,0,0,0
wesneha01,2025,1,HOU,AL,6,0,0,0,0,0,0,0,0,0,0,0,0,0,0,0,0
westbja02,2024,1,BOS,AL,21,40,4,6,2,0,2,7,0,0,4,14,0,1,0,2,0
westbjo01,2023,1,BAL,AL,68,208,26,54,17,2,3,23,4,1,16,56,0,1,0,3,3
westbjo01,2024,1,BAL,AL,107,416,57,110,26,5,18,63,6,3,22,97,0,7,1,1,5
westbjo01,2025,1,BAL,AL,85,328,59,87,10,1,17,41,1,2,17,80,0,6,0,1,5
wheelza01,2023,1,PHI,NL,32,0,0,0,0,0,0,0,0,0,0,0,0,0,0,0,0
wheelza01,2024,1,PHI,NL,32,0,0,0,0,0,0,0,0,0,0,0,0,0,0,0,0
wheelza01,2025,1,PHI,NL,24,0,0,0,0,0,0,0,0,0,0,0,0,0,0,0,0
whiseca01,2025,1,SFN,NL,5,0,0,0,0,0,0,0,0,0,0,0,0,0,0,0,0
whitcsh01,2024,1,HOU,AL,20,41,1,9,3,0,0,5,0,0,5,8,0,0,0,0,1
whitcsh01,2025,1,HOU,AL,20,32,4,4,0,0,1,1,0,0,0,10,0,0,0,0,0
whitebr01,2023,1,DET,AL,33,0,0,0,0,0,0,0,0,0,0,0,0,0,0,0,0
whiteel04,2023,1,ATL,NL,6,14,1,1,0,0,0,0,0,0,2,7,0,1,0,0,0
whiteel04,2024,1,ATL,NL,35,39,9,11,1,1,1,4,3,1,1,12,0,2,0,0,1
whiteel04,2025,1,ATL,NL,105,256,43,60,8,3,10,35,10,1,11,70,1,2,1,1,2
whitemi03,2023,1,TOR,AL,10,0,0,0,0,0,0,0,0,0,0,0,0,0,0,0,0
whitemi03,2024,1,TOR,AL,4,0,0,0,0,0,0,0,0,0,0,0,0,0,0,0,0
whitemi03,2024,2,SFN,NL,3,0,0,0,0,0,0,0,0,0,0,0,0,0,0,0,0
whitemi03,2024,3,MIL,NL,6,0,0,0,0,0,0,0,0,0,0,0,0,0,0,0,0
whiteow01,2023,1,TEX,AL,2,0,0,0,0,0,0,0,0,0,0,0,0,0,0,0,0
whiteow01,2024,1,TEX,AL,3,0,0,0,0,0,0,0,0,0,0,0,0,0,0,0,0
whiteow01,2025,1,CHA,AL,3,0,0,0,0,0,0,0,0,0,0,0,0,0,0,0,0
whitlfo01,2024,1,HOU,AL,3,0,0,0,0,0,0,0,0,0,0,0,0,0,0,0,0
whitlfo01,2025,1,HOU,AL,5,0,0,0,0,0,0,0,0,0,0,0,0,0,0,0,0
whitlfo01,2025,2,TBA,AL,5,0,0,0,0,0,0,0,0,0,0,0,0,0,0,0,0
whitlga01,2023,1,BOS,AL,22,0,0,0,0,0,0,0,0,0,0,0,0,0,0,0,0
whitlga01,2024,1,BOS,AL,4,0,0,0,0,0,0,0,0,0,0,0,0,0,0,0,0
whitlga01,2025,1,BOS,AL,62,0,0,0,0,0,0,0,0,0,0,0,0,0,0,0,0
wicksjo01,2023,1,CHN,NL,7,0,0,0,0,0,0,0,0,0,0,0,0,0,0,0,0
wicksjo01,2024,1,CHN,NL,11,0,0,0,0,0,0,0,0,0,0,0,0,0,0,0,0
wicksjo01,2025,1,CHN,NL,8,0,0,0,0,0,0,0,0,0,0,0,0,0,0,0,0
wiemejo01,2023,1,MIL,NL,132,367,48,75,19,0,13,42,11,4,36,116,0,5,0,2,4
wiemejo01,2024,1,MIL,NL,19,26,2,4,0,0,0,0,1,1,1,9,0,0,0,0,0
wiemejo01,2024,2,CIN,NL,2,0,0,0,0,0,0,0,0,0,1,0,0,0,0,0,0
wiemejo01,2025,1,MIA,NL,27,55,7,13,2,0,3,12,0,0,2,23,1,2,0,2,0
wilcoco01,2025,1,TBA,AL,1,0,0,0,0,0,0,0,0,0,0,0,0,0,0,0,0
wilesna01,2025,1,ATL,NL,1,0,0,0,0,0,0,0,0,0,0,0,0,0,0,0,0
willial04,2023,1,PIT,NL,46,101,7,20,5,0,0,6,0,0,9,35,0,1,1,0,2
willial04,2024,1,PIT,NL,37,87,13,18,4,2,0,5,1,0,3,22,0,1,5,0,0
william01,2023,1,WAS,NL,18,0,0,0,0,0,0,0,0,0,0,0,0,0,0,0,0
william01,2024,1,WAS,NL,1,0,0,0,0,0,0,0,0,0,0,0,0,0,0,0,0
willibe03,2025,1,SEA,AL,85,277,36,70,13,0,1,21,5,1,15,64,0,1,2,0,5
willibr02,2023,1,CIN,NL,23,0,0,0,0,0,0,0,0,0,0,0,0,0,0,0,0
willibr02,2024,1,CIN,NL,4,0,0,0,0,0,0,0,0,0,0,0,0,0,0,0,0
willica02,2025,1,TBA,AL,32,99,11,17,3,0,5,12,2,1,6,44,0,0,1,0,3
willide03,2023,1,MIL,NL,61,0,0,0,0,0,0,0,0,0,0,0,0,0,0,0,0
willide03,2024,1,MIL,NL,22,0,0,0,0,0,0,0,0,0,0,0,0,0,0,0,0
willide03,2025,1,NYA,AL,67,0,0,0,0,0,0,0,0,0,0,0,0,0,0,0,0
williga01,2023,1,CLE,AL,16,0,0,0,0,0,0,0,0,0,0,0,0,0,0,0,0
williga01,2024,1,CLE,AL,16,0,0,0,0,0,0,0,0,0,0,0,0,0,0,0,0
williga01,2025,1,CLE,AL,31,0,0,0,0,0,0,0,0,0,0,0,0,0,0,0,0
willilu01,2023,1,LAN,NL,4,10,0,1,0,0,0,0,1,0,0,3,0,0,0,0,0
willilu01,2023,2,ATL,NL,7,9,1,0,0,0,0,0,3,0,0,4,0,0,0,0,0
willilu01,2024,1,ATL,NL,37,46,8,9,3,0,0,4,3,0,4,13,0,1,1,0,1
willilu01,2025,1,ATL,NL,45,31,5,4,2,0,0,5,5,0,1,9,0,1,0,1,2
willitr01,2023,1,WAS,NL,30,0,0,0,0,0,0,0,0,0,0,0,0,0,0,0,0
willitr01,2024,1,WAS,NL,13,0,0,0,0,0,0,0,0,0,0,0,0,0,0,0,0
willitr01,2025,1,WAS,NL,17,0,0,0,0,0,0,0,0,0,0,0,0,0,0,0,0
wilsobr02,2023,1,MIL,NL,53,0,0,0,0,0,0,0,0,0,0,0,0,0,0,0,0
wilsobr02,2024,1,MIL,NL,34,0,0,0,0,0,0,0,0,0,0,0,0,0,0,0,0
wilsobr02,2025,1,CHA,AL,20,0,0,0,0,0,0,0,0,0,0,0,0,0,0,0,0
wilsoja04,2024,1,OAK,AL,28,92,11,23,2,2,0,3,0,0,8,10,0,1,1,1,4
wilsoja04,2025,1,ATH,AL,125,486,62,151,26,0,13,63,5,2,27,39,1,7,2,1,16
wilsoju10,2024,1,CIN,NL,60,0,0,0,0,0,0,0,0,0,0,0,0,0,0,0,0
wilsoju10,2025,1,BOS,AL,61,0,0,0,0,0,0,0,0,0,0,0,0,0,0,0,0
wilsost02,2023,1,SDN,NL,52,0,0,0,0,0,0,0,0,0,0,0,0,0,0,0,0
wilsost02,2024,1,CHA,AL,40,0,0,0,0,0,0,0,0,0,0,0,0,0,0,0,0
wilsost02,2025,1,CHA,AL,59,0,0,0,0,0,0,0,0,0,0,0,0,0,0,0,0
wilsowe01,2023,1,PHI,NL,8,16,5,5,0,0,1,2,3,1,6,5,0,0,0,0,0
wilsowe01,2024,1,PHI,NL,41,88,13,25,7,1,3,10,3,0,8,29,0,1,0,1,2
wilsowe01,2025,1,PHI,NL,54,111,15,22,4,0,5,17,2,3,12,34,0,1,1,0,1
wilsowi03,2025,1,CLE,AL,34,78,7,15,4,0,0,2,2,0,7,34,0,1,5,0,1
winanal01,2023,1,ATL,NL,6,0,0,0,0,0,0,0,0,0,0,0,0,0,0,0,0
winanal01,2024,1,ATL,NL,2,0,0,0,0,0,0,0,0,0,0,0,0,0,0,0,0
winanal01,2025,1,NYA,AL,3,0,0,0,0,0,0,0,0,0,0,0,0,0,0,0,0
winckjo01,2023,1,BOS,AL,60,0,0,0,0,0,0,0,0,0,0,0,0,0,0,0,0
winckjo01,2024,1,BOS,AL,40,0,0,0,0,0,0,0,0,0,0,0,0,0,0,0,0
winckjo01,2025,1,BOS,AL,6,0,0,0,0,0,0,0,0,0,0,0,0,0,0,0,0
windejo01,2023,1,MIN,AL,19,0,0,0,0,0,0,0,0,0,0,0,0,0,0,0,0
windejo01,2024,1,MIN,AL,4,0,0,0,0,0,0,0,0,0,0,0,0,0,0,0,0
wingetr01,2023,1,DET,AL,17,0,0,0,0,0,0,0,0,0,0,0,0,0,0,0,0
wingetr01,2024,1,BOS,AL,2,0,0,0,0,0,0,0,0,0,0,0,0,0,0,0,0
wingetr01,2024,2,CHN,NL,5,0,0,0,0,0,0,0,0,0,0,0,0,0,0,0,0
winkeje01,2023,1,MIL,NL,61,166,16,33,5,0,1,23,0,0,26,51,0,4,0,1,0
winkeje01,2024,1,WAS,NL,101,315,51,81,18,0,11,45,14,4,53,84,2,7,2,2,9
winkeje01,2024,2,NYN,NL,44,115,12,28,5,0,3,13,0,0,10,22,0,3,0,1,3
winkeje01,2025,1,NYN,NL,26,70,8,16,5,2,1,10,1,0,9,21,1,0,0,2,1
winklja01,2025,1,MIA,NL,14,16,2,4,2,0,0,0,1,0,0,4,0,0,0,0,0
winnco01,2024,1,TEX,AL,13,0,0,0,0,0,0,0,0,0,0,0,0,0,0,0,0
winnco01,2025,1,TEX,AL,33,0,0,0,0,0,0,0,0,0,0,0,0,0,0,0,0
winnke01,2023,1,SFN,NL,9,0,0,0,0,0,0,0,0,0,0,0,0,0,0,0,0
winnke01,2024,1,SFN,NL,12,0,0,0,0,0,0,0,0,0,0,0,0,0,0,0,0
winnke01,2025,1,SFN,NL,7,0,0,0,0,0,0,0,0,0,0,0,0,0,0,0,0
winnma01,2023,1,SLN,NL,37,122,8,21,2,0,2,12,2,1,10,26,0,0,2,3,1
winnma01,2024,1,SLN,NL,150,587,85,157,32,5,15,57,11,5,41,109,1,1,3,5,1
winnma01,2025,1,SLN,NL,129,491,72,124,27,0,9,51,9,5,34,102,0,8,2,2,11
wisdopa01,2023,1,CHN,NL,97,268,43,55,8,1,23,46,4,2,30,111,0,2,1,1,4
wisdopa01,2024,1,CHN,NL,75,158,16,27,7,2,8,23,5,0,10,59,0,4,1,1,1
wiselbr01,2023,1,SFN,NL,51,120,10,21,5,0,2,8,2,1,9,40,0,0,1,1,2
wiselbr01,2024,1,SFN,NL,91,252,25,60,13,1,4,31,2,3,13,65,0,2,2,3,3
wiselbr01,2025,1,SFN,NL,22,48,5,10,4,0,1,10,1,1,4,10,0,0,2,0,0
wiselbr01,2025,2,ATL,NL,4,6,0,0,0,0,0,0,0,0,3,4,0,0,0,0,0
wittbo02,2023,1,KCA,AL,158,641,97,177,28,11,30,96,49,15,40,121,1,4,1,8,11
wittbo02,2024,1,KCA,AL,161,636,125,211,45,11,32,109,31,12,57,106,9,8,0,8,4
wittbo02,2025,1,KCA,AL,157,623,99,184,47,6,23,88,38,9,49,125,8,8,0,7,7
wittgni01,2023,1,KCA,AL,27,0,0,0,0,0,0,0,0,0,0,0,0,0,0,0,0
wolfja01,2023,1,SDN,NL,1,0,0,0,0,0,0,0,0,0,0,0,0,0,0,0,0
wolfrgr01,2025,1,BAL,AL,21,0,0,0,0,0,0,0,0,0,0,0,0,0,0,0,0
wongco01,2023,1,BOS,AL,126,371,55,87,25,2,9,36,8,2,22,134,0,6,3,1,4
wongco01,2024,1,BOS,AL,126,447,54,125,24,1,13,52,8,7,28,114,1,9,1,2,7
wongco01,2025,1,BOS,AL,63,168,16,32,8,0,0,7,2,1,16,42,0,1,1,2,7
wongja01,2023,1,CIN,NL,1,0,0,0,0,0,0,0,0,0,0,0,0,0,0,0,0
wongko01,2023,1,SEA,AL,67,194,21,32,6,0,2,19,1,1,16,46,0,4,0,2,0
wongko01,2023,2,LAN,NL,20,30,4,9,0,0,2,8,2,1,2,7,0,1,0,1,1
woobr01,2023,1,SEA,AL,18,0,0,0,0,0,0,0,0,0,0,0,0,0,0,0,0
woobr01,2024,1,SEA,AL,22,0,0,0,0,0,0,0,0,0,0,0,0,0,0,0,0
woobr01,2025,1,SEA,AL,30,0,0,0,0,0,0,0,0,0,0,0,0,0,0,0,0
woodal02,2023,1,SFN,NL,29,0,0,0,0,0,0,0,0,0,0,0,0,0,0,0,0
woodal02,2024,1,OAK,AL,9,0,0,0,0,0,0,0,0,0,0,0,0,0,0,0,0
woodfja01,2023,1,SLN,NL,15,0,0,0,0,0,0,0,0,0,0,0,0,0,0,0,0
woodfja01,2024,1,CHA,AL,2,0,0,0,0,0,0,0,0,0,0,0,0,0,0,0,0
woodfja01,2024,2,PIT,NL,7,0,0,0,0,0,0,0,0,0,0,0,0,0,0,0,0
woodfja01,2025,1,ARI,NL,22,0,0,0,0,0,0,0,0,0,0,0,0,0,0,0,0
woodja03,2024,1,WAS,NL,79,295,43,78,13,4,9,41,14,8,39,97,1,2,0,0,1
woodja03,2025,1,WAS,NL,157,598,87,153,38,0,31,94,15,7,85,221,8,3,0,3,12
woodrbr01,2023,1,MIL,NL,11,0,0,0,0,0,0,0,0,0,0,0,0,0,0,0,0
woodrbr01,2025,1,MIL,NL,12,0,0,0,0,0,0,0,0,0,0,0,0,0,0,0,0
woodssi01,2023,1,MIN,AL,1,0,0,0,0,0,0,0,0,0,0,0,0,0,0,0,0
woodssi01,2024,1,MIN,AL,28,0,0,0,0,0,0,0,0,0,0,0,0,0,0,0,0
woodssi01,2025,1,MIN,AL,23,0,0,0,0,0,0,0,0,0,0,0,0,0,0,0,0
workmga01,2025,1,CHN,NL,9,14,0,3,1,0,0,2,1,0,1,6,0,0,0,0,0
workmga01,2025,2,CHA,AL,3,2,0,0,0,0,0,0,0,0,0,1,0,0,0,0,0
wrighky01,2023,1,ATL,NL,9,0,0,0,0,0,0,0,0,0,0,0,0,0,0,0,0
wroblju01,2024,1,LAN,NL,8,0,0,0,0,0,0,0,0,0,0,0,0,0,0,0,0
wroblju01,2025,1,LAN,NL,24,0,0,0,0,0,0,0,0,0,0,0,0,0,0,0,0
wynnera01,2023,1,CIN,NL,1,0,0,0,0,0,0,0,0,0,0,0,0,0,0,0,0
wynnera01,2025,1,CIN,NL,1,0,0,0,0,0,0,0,0,0,0,0,0,0,0,0,0
wynnsau01,2023,1,SFN,NL,1,2,0,0,0,0,0,0,0,0,0,2,0,0,0,0,0
wynnsau01,2023,2,LAN,NL,5,11,0,2,1,0,0,2,0,0,1,5,0,0,0,0,0
wynnsau01,2023,3,COL,NL,45,117,11,25,5,0,1,8,1,0,8,32,0,2,3,1,4
wynnsau01,2024,1,CIN,NL,7,19,3,7,4,0,0,2,0,0,0,5,0,1,0,0,0
wynnsau01,2025,1,CIN,NL,18,40,6,16,3,0,3,11,0,0,3,12,0,0,0,0,1
wynnsau01,2025,2,ATH,AL,22,63,7,14,5,0,3,10,0,0,2,20,0,0,1,1,2
yacabji01,2023,1,NYN,NL,7,0,0,0,0,0,0,0,0,0,0,0,0,0,0,0,0
yamamyo01,2024,1,LAN,NL,18,0,0,0,0,0,0,0,0,0,0,0,0,0,0,0,0
yamamyo01,2025,1,LAN,NL,30,0,0,0,0,0,0,0,0,0,0,0,0,0,0,0,0
yanger01,2024,1,CIN,NL,1,1,0,0,0,0,0,0,0,0,0,1,0,0,0,0,0
yarbrry01,2023,1,KCA,AL,14,0,0,0,0,0,0,0,0,0,0,0,0,0,0,0,0
yarbrry01,2023,2,LAN,NL,11,0,0,0,0,0,0,0,0,0,0,0,0,0,0,0,0
yarbrry01,2024,1,LAN,NL,32,0,0,0,0,0,0,0,0,0,0,0,0,0,0,0,0
yarbrry01,2024,2,TOR,AL,12,0,0,0,0,0,0,0,0,0,0,0,0,0,0,0,0
yarbrry01,2025,1,NYA,AL,19,0,0,0,0,0,0,0,0,0,0,0,0,0,0,0,0
yastrmi01,2023,1,SFN,NL,106,330,54,77,23,1,15,43,2,2,45,99,3,3,2,1,5
yastrmi01,2024,1,SFN,NL,140,428,60,99,16,9,18,57,3,2,38,124,1,6,1,1,5
yastrmi01,2025,1,SFN,NL,97,321,38,74,14,1,8,28,6,2,47,86,4,1,2,1,4
yastrmi01,2025,2,KCA,AL,50,156,30,37,14,0,9,18,1,0,25,22,0,1,0,4,3
yateski01,2023,1,ATL,NL,61,0,0,0,0,0,0,0,0,0,0,0,0,0,0,0,0
yateski01,2024,1,TEX,AL,61,0,0,0,0,0,0,0,0,0,0,0,0,0,0,0,0
yateski01,2025,1,LAN,NL,50,0,0,0,0,0,0,0,0,0,0,0,0,0,0,0,0
yelicch01,2023,1,MIL,NL,144,550,106,153,34,1,19,76,28,3,78,140,7,3,0,1,15
yelicch01,2024,1,MIL,NL,73,270,44,85,12,3,11,42,21,1,40,58,3,2,1,1,3
yelicch01,2025,1,MIL,NL,150,573,88,151,21,0,29,103,16,6,64,167,6,6,0,1,6
yepezju01,2023,1,SLN,NL,28,60,5,11,1,0,2,2,0,1,4,20,0,1,0,0,0
yepezju01,2024,1,WAS,NL,62,226,32,64,15,0,6,26,2,1,18,42,0,1,1,3,9
yesavtr01,2025,1,TOR,AL,3,0,0,0,0,0,0,0,0,0,0,0,0,0,0,0,0
yohocr01,2025,1,MIL,NL,8,0,0,0,0,0,0,0,0,0,0,0,0,0,0,0,0
yorkeni01,2024,1,PIT,NL,11,37,4,8,0,0,2,5,2,0,4,12,0,0,0,1,0
yorkeni01,2025,1,PIT,NL,22,69,7,16,3,0,1,8,1,0,3,15,0,0,0,0,1
yoshima02,2023,1,BOS,AL,140,537,71,155,33,3,15,72,8,0,34,81,0,7,0,2,20
yoshima02,2024,1,BOS,AL,108,378,45,106,21,0,10,56,2,0,27,52,0,14,0,2,6
yoshima02,2025,1,BOS,AL,55,188,16,50,11,0,4,26,3,0,10,24,0,3,0,4,3
youngal01,2023,1,CIN,NL,63,0,0,0,0,0,0,0,0,0,0,0,0,0,0,0,0
youngal01,2024,1,CIN,NL,3,0,0,0,0,0,0,0,0,0,0,0,0,0,0,0,0
youngal01,2024,2,NYN,NL,14,0,0,0,0,0,0,0,0,0,0,0,0,0,0,0,0
youngbr01,2025,1,BAL,AL,12,0,0,0,0,0,0,0,0,0,0,0,0,0,0,0,0
youngco01,2025,1,SEA,AL,77,223,24,47,7,1,4,24,1,0,28,47,1,2,2,2,4
youngda02,2023,1,ATL,NL,8,0,0,0,0,0,0,0,0,0,0,0,0,0,0,0,0
youngda02,2024,1,NYN,NL,42,0,0,0,0,0,0,0,0,0,0,0,0,0,0,0,0
youngda02,2025,1,NYN,NL,10,0,0,0,0,0,0,0,0,0,0,0,0,0,0,0,0
youngja02,2023,1,CHN,NL,16,43,8,8,0,3,2,8,2,0,3,13,0,1,0,0,1
youngja02,2025,1,NYN,NL,23,43,5,8,1,0,4,6,0,0,2,16,0,1,0,1,1
youngja03,2023,1,WAS,NL,33,107,9,27,7,1,0,12,13,0,10,22,0,1,3,0,2
youngja03,2024,1,WAS,NL,150,468,75,120,24,1,3,36,33,10,30,102,0,12,9,2,11
youngja03,2025,1,WAS,NL,120,324,34,75,10,1,2,31,15,11,27,65,0,3,9,1,7
zastrro01,2023,1,PIT,NL,21,0,0,0,0,0,0,0,0,0,0,0,0,0,0,0,0
zastrro01,2024,1,MIL,NL,9,0,0,0,0,0,0,0,0,0,0,0,0,0,0,0,0
zastrro01,2025,1,MIL,NL,26,0,0,0,0,0,0,0,0,0,0,0,0,0,0,0,0
zavalse01,2023,1,CHA,AL,66,161,15,25,3,0,7,16,1,0,10,68,0,1,2,2,4
zavalse01,2023,2,ARI,NL,7,14,2,5,1,0,0,2,0,0,2,2,0,1,0,0,0
zavalse01,2024,1,SEA,AL,18,39,4,6,2,0,1,2,0,0,3,16,0,0,1,0,2
zeferry01,2024,1,LAA,AL,12,0,0,0,0,0,0,0,0,0,0,0,0,0,0,0,0
zeferry01,2025,1,LAA,AL,62,0,0,0,0,0,0,0,0,0,0,0,0,0,0,0,0
zerpaan01,2023,1,KCA,AL,15,0,0,0,0,0,0,0,0,0,0,0,0,0,0,0,0
zerpaan01,2024,1,KCA,AL,60,0,0,0,0,0,0,0,0,0,0,0,0,0,0,0,0
zerpaan01,2025,1,KCA,AL,69,0,0,0,0,0,0,0,0,0,0,0,0,0,0,0,0
zimmebr02,2023,1,BAL,AL,7,0,0,0,0,0,0,0,0,0,0,0,0,0,0,0,0
zimmebr02,2025,1,MIL,NL,1,0,0,0,0,0,0,0,0,0,0,0,0,0,0,0,0
zuberty01,2024,1,TBA,AL,2,0,0,0,0,0,0,0,0,0,0,0,0,0,0,0,0
zuberty01,2025,1,NYN,NL,1,0,0,0,0,0,0,0,0,0,0,0,0,0,0,0,0
zuberty01,2025,2,MIA,NL,9,0,0,0,0,0,0,0,0,0,0,0,0,0,0,0,0
zulueyo01,2024,1,CIN,NL,12,0,0,0,0,0,0,0,0,0,0,0,0,0,0,0,0
zulueyo01,2025,1,CIN,NL,7,0,0,0,0,0,0,0,0,0,0,0,0,0,0,0,0
zuniggu01,2023,1,SLN,NL,2,0,0,0,0,0,0,0,0,0,0,0,0,0,0,0,0
zuniggu01,2024,1,LAA,AL,15,0,0,0,0,0,0,0,0,0,0,0,0,0,0,0,0
zuninmi01,2023,1,CLE,AL,42,124,11,22,7,0,3,11,0,0,15,61,0,1,0,0,3
