playerID,yearID,stint,teamID,lgID,W,L,G,GS,CG,SHO,SV,IPouts,H,ER,HR,BB,SO,BAOpp,ERA,IBB,WP,HBP,BK,BFP,GF,R,SH,SF,GIDP
abadfe01,2023,1,COL,NL,1,0,6,0,0,0,0,19,11,3,2,3,2,0.379,4.26,0,0,0,0,32,2,3,0,0,2
abbotan01,2023,1,CIN,NL,8,6,21,21,0,0,0,328,100,47,16,44,120,0.244,3.87,0,1,1,1,459,0,47,0,5,6
abbotan01,2024,1,CIN,NL,10,10,25,25,0,0,0,414,127,57,25,52,114,0.24,3.72,1,5,2,0,586,0,60,1,2,6
abbotan01,2025,1,CIN,NL,10,7,29,29,1,1,0,499,148,53,19,43,149,0.235,2.87,0,4,3,0,684,0,60,3,4,10
abbotco01,2023,1,WAS,NL,1,2,22,0,0,0,0,118,48,29,9,19,40,0.306,6.64,0,4,4,1,183,10,29,0,3,5
abelmi01,2025,1,PHI,NL,2,2,6,6,0,0,0,75,25,14,7,9,21,0.255,5.04,0,2,1,0,108,0,14,0,0,1
abelmi01,2025,2,MIN,AL,1,2,4,2,0,0,0,42,18,13,1,7,18,0.305,8.36,0,0,0,0,66,1,14,0,0,2
abnerph01,2025,1,ARI,NL,0,0,5,0,0,0,0,11,5,2,0,3,5,0.333,4.91,0,0,0,0,18,0,2,0,0,1
abreual01,2023,1,NYA,AL,2,2,45,0,0,0,0,177,52,31,9,35,61,0.231,4.73,1,5,6,0,268,19,39,0,1,4
abreubr01,2023,1,HOU,AL,3,2,72,0,0,0,5,216,44,14,6,31,100,0.177,1.75,0,1,3,0,287,16,17,2,3,6
abreubr01,2024,1,HOU,AL,3,3,78,0,0,0,1,235,59,27,9,32,103,0.207,3.1,0,4,6,1,325,3,27,1,1,5
abreubr01,2025,1,HOU,AL,3,4,70,0,0,0,7,213,51,18,4,31,105,0.196,2.28,0,4,4,0,296,19,18,0,1,1
acevedo01,2023,1,OAK,AL,0,0,9,0,0,0,0,28,16,11,2,2,7,0.381,10.61,1,1,1,0,47,1,11,0,2,0
actonga01,2023,1,OAK,AL,0,0,6,0,0,0,0,17,9,8,3,5,5,0.346,12.71,2,0,1,0,32,3,8,0,0,0
actonga01,2025,1,TBA,AL,0,0,1,0,0,0,0,3,0,0,0,2,0,0,0,0,1,0,0,5,1,0,0,0,0
adamja01,2023,1,TBA,AL,4,2,56,0,0,0,12,163,35,18,7,20,69,0.181,2.98,0,2,9,0,222,22,21,0,0,4
adamja01,2024,1,TBA,AL,4,2,47,0,0,0,4,141,26,13,4,16,50,0.164,2.49,3,0,3,0,180,9,17,0,2,3
adamja01,2024,2,SDN,NL,3,0,27,0,0,0,0,80,14,3,1,7,31,0.152,1.01,1,2,3,1,102,1,3,0,0,2
adamja01,2025,1,SDN,NL,8,4,65,0,0,0,0,196,50,14,4,25,70,0.209,1.93,3,3,3,0,270,4,18,1,2,5
adamsau02,2023,1,ARI,NL,0,1,24,0,0,0,0,52,16,11,1,8,22,0.235,5.71,0,2,5,0,81,1,12,0,0,0
adamsau02,2024,1,OAK,AL,1,2,56,0,0,0,0,124,38,18,4,23,53,0.25,3.92,2,6,13,0,191,6,20,1,2,3
adamstr01,2025,1,MIN,AL,1,4,18,2,0,0,0,101,39,28,6,17,31,0.293,7.49,0,5,3,0,158,3,29,0,5,0
adcocty01,2023,1,SEA,AL,0,0,12,0,0,0,0,47,11,6,4,0,11,0.19,3.45,0,0,0,0,58,4,7,0,0,1
adcocty01,2024,1,NYN,NL,0,0,3,0,0,0,0,13,7,7,4,2,3,0.368,14.54,0,0,0,0,21,1,7,0,0,1
adcocty01,2025,1,NYN,NL,0,0,3,0,0,0,0,9,2,1,1,2,5,0.167,3,0,0,0,0,14,1,1,0,0,0
adonjo01,2023,1,WAS,NL,2,4,12,10,0,0,0,155,60,37,8,24,48,0.284,6.45,3,6,3,0,240,2,37,1,1,3
adonjo01,2024,1,WAS,NL,0,0,8,1,0,0,0,32,12,8,2,4,6,0.293,6.75,0,0,1,0,48,5,8,1,1,1
agnosza01,2025,1,COL,NL,1,3,30,0,0,0,4,94,31,23,5,17,19,0.261,6.61,0,2,0,0,138,14,25,1,1,2
aguiaju01,2024,1,CIN,NL,2,1,7,7,0,0,0,95,30,22,8,12,19,0.244,6.25,1,1,5,0,140,0,22,0,0,4
akinke01,2023,1,BAL,AL,2,2,24,1,0,0,0,71,35,18,2,7,27,0.337,6.85,2,2,0,0,112,7,22,0,1,1
akinke01,2024,1,BAL,AL,3,1,66,0,0,0,1,236,55,29,9,19,97,0.193,3.32,1,4,2,0,313,21,31,2,5,2
akinke01,2025,1,BAL,AL,5,4,64,3,0,0,8,190,54,24,10,33,59,0.233,3.41,2,2,1,0,268,18,28,0,2,5
alberha01,2023,1,CHA,AL,0,0,2,0,0,0,0,5,6,4,1,1,1,0.545,21.6,0,0,0,0,12,2,4,0,0,0
alcaljo01,2023,1,MIN,AL,0,1,11,0,0,0,0,52,14,12,5,10,16,0.222,6.23,0,0,1,0,75,3,13,0,1,2
alcaljo01,2024,1,MIN,AL,4,3,54,0,0,0,0,175,40,21,8,20,58,0.19,3.24,1,4,3,0,235,5,23,0,1,1
alcaljo01,2025,1,MIN,AL,0,2,22,0,0,0,0,73,29,24,5,15,28,0.302,8.88,0,3,1,0,114,8,25,0,2,2
alcaljo01,2025,2,BOS,AL,0,0,19,0,0,0,0,49,19,6,4,8,18,0.288,3.31,0,3,0,1,76,7,11,0,2,0
alcaljo01,2025,3,SLN,NL,0,0,15,0,0,0,0,43,18,8,4,7,15,0.305,5.02,1,0,0,1,67,5,8,1,0,1
alcansa01,2023,1,MIA,NL,7,12,28,28,3,1,0,554,176,85,22,48,151,0.251,4.14,0,4,5,1,762,0,91,2,6,18
alcansa01,2025,1,MIA,NL,11,12,31,31,0,0,0,524,165,104,22,57,142,0.246,5.36,0,8,9,2,745,0,107,0,9,9
aldegsa01,2024,1,LAA,AL,1,2,3,3,0,0,0,39,15,7,2,10,10,0.283,4.85,0,2,2,0,67,0,12,0,2,0
aldegsa01,2025,1,LAA,AL,0,2,4,2,0,0,0,41,20,12,3,10,12,0.345,7.9,0,1,4,0,73,0,14,0,1,2
alexaja01,2025,1,ATH,AL,0,0,4,0,0,0,0,18,12,12,3,5,5,0.4,18,0,0,0,0,35,3,13,0,0,1
alexaja01,2025,2,HOU,AL,4,2,14,13,0,0,1,214,68,29,12,21,60,0.247,3.66,0,1,3,0,301,1,32,0,2,5
alexasc01,2023,1,SFN,NL,7,3,55,8,0,0,1,145,55,25,2,11,31,0.282,4.66,3,7,1,0,208,11,30,1,0,5
alexasc01,2024,1,OAK,AL,1,3,45,0,0,0,0,116,31,11,3,15,31,0.223,2.56,7,2,2,0,160,9,14,2,2,4
alexasc01,2025,1,COL,NL,1,1,19,0,0,0,0,49,20,11,4,7,6,0.313,6.06,0,0,1,0,72,4,11,0,0,4
alexasc01,2025,2,SFN,NL,0,0,2,0,0,0,0,4,3,1,1,2,2,0.429,6.75,0,0,0,0,9,0,1,0,0,0
alexaty01,2023,1,DET,AL,2,1,25,1,0,0,0,132,44,22,8,5,44,0.256,4.5,0,0,2,0,181,8,25,0,1,6
alexaty01,2024,1,TBA,AL,6,5,23,9,0,0,0,323,110,61,23,24,90,0.263,5.1,1,0,5,0,455,1,61,2,5,5
alexaty01,2025,1,MIL,NL,3,5,21,4,0,0,1,109,42,25,3,12,30,0.282,6.19,0,0,1,1,164,7,31,1,1,2
alexaty01,2025,2,CHA,AL,2,9,31,1,0,0,0,184,65,29,6,18,52,0.273,4.26,5,1,1,1,259,5,31,1,1,6
allarko01,2023,1,ATL,NL,0,1,4,3,0,0,0,37,16,9,2,4,13,0.308,6.57,0,1,0,0,56,1,9,0,0,1
allarko01,2024,1,PHI,NL,2,0,7,4,0,0,0,81,34,15,5,8,23,0.312,5,0,0,0,0,117,0,15,0,0,4
allarko01,2025,1,CLE,AL,2,2,33,2,0,0,0,195,64,19,5,14,42,0.261,2.63,3,0,1,0,266,16,22,3,3,5
allenlo01,2024,1,ARI,NL,0,1,12,0,0,0,1,84,32,17,3,10,21,0.281,5.46,0,0,2,0,128,4,17,0,2,0
allenlo02,2023,1,CLE,AL,7,8,24,24,0,0,0,376,127,53,16,48,119,0.263,3.81,0,1,1,0,537,0,55,2,2,11
allenlo02,2024,1,CLE,AL,8,5,20,20,0,0,0,292,113,62,22,41,79,0.295,5.73,0,4,4,0,432,0,63,1,3,14
allenlo02,2025,1,CLE,AL,8,11,30,29,0,0,0,470,157,74,18,62,122,0.261,4.25,1,4,6,0,676,0,84,2,5,15
almonye01,2023,1,LAN,NL,3,2,49,0,0,0,0,144,43,27,6,24,49,0.239,5.06,2,3,4,0,208,5,30,0,0,7
almonye01,2024,1,CHN,NL,1,0,17,0,0,0,1,47,9,6,1,8,20,0.161,3.45,1,1,2,0,67,2,7,0,1,0
altavda01,2024,1,KCA,AL,0,1,5,1,0,0,0,11,5,6,1,3,5,0.294,14.73,0,0,1,0,21,0,6,0,0,0
altavda01,2025,1,CHA,AL,0,1,28,0,0,0,2,87,19,8,4,15,21,0.19,2.48,0,1,4,0,120,13,9,1,0,2
alvaran01,2025,1,WAS,NL,1,1,5,5,0,0,0,70,16,6,1,10,20,0.184,2.31,0,2,1,0,98,0,8,0,0,2
alvared01,2024,1,NYN,NL,0,0,1,0,0,0,0,3,1,0,0,0,1,0.25,0,0,0,1,0,5,1,0,0,0,0
alvarel01,2025,1,ATH,AL,1,1,37,0,0,0,0,127,34,15,6,22,50,0.214,3.19,1,2,2,0,183,13,17,0,0,1
alvarjo03,2023,1,PHI,NL,0,2,42,0,0,0,10,124,30,8,3,18,64,0.196,1.74,1,3,0,0,172,12,15,1,0,1
alvarjo03,2024,1,PHI,NL,2,5,66,0,0,0,13,185,49,28,6,28,63,0.215,4.09,1,4,1,0,258,21,30,0,1,5
alvarjo03,2025,1,PHI,NL,4,2,28,0,0,0,7,78,27,11,4,7,32,0.262,3.81,0,3,1,0,114,10,12,2,1,0
alzolad01,2023,1,CHN,NL,2,5,58,0,0,0,22,192,52,19,5,13,67,0.225,2.67,0,0,5,2,253,38,23,1,3,8
alzolad01,2024,1,CHN,NL,1,4,18,0,0,0,4,52,19,9,6,6,13,0.279,4.67,0,0,1,0,75,11,13,0,0,1
amayaja01,2025,1,CHA,AL,0,0,1,0,0,0,0,3,0,0,0,0,0,0,0,0,0,0,0,3,1,0,0,1,0
anderch01,2023,1,TBA,AL,0,0,2,0,0,0,1,15,2,0,0,1,2,0.118,0,0,0,0,0,18,2,0,0,0,0
anderch01,2023,2,COL,NL,1,6,17,17,0,0,0,244,88,52,17,32,62,0.282,5.75,0,1,7,0,354,0,53,1,2,9
anderch01,2024,1,BOS,AL,0,2,27,1,0,0,3,156,46,28,10,19,35,0.231,4.85,1,2,3,0,224,22,34,1,2,1
anderch01,2024,2,TEX,AL,0,0,2,0,0,0,0,19,9,7,2,2,7,0.321,9.95,0,1,1,0,31,1,7,0,0,0
andergr01,2023,1,TEX,AL,2,1,26,0,0,0,0,107,38,20,5,14,30,0.277,5.05,1,1,1,0,154,2,20,0,2,3
andergr01,2024,1,TEX,AL,0,1,23,0,0,0,1,80,33,24,11,10,29,0.303,8.1,3,0,1,0,120,10,24,0,0,4
andergr01,2025,1,MIL,NL,2,6,66,0,0,0,0,209,59,25,8,29,74,0.223,3.23,3,0,2,0,299,19,35,2,2,4
anderia01,2025,1,LAA,AL,0,1,7,0,0,0,0,28,17,12,2,7,8,0.386,11.57,1,2,0,0,51,4,13,0,0,0
anderju01,2024,1,CHA,AL,1,2,56,0,0,0,1,160,48,26,5,32,57,0.234,4.39,1,1,3,0,242,14,29,1,1,3
anderni01,2023,1,ATL,NL,4,0,35,0,0,0,1,106,30,12,3,9,36,0.229,3.06,0,1,0,0,141,3,14,0,1,2
anderni01,2024,1,KCA,AL,3,1,37,0,0,0,1,107,35,16,6,15,29,0.259,4.04,1,1,1,0,153,19,17,0,2,3
anderni01,2025,1,COL,NL,0,0,12,0,0,0,0,44,17,10,3,2,10,0.288,6.14,0,0,0,0,61,2,10,0,0,1
andersh01,2024,1,TEX,AL,0,0,2,0,0,0,0,10,6,2,0,1,3,0.375,5.4,0,0,0,0,17,1,2,0,0,0
andersh01,2024,2,MIA,NL,0,2,4,2,0,0,0,39,28,13,3,0,7,0.424,9,0,2,1,0,68,2,17,0,1,1
andersh01,2025,1,LAA,AL,1,0,7,0,0,0,0,34,20,13,6,3,11,0.377,10.32,0,0,0,0,56,2,13,0,0,1
anderty01,2023,1,LAA,AL,6,6,27,25,0,0,0,423,146,85,20,64,119,0.266,5.43,1,6,7,2,629,0,90,2,7,7
anderty01,2024,1,LAA,AL,10,15,31,31,0,0,0,538,158,76,24,73,142,0.232,3.81,2,3,7,1,765,0,83,0,4,6
anderty01,2025,1,LAA,AL,2,8,26,26,0,0,0,409,135,69,28,57,104,0.253,4.56,4,5,3,3,599,0,73,0,6,7
andrecl02,2023,1,MIL,NL,0,1,4,0,0,0,0,10,10,10,3,2,4,0.5,27,0,1,0,0,22,1,11,0,0,0
andrecl02,2024,1,NYA,AL,0,0,1,0,0,0,0,1,1,1,1,0,1,0.5,27,0,0,1,0,3,0,1,0,0,0
andrima01,2024,1,MIA,NL,0,1,4,0,0,0,0,18,7,4,2,1,7,0.28,6,1,0,0,0,26,4,5,0,0,0
antonte01,2023,1,CIN,NL,0,0,5,1,0,0,0,17,3,1,0,2,7,0.158,1.59,0,0,0,0,21,0,1,0,0,1
antonte01,2024,1,CIN,NL,0,0,4,0,0,0,0,6,2,1,0,4,2,0.286,4.5,0,0,0,0,11,2,2,0,0,0
ariaslu01,2025,1,MIA,NL,0,0,7,0,0,0,0,31,17,13,2,5,10,0.362,11.32,0,1,2,0,55,5,13,0,1,0
armstsh01,2023,1,TBA,AL,1,0,39,6,0,0,0,156,36,8,2,11,54,0.188,1.38,0,0,4,0,207,5,12,0,1,2
armstsh01,2024,1,TBA,AL,2,2,38,7,0,0,1,140,56,28,5,19,50,0.292,5.4,0,1,2,1,214,4,30,0,1,2
armstsh01,2024,2,SLN,NL,1,0,11,0,0,0,0,38,11,4,1,2,12,0.234,2.84,0,0,0,0,49,3,4,0,0,0
armstsh01,2024,3,CHN,NL,0,1,8,0,0,0,0,22,10,4,0,4,4,0.37,4.91,0,0,0,0,32,2,4,1,0,3
armstsh01,2025,1,TEX,AL,4,3,71,2,0,0,9,222,40,19,5,20,74,0.157,2.31,0,3,6,0,284,22,21,0,4,4
arrigsp01,2024,1,HOU,AL,7,13,29,28,0,0,0,435,139,73,21,65,171,0.25,4.53,0,3,7,0,632,0,80,0,3,5
arrigsp01,2025,1,HOU,AL,1,5,7,7,0,0,0,106,30,21,6,20,31,0.229,5.35,0,0,3,0,156,0,21,0,2,2
ashbyaa01,2024,1,MIL,NL,1,2,14,2,0,0,0,85,20,9,2,10,33,0.187,2.86,0,1,0,0,119,3,13,1,1,1
ashbyaa01,2025,1,MIL,NL,5,2,43,1,0,0,3,200,54,16,3,24,76,0.226,2.16,0,6,4,0,270,9,16,2,1,9
ashcrbr01,2025,1,PIT,NL,4,4,26,8,0,0,0,209,63,21,3,24,71,0.239,2.71,1,1,2,0,292,6,22,1,1,2
ashcrgr01,2023,1,CIN,NL,7,9,26,26,0,0,0,437,148,77,23,52,111,0.265,4.76,0,3,10,1,624,0,78,1,2,21
ashcrgr01,2024,1,CIN,NL,5,5,15,15,0,0,0,232,89,45,11,27,57,0.282,5.24,0,4,6,0,350,0,50,0,1,8
ashcrgr01,2025,1,CIN,NL,8,5,62,0,0,0,0,196,68,29,2,25,64,0.268,3.99,0,5,0,0,284,5,37,5,0,8
assadja01,2023,1,CHN,NL,5,3,32,10,0,0,0,328,93,37,13,41,94,0.231,3.05,1,3,3,1,449,9,38,1,2,10
assadja01,2024,1,CHN,NL,7,6,29,29,0,0,0,441,143,61,20,63,124,0.254,3.73,0,5,5,0,638,0,64,3,4,10
assadja01,2025,1,CHN,NL,4,1,8,7,0,0,0,111,33,15,3,12,23,0.243,3.65,0,1,4,0,153,0,15,0,1,5
avilalu02,2025,1,KCA,AL,1,1,13,0,0,0,0,42,7,2,0,6,16,0.143,1.29,0,0,0,0,56,9,2,0,1,0
avilani01,2024,1,SFN,NL,1,0,8,0,0,0,0,35,17,11,2,3,14,0.34,8.49,0,0,0,0,55,4,12,0,2,0
avilape01,2023,1,SDN,NL,2,2,14,6,0,0,0,151,43,18,3,25,54,0.23,3.22,0,5,5,1,220,2,23,2,1,6
avilape01,2024,1,SDN,NL,1,0,4,0,0,0,0,24,5,8,1,6,9,0.192,9,0,3,1,0,35,2,8,1,1,1
avilape01,2024,2,CLE,AL,5,1,50,0,0,0,1,224,68,27,7,30,73,0.243,3.25,1,4,3,0,318,15,30,0,5,8
bachala01,2024,1,MIA,NL,0,1,10,0,0,0,0,28,10,4,2,4,11,0.278,3.86,0,0,0,0,40,0,5,0,0,2
bachala01,2025,1,MIA,NL,8,2,53,1,0,0,3,213,55,31,10,30,75,0.213,3.93,3,5,3,0,296,12,34,1,4,5
bachmsa01,2023,1,LAA,AL,1,2,11,0,0,0,1,51,17,6,0,11,14,0.262,3.18,1,3,1,0,77,4,7,0,0,4
bachmsa01,2025,1,LAA,AL,2,3,23,0,0,0,0,61,22,14,1,10,18,0.268,6.2,0,2,1,0,94,5,15,1,0,2
backhky01,2025,1,ARI,NL,0,3,32,0,0,0,2,76,28,13,3,8,22,0.283,4.62,0,1,3,0,115,10,14,3,2,3
bakerbr01,2023,1,BAL,AL,4,3,46,0,0,0,0,135,33,18,4,24,51,0.21,3.6,2,3,1,0,186,2,19,1,3,2
bakerbr01,2024,1,BAL,AL,1,1,19,0,0,0,0,70,20,13,3,7,23,0.235,5.01,0,0,0,0,93,4,14,0,1,3
bakerbr01,2025,1,BAL,AL,3,2,42,0,0,0,2,115,33,15,8,9,49,0.232,3.52,0,1,0,0,151,7,17,0,0,4
bakerbr01,2025,2,TBA,AL,1,2,31,0,0,0,1,91,26,16,5,8,34,0.23,4.75,0,1,0,0,123,5,16,1,1,2
balazjo02,2023,1,MIN,AL,1,0,18,0,0,0,0,73,26,12,5,12,17,0.274,4.44,0,3,0,0,108,5,13,0,1,3
bandaan01,2023,1,WAS,NL,0,0,10,0,0,0,0,21,9,5,1,5,6,0.321,6.43,0,1,1,0,35,5,5,0,1,0
bandaan01,2024,1,LAN,NL,3,2,48,2,0,0,2,149,44,17,5,18,50,0.238,3.08,6,1,2,0,209,9,19,2,2,1
bandaan01,2025,1,LAN,NL,5,1,71,1,0,0,0,195,45,23,8,34,61,0.197,3.18,6,7,2,0,268,15,23,0,3,3
banksta01,2023,1,CHA,AL,1,4,32,3,0,0,1,183,59,30,10,16,51,0.254,4.43,1,1,4,0,255,9,32,0,3,6
banksta01,2024,1,CHA,AL,2,2,41,1,0,0,2,144,47,22,5,15,55,0.257,4.13,2,0,2,0,205,8,30,1,4,3
banksta01,2024,2,PHI,NL,0,1,22,1,0,0,0,73,22,10,1,10,23,0.234,3.7,0,0,1,0,106,8,11,0,1,0
banksta01,2025,1,PHI,NL,6,2,69,1,0,0,1,202,56,23,9,12,61,0.224,3.07,1,2,1,0,267,10,24,3,1,3
barcohu01,2025,1,PIT,NL,1,0,2,0,0,0,0,9,3,0,0,0,3,0.25,0,0,0,0,0,12,0,0,0,0,0
bardda01,2023,1,COL,NL,4,2,50,0,0,0,1,148,35,25,5,49,47,0.206,4.56,3,2,8,1,232,11,30,0,5,5
barlojo01,2023,1,TEX,AL,1,1,13,0,0,0,0,29,13,5,2,2,6,0.31,4.66,0,0,0,0,44,4,5,0,0,0
barlosc01,2023,1,KCA,AL,2,4,38,0,0,0,13,116,38,23,3,22,47,0.255,5.35,1,3,1,0,176,31,26,2,2,1
barlosc01,2023,2,SDN,NL,0,2,25,0,0,0,0,88,23,10,1,12,32,0.223,3.07,2,0,4,0,123,1,13,0,4,4
barlosc01,2024,1,CLE,AL,3,3,63,0,0,0,2,165,44,26,6,31,68,0.216,4.25,1,2,4,0,241,15,27,0,2,2
barlosc01,2025,1,CIN,NL,6,3,75,1,0,0,1,205,50,32,8,45,75,0.2,4.21,3,2,6,0,303,8,35,0,2,3
barneja01,2023,1,SLN,NL,0,1,13,0,0,0,0,41,18,9,1,3,8,0.316,5.93,0,0,1,0,61,5,11,0,0,1
barneja01,2024,1,WAS,NL,8,3,63,0,0,0,0,198,67,32,10,20,55,0.266,4.36,2,3,0,0,277,5,36,0,5,12
barneja01,2025,1,TOR,AL,0,1,6,0,0,0,0,24,10,8,1,3,5,0.323,9,0,0,0,0,36,2,9,0,2,1
barnema01,2023,1,MIA,NL,1,0,24,1,0,0,0,64,25,13,2,10,20,0.284,5.48,1,2,1,1,99,3,13,0,0,2
barnema01,2024,1,WAS,NL,0,0,14,0,0,0,0,40,16,10,1,4,10,0.286,6.75,0,2,0,1,60,8,11,0,0,0
barnema02,2025,1,ATH,AL,1,1,5,5,0,0,0,67,26,17,3,11,18,0.286,6.85,0,2,1,0,104,0,18,0,1,2
barnhtu01,2023,1,CHN,NL,0,0,4,0,0,0,0,12,7,1,0,0,0,0.368,2.25,0,0,0,0,19,4,1,0,0,0
barnhtu01,2024,1,ARI,NL,0,0,1,0,0,0,0,3,4,2,1,0,0,0.571,18,0,0,0,0,7,1,2,0,0,0
barnhtu01,2025,1,TEX,AL,0,0,1,0,0,0,0,6,5,3,0,0,0,0.5,13.5,0,0,1,0,11,1,3,0,0,1
barraky01,2023,1,BOS,AL,1,1,3,0,0,0,0,23,14,11,3,6,4,0.4,12.91,0,0,4,0,46,2,11,0,1,0
barrija01,2023,1,LAA,AL,2,6,34,6,0,0,0,247,91,52,20,30,62,0.277,5.68,6,4,2,1,362,17,63,0,2,7
bassan01,2023,1,TOR,AL,0,0,22,0,0,0,0,60,19,11,3,9,19,0.247,4.95,2,1,0,0,88,7,12,0,2,1
bassich01,2023,1,TOR,AL,16,8,33,33,1,1,0,600,176,80,28,59,186,0.235,3.6,2,4,12,3,826,0,88,1,5,14
bassich01,2024,1,TOR,AL,10,14,31,31,0,0,0,513,180,79,18,70,168,0.27,4.16,2,2,16,2,758,0,91,2,3,14
bassich01,2025,1,TOR,AL,11,9,32,31,1,0,0,511,174,75,22,52,166,0.261,3.96,0,4,13,3,736,0,80,1,3,15
bassobr01,2024,1,OAK,AL,1,1,7,4,0,0,0,67,23,10,3,5,19,0.264,4.03,0,1,0,0,93,2,10,0,1,1
bassobr01,2025,1,ATH,AL,1,1,11,1,0,0,0,35,12,3,0,9,8,0.255,2.31,1,0,0,0,56,4,4,0,0,2
battepe01,2023,1,CLE,AL,0,5,7,6,0,0,0,104,34,20,7,12,27,0.256,5.19,0,1,0,0,146,1,22,0,1,4
bauerja01,2024,1,MIL,NL,0,0,4,0,0,0,0,12,5,2,0,4,1,0.313,4.5,0,0,0,0,20,4,2,0,0,1
bauerja01,2025,1,MIL,NL,0,0,5,0,0,0,0,15,8,2,0,3,1,0.348,3.6,0,0,2,0,29,5,4,0,1,0
baumami01,2023,1,BAL,AL,10,1,60,0,0,0,0,194,52,27,7,33,61,0.221,3.76,2,7,2,0,273,15,29,1,2,7
baumami01,2024,1,BAL,AL,1,0,17,0,0,0,0,55,18,7,2,9,16,0.25,3.44,0,1,1,0,82,6,9,0,0,2
baumami01,2024,2,SEA,AL,2,0,18,0,0,0,0,49,13,10,4,8,16,0.213,5.51,0,3,1,0,72,5,11,0,2,0
baumami01,2024,3,SFN,NL,0,0,1,0,0,0,0,2,3,2,0,0,1,0.6,27,0,0,0,0,5,0,2,0,0,0
baumami01,2024,4,LAA,AL,0,0,10,0,0,0,0,28,14,7,2,4,7,0.341,6.75,1,1,1,0,46,2,8,0,0,1
baumami01,2024,5,MIA,NL,0,1,11,0,0,0,0,41,11,10,1,7,18,0.224,6.59,0,1,1,0,59,2,10,0,2,0
bautife01,2023,1,BAL,AL,8,2,56,0,0,0,33,183,30,10,4,26,110,0.144,1.48,0,7,2,0,237,46,14,0,0,3
bautife01,2025,1,BAL,AL,1,1,35,0,0,0,19,104,16,10,3,23,50,0.134,2.6,0,1,0,0,142,28,10,0,0,0
bazared01,2023,1,BAL,AL,0,0,3,0,0,0,0,7,6,4,0,0,1,0.462,15.43,0,0,0,0,13,2,4,0,0,0
bazared01,2023,2,SEA,AL,0,0,9,0,0,0,0,41,9,4,2,4,14,0.18,2.63,0,0,0,0,54,2,4,0,0,0
bazared01,2024,1,SEA,AL,2,0,23,0,0,0,0,83,20,15,2,9,33,0.204,4.88,0,3,0,0,108,15,15,1,0,2
bazared01,2025,1,SEA,AL,5,0,73,0,0,0,0,236,53,22,9,27,82,0.189,2.52,2,2,2,0,313,18,23,0,4,5
bazsh01,2024,1,TBA,AL,4,3,14,14,0,0,0,238,57,27,9,27,69,0.2,3.06,0,2,4,0,319,0,28,0,3,6
bazsh01,2025,1,TBA,AL,10,12,31,31,0,0,0,499,158,90,26,64,176,0.25,4.87,0,3,9,0,711,0,91,1,4,19
beatyma01,2023,1,SFN,NL,0,0,1,0,0,0,0,3,3,3,0,1,1,0.5,27,0,0,0,0,7,1,3,0,0,0
becktr01,2023,1,SFN,NL,3,3,33,3,0,0,2,255,83,37,10,21,68,0.252,3.92,2,3,2,0,354,13,40,1,0,10
becktr01,2024,1,SFN,NL,0,0,7,1,0,0,0,48,14,3,2,4,14,0.23,1.69,0,0,1,0,67,2,3,0,1,0
becktr01,2025,1,SFN,NL,1,0,31,1,0,0,2,170,47,29,7,16,41,0.223,4.61,0,3,2,0,232,9,29,0,3,4
bednada01,2023,1,PIT,NL,3,3,66,0,0,0,39,202,53,15,3,21,80,0.215,2,4,2,3,0,277,57,22,3,3,5
bednada01,2024,1,PIT,NL,3,8,62,0,0,0,23,173,54,37,9,28,58,0.237,5.77,3,2,3,0,262,45,40,1,2,1
bednada01,2025,1,PIT,NL,2,5,42,0,0,0,17,114,32,10,2,10,51,0.225,2.37,2,3,1,0,154,34,12,0,1,3
bednada01,2025,2,NYA,AL,4,0,22,0,0,0,10,74,14,6,2,9,35,0.159,2.19,0,1,0,0,97,17,6,0,0,0
beedety01,2024,1,CLE,AL,1,0,13,0,0,0,0,42,16,13,2,9,18,0.296,8.36,1,0,3,1,68,3,14,1,1,1
beeksja01,2023,1,TBA,AL,2,3,30,8,0,0,1,127,42,28,4,21,47,0.251,5.95,0,3,1,0,192,7,28,1,2,2
beeksja01,2024,1,COL,NL,6,4,45,0,0,0,9,148,49,26,6,18,38,0.261,4.74,1,5,1,0,211,21,29,2,2,6
beeksja01,2024,2,PIT,NL,1,0,26,0,0,0,1,62,28,9,0,9,17,0.318,3.92,1,2,2,0,101,6,13,1,1,1
beeksja01,2025,1,ARI,NL,5,3,61,2,0,0,1,172,42,24,6,20,47,0.202,3.77,2,1,2,0,231,10,26,0,1,3
beetecl01,2024,1,NYA,AL,0,0,3,0,0,0,0,11,4,2,0,1,5,0.286,4.91,0,0,0,0,15,1,2,0,0,0
beetecl01,2025,1,NYA,AL,0,1,2,0,0,0,0,11,5,6,2,4,1,0.333,14.73,0,0,0,0,20,0,6,1,0,0
beetecl01,2025,2,WAS,NL,0,2,24,0,0,0,1,65,8,6,1,14,32,0.116,2.49,0,1,0,0,84,4,6,0,1,1
bellaan01,2023,1,PHI,NL,1,0,27,0,0,0,0,74,25,14,4,12,25,0.25,5.11,0,0,0,0,113,4,15,0,1,0
bellobr01,2023,1,BOS,AL,12,11,28,28,0,0,0,471,165,74,24,45,132,0.27,4.24,0,1,6,0,668,0,77,1,5,23
bellobr01,2024,1,BOS,AL,14,8,30,30,0,0,0,487,157,81,19,64,153,0.252,4.49,0,6,11,1,702,0,84,0,5,15
bellobr01,2025,1,BOS,AL,11,9,29,28,1,0,0,500,147,62,16,59,124,0.237,3.35,0,5,13,0,700,0,71,2,6,17
bellova01,2024,1,MIA,NL,3,4,13,13,0,0,0,206,69,28,15,21,44,0.256,3.67,1,0,2,0,295,0,31,0,2,1
bellova01,2025,1,MIA,NL,1,4,32,6,0,0,0,244,85,42,15,23,54,0.268,4.65,0,0,4,1,348,12,44,1,3,5
bendean01,2024,1,MIA,NL,5,2,59,0,0,0,1,159,50,24,3,18,59,0.245,4.08,1,2,4,0,228,10,25,1,1,5
bendean01,2025,1,MIA,NL,3,5,51,0,0,0,4,150,32,12,3,21,42,0.177,2.16,2,1,2,0,204,12,13,0,0,2
bergery01,2025,1,SDN,NL,1,0,11,7,0,0,0,107,24,11,4,18,34,0.186,2.78,0,1,1,0,149,2,11,1,0,1
bergery01,2025,2,KCA,AL,1,2,8,8,0,0,0,122,37,20,4,17,39,0.239,4.43,1,1,0,0,174,0,21,1,1,1
bermujo01,2024,1,MIA,NL,0,1,3,1,0,0,0,20,11,6,2,2,4,0.393,8.1,0,0,2,0,33,1,6,0,1,0
bernabr01,2023,1,BOS,AL,2,1,55,6,0,0,0,152,48,18,4,18,58,0.25,3.2,1,3,6,0,216,8,19,0,0,6
bernabr01,2024,1,BOS,AL,4,3,57,3,0,0,0,153,50,23,6,22,56,0.256,4.06,6,7,6,0,226,4,25,1,2,3
bernabr01,2025,1,BOS,AL,4,3,55,3,0,0,1,155,39,18,1,26,43,0.204,3.14,5,3,3,0,224,12,23,1,3,0
berrijo01,2023,1,TOR,AL,11,12,32,32,0,0,0,569,173,77,25,52,184,0.241,3.65,3,4,9,1,782,0,82,2,2,13
berrijo01,2024,1,TOR,AL,16,11,32,32,1,0,0,577,168,77,31,54,153,0.235,3.6,1,1,13,0,786,0,79,2,2,21
berrijo01,2025,1,TOR,AL,9,5,31,30,0,0,0,498,160,77,26,56,138,0.253,4.17,2,1,7,1,698,0,86,1,2,17
berropr01,2023,1,SEA,AL,0,0,2,0,0,0,0,5,0,0,0,3,3,0,0,0,1,0,0,8,0,0,0,0,0
berropr01,2024,1,CHA,AL,1,0,17,0,0,0,0,57,15,7,2,13,26,0.217,3.32,1,0,1,0,83,3,7,0,0,1
bertijo01,2025,1,CHN,NL,0,0,4,0,0,0,0,11,4,3,0,4,0,0.267,7.36,0,0,0,0,19,4,3,0,0,0
bethach01,2023,1,TBA,AL,0,0,1,0,0,0,0,1,3,3,1,0,0,0.75,81,0,0,0,0,4,1,3,0,0,0
bibeeta01,2023,1,CLE,AL,10,4,25,25,0,0,0,426,122,47,13,45,141,0.23,2.98,0,7,5,2,585,0,49,1,4,7
bibeeta01,2024,1,CLE,AL,12,8,31,31,0,0,0,521,150,67,22,44,187,0.23,3.47,0,2,8,0,710,0,70,1,6,6
bibeeta01,2025,1,CLE,AL,12,11,31,31,2,1,0,547,170,86,27,54,162,0.246,4.24,1,3,10,1,762,0,93,3,3,15
bickfph01,2023,1,LAN,NL,2,3,36,0,0,0,0,126,38,24,5,26,48,0.235,5.14,3,3,0,1,190,12,27,1,1,1
bickfph01,2023,2,NYN,NL,3,2,25,0,0,0,1,76,21,13,3,13,28,0.221,4.62,1,1,4,0,114,6,14,2,0,0
bickfph01,2024,1,NYA,AL,0,0,8,0,0,0,0,25,10,8,1,1,6,0.27,8.64,0,0,1,0,39,4,9,0,0,0
bidoos01,2023,1,PIT,NL,2,5,16,9,0,0,0,152,55,33,4,21,48,0.27,5.86,0,1,8,0,236,2,35,0,3,1
bidoos01,2024,1,OAK,AL,5,3,16,9,0,0,0,190,43,24,3,26,63,0.192,3.41,1,3,7,0,259,3,25,1,1,4
bidoos01,2025,1,ATH,AL,2,5,26,10,0,0,1,239,93,52,19,35,68,0.297,5.87,1,0,6,0,363,7,56,1,8,5
biebesh01,2023,1,CLE,AL,6,6,21,21,1,0,0,384,124,54,14,34,107,0.253,3.8,0,8,3,1,533,0,56,0,4,14
biebesh01,2024,1,CLE,AL,2,0,2,2,0,0,0,36,10,0,0,1,20,0.227,0,0,0,0,0,45,0,0,0,0,2
biebesh01,2025,1,TOR,AL,4,2,7,7,0,0,0,121,34,16,8,7,37,0.225,3.57,0,0,1,0,159,0,16,0,0,4
bielabr01,2023,1,HOU,AL,5,6,15,13,0,0,0,240,86,34,12,36,62,0.277,3.83,0,3,5,0,353,0,43,1,0,12
bielabr01,2024,1,HOU,AL,0,0,10,0,0,0,0,52,22,11,3,7,9,0.297,5.71,0,1,2,0,83,5,11,0,0,1
bielabr01,2024,2,OAK,AL,1,0,6,0,0,0,0,37,17,6,2,6,5,0.333,4.38,0,0,0,0,57,4,6,0,0,3
biggehu01,2024,1,CHN,NL,0,0,4,0,0,0,0,10,3,1,0,2,5,0.231,2.7,0,0,0,0,15,2,1,0,0,0
biggehu01,2024,2,TBA,AL,0,0,15,1,0,0,1,42,14,4,2,3,19,0.255,2.57,0,2,0,0,58,9,4,0,0,0
biggehu01,2025,1,TBA,AL,0,0,13,0,0,0,0,45,11,4,4,5,12,0.204,2.4,0,0,1,0,60,5,4,0,0,2
birdja01,2023,1,COL,NL,3,3,70,3,0,0,0,268,94,43,6,27,77,0.276,4.33,0,2,7,0,381,8,47,0,6,11
birdja01,2024,1,COL,NL,2,2,35,0,0,0,1,120,43,20,5,25,31,0.279,4.5,1,1,4,0,185,5,21,1,1,4
birdja01,2025,1,COL,NL,4,1,45,0,0,0,0,160,56,28,5,23,62,0.271,4.73,3,4,3,0,236,5,30,0,3,3
birdja01,2025,2,NYA,AL,0,1,3,0,0,0,0,6,4,6,2,2,4,0.4,27,1,0,0,0,12,1,7,0,0,0
birdsha01,2024,1,SFN,NL,5,6,16,16,0,0,0,216,57,38,11,43,88,0.216,4.75,0,4,4,0,315,0,39,2,2,3
birdsha01,2025,1,SFN,NL,4,4,21,10,0,0,0,197,61,35,10,37,68,0.242,4.8,0,6,5,0,298,2,42,1,3,4
bivensp01,2024,1,SFN,NL,3,1,27,2,0,0,1,146,47,17,9,11,37,0.25,3.14,1,0,1,0,202,8,20,1,1,5
bivensp01,2025,1,SFN,NL,4,3,54,0,0,0,3,243,83,36,6,25,61,0.269,4,1,3,5,0,343,16,42,2,2,9
blachty01,2023,1,COL,NL,3,3,20,13,0,0,0,234,104,48,15,24,50,0.33,5.54,0,1,6,0,352,2,51,0,7,12
blachty01,2024,1,COL,NL,3,8,20,12,0,0,0,214,103,55,17,18,36,0.342,6.94,0,1,6,0,330,4,55,2,3,9
blackma01,2024,1,SFN,NL,1,5,9,8,0,0,0,109,46,26,7,15,31,0.309,6.44,0,0,3,0,169,0,26,1,1,0
blackma01,2025,1,SFN,NL,0,0,1,0,0,0,0,12,5,3,2,0,5,0.263,6.75,0,0,0,0,19,0,5,0,0,0
blackpa01,2023,1,OAK,AL,4,7,21,20,0,0,0,311,117,51,11,43,104,0.286,4.43,1,1,3,0,464,0,54,0,8,7
blackpa01,2024,1,OAK,AL,4,2,9,9,0,0,0,153,45,25,8,14,38,0.233,4.41,0,0,1,0,208,0,25,0,0,5
blackpa01,2024,2,NYN,NL,1,2,5,5,0,0,0,73,31,14,4,7,21,0.32,5.18,0,0,2,0,108,0,16,1,1,2
blackpa01,2025,1,NYN,NL,0,3,7,4,0,0,1,71,31,18,3,8,18,0.316,6.85,0,1,1,0,110,2,19,0,3,2
blackpa01,2025,2,NYA,AL,0,0,8,0,0,0,0,46,16,9,3,4,16,0.262,5.28,0,0,0,1,65,8,10,0,0,1
blalobr01,2024,1,MIL,NL,0,0,1,0,0,0,0,3,0,0,0,1,0,0,0,0,0,0,0,4,0,0,0,0,0
blalobr01,2024,2,COL,NL,1,3,6,6,0,0,0,89,35,20,4,19,20,0.285,6.07,0,0,1,0,143,0,22,0,0,2
blalobr01,2025,1,COL,NL,2,6,14,12,0,0,0,176,85,61,17,23,27,0.35,9.36,1,2,3,0,275,2,61,1,5,5
blancro01,2023,1,HOU,AL,2,1,17,7,0,0,0,156,49,26,12,28,52,0.251,4.5,0,2,2,0,226,8,29,0,1,9
blancro01,2024,1,HOU,AL,13,6,30,29,1,1,0,502,114,52,22,68,166,0.19,2.8,0,3,2,0,676,1,56,1,5,12
blancro01,2025,1,HOU,AL,3,4,9,9,0,0,0,145,37,22,7,20,48,0.21,4.1,0,0,0,0,199,0,22,1,2,1
bleieri01,2023,1,BOS,AL,1,0,27,0,0,0,0,92,37,18,5,5,16,0.306,5.28,1,3,3,0,132,3,20,2,1,8
blewesc01,2024,1,MIN,AL,1,1,12,0,0,0,0,61,17,4,2,8,18,0.224,1.77,2,0,1,0,85,4,5,0,0,2
blewesc01,2025,1,MIN,AL,0,0,2,0,0,0,0,14,4,1,0,0,5,0.222,1.93,0,0,1,0,19,2,1,0,0,0
blewesc01,2025,2,BAL,AL,1,0,13,1,0,0,0,70,25,16,4,8,17,0.269,6.17,0,1,0,0,103,2,17,0,2,1
blewesc01,2025,3,ATL,NL,2,0,11,1,0,0,0,49,16,10,5,10,13,0.267,5.51,0,0,0,0,72,6,11,2,0,1
blossja01,2024,1,HOU,AL,0,1,3,3,0,0,0,35,16,9,5,3,11,0.308,6.94,0,2,0,0,55,0,9,0,0,0
blubaaj01,2025,1,HOU,AL,3,1,11,3,0,0,0,96,17,6,6,11,35,0.152,1.69,0,0,0,0,124,2,11,0,1,1
boltoco01,2023,1,PIT,NL,1,0,16,0,0,0,0,64,30,15,3,15,22,0.333,6.33,0,0,1,0,107,5,15,1,0,3
boltoco01,2024,1,SEA,AL,0,0,17,0,0,0,0,56,18,9,3,9,17,0.247,4.34,0,0,0,0,83,5,11,0,1,0
boltoco01,2025,1,CLE,AL,0,0,1,0,0,0,0,6,4,3,0,0,1,0.4,13.5,0,0,0,0,10,0,3,0,0,0
booseca01,2024,1,BOS,AL,2,3,43,0,0,0,1,128,41,16,5,16,43,0.25,3.38,1,0,0,0,183,7,17,0,3,1
booseca01,2025,1,CHA,AL,2,4,39,0,0,0,1,93,28,19,8,19,35,0.233,5.52,1,3,2,0,143,10,22,0,2,0
borucry01,2023,1,PIT,NL,4,0,38,2,0,0,0,121,26,11,4,4,33,0.183,2.45,0,1,4,0,152,1,11,2,0,4
borucry01,2024,1,PIT,NL,0,0,14,0,0,0,0,33,14,9,2,4,13,0.311,7.36,0,0,1,0,51,3,10,1,0,0
borucry01,2025,1,PIT,NL,1,3,35,0,0,0,0,92,26,18,4,12,27,0.236,5.28,1,2,1,1,126,8,20,1,2,2
borucry01,2025,2,TOR,AL,0,0,4,0,0,0,0,13,3,0,0,4,5,0.2,0,0,0,0,0,19,1,0,0,0,0
boteda01,2024,1,CHN,NL,0,0,1,0,0,0,0,3,1,0,0,1,0,0.25,0,0,0,0,0,5,1,0,0,0,0
boushca01,2023,1,MIL,NL,1,0,1,0,0,0,0,7,1,1,1,2,5,0.125,3.86,1,1,0,0,10,1,1,0,0,0
boushca01,2024,1,MIN,AL,0,0,2,0,0,0,0,12,6,2,0,2,1,0.333,4.5,0,0,0,0,20,1,2,0,0,0
boushca01,2025,1,TEX,AL,0,0,25,1,0,0,1,130,54,29,5,14,41,0.305,6.02,1,1,2,0,193,13,33,0,0,7
bowdebe01,2025,1,ATH,AL,0,0,11,0,0,0,0,32,9,5,2,5,7,0.225,4.22,0,0,0,0,47,4,6,0,2,0
bowlajo01,2023,1,KCA,AL,0,1,2,1,0,0,0,9,5,1,1,0,3,0.357,3,0,0,0,0,14,1,1,0,0,0
bowlajo01,2024,1,KCA,AL,0,1,1,1,0,0,0,8,6,4,3,3,3,0.429,13.5,0,0,0,0,17,0,4,0,0,0
bowlajo01,2025,1,KCA,AL,1,2,34,1,0,0,0,133,37,19,6,17,46,0.23,3.86,0,1,0,0,180,7,21,1,1,5
bowmama01,2023,1,NYA,AL,0,0,3,0,0,0,0,12,6,4,1,2,3,0.353,9,1,1,0,0,20,1,4,0,1,0
bowmama01,2024,1,MIN,AL,0,0,5,0,0,0,0,23,2,2,1,4,6,0.08,2.35,0,0,2,0,31,1,2,0,0,0
bowmama01,2024,2,ARI,NL,0,0,4,0,0,0,0,20,8,6,1,2,4,0.276,8.1,0,0,0,0,31,1,6,0,0,0
bowmama01,2024,3,SEA,AL,0,0,1,0,0,0,0,2,1,1,1,1,0,0.333,13.5,0,0,0,0,4,0,1,0,0,0
bowmama01,2024,4,BAL,AL,1,0,15,1,0,0,0,47,15,6,2,6,14,0.25,3.45,1,0,0,0,66,4,6,0,0,2
bowmama01,2025,1,BAL,AL,0,1,20,0,0,0,0,74,31,17,4,6,18,0.292,6.2,0,1,2,0,114,8,18,0,0,0
boxbebr01,2023,1,CHN,NL,0,1,22,0,0,0,2,60,15,11,3,11,17,0.208,4.95,1,0,1,0,84,6,11,0,0,2
boydma01,2023,1,DET,AL,5,5,15,15,0,0,0,213,69,43,11,25,73,0.25,5.45,0,2,2,0,303,0,46,0,0,5
boydma01,2024,1,CLE,AL,2,2,8,8,0,0,0,119,32,12,4,13,46,0.213,2.72,0,0,2,1,166,0,16,0,1,1
boydma01,2025,1,CHN,NL,14,8,31,31,0,0,0,539,154,64,19,42,154,0.235,3.21,0,2,9,0,718,0,69,5,6,15
boylejo01,2023,1,OAK,AL,2,0,3,3,0,0,0,48,8,3,1,5,15,0.148,1.69,0,0,0,0,60,0,4,0,1,0
boylejo01,2024,1,OAK,AL,3,6,13,10,0,0,0,143,42,34,4,40,56,0.235,6.42,0,7,4,1,226,0,35,1,2,4
boylejo01,2025,1,TBA,AL,1,4,13,9,0,0,0,156,43,27,6,28,58,0.221,4.67,1,2,3,0,226,0,33,0,0,4
brachsi01,2023,1,CIN,NL,0,0,5,0,0,0,0,22,5,3,0,6,6,0.2,3.68,0,0,0,0,31,2,3,0,0,1
bradfco01,2023,1,TEX,AL,4,3,20,8,0,0,0,168,56,33,11,12,51,0.259,5.3,0,0,1,0,234,5,33,1,4,4
bradfco01,2024,1,TEX,AL,6,3,14,13,0,0,0,229,64,30,10,13,70,0.218,3.54,0,1,1,0,308,0,32,0,1,2
bradiky01,2023,1,BAL,AL,12,7,30,30,0,0,0,506,132,53,14,44,168,0.215,2.83,0,9,8,0,671,0,54,1,2,19
bradiky01,2024,1,BAL,AL,2,0,8,8,0,0,0,118,27,12,2,15,53,0.186,2.75,0,2,3,0,163,0,12,0,0,2
bradiky01,2025,1,BAL,AL,1,1,6,6,0,0,0,96,23,9,3,10,47,0.2,2.53,0,0,1,0,126,0,9,0,0,3
bradlar01,2023,1,MIA,NL,0,0,4,0,0,0,0,22,13,9,2,3,7,0.371,11.05,0,1,1,0,39,2,10,0,0,0
bradlta01,2023,1,TBA,AL,5,8,23,21,0,0,0,314,106,65,23,39,129,0.255,5.59,0,6,1,0,460,0,69,0,4,2
bradlta01,2024,1,TBA,AL,8,11,25,25,0,0,0,414,122,63,22,47,154,0.235,4.11,0,4,3,0,578,0,68,3,5,11
bradlta01,2025,1,TBA,AL,6,6,21,21,0,0,0,334,99,57,13,44,95,0.236,4.61,0,4,4,0,471,0,65,0,4,12
bradlta01,2025,2,MIN,AL,0,2,6,6,0,0,0,94,32,23,6,12,32,0.267,6.61,0,3,0,1,134,0,23,1,1,3
brashma01,2023,1,SEA,AL,9,4,78,0,0,0,4,212,65,24,3,29,107,0.242,3.06,0,11,6,0,308,7,26,0,4,3
brashma01,2025,1,SEA,AL,1,3,53,0,0,0,4,142,41,13,4,18,58,0.236,2.47,2,0,2,0,199,8,15,4,1,5
brasiry01,2023,1,BOS,AL,1,0,20,0,0,0,1,63,24,17,2,9,18,0.286,7.29,0,2,2,0,95,10,18,0,0,2
brasiry01,2023,2,LAN,NL,2,0,39,0,0,0,1,116,18,3,1,10,38,0.14,0.7,1,1,1,0,143,5,6,0,3,5
brasiry01,2024,1,LAN,NL,1,0,29,4,0,0,0,84,22,11,3,5,25,0.218,3.54,0,1,0,0,110,3,12,1,3,2
brasiry01,2025,1,CHN,NL,0,1,28,1,0,0,0,78,27,13,2,5,20,0.276,4.5,0,0,0,0,105,4,13,0,2,3
brazohu01,2023,1,MIA,NL,5,2,50,0,0,0,0,176,53,27,5,31,65,0.243,4.14,2,3,4,0,257,7,28,1,3,5
brazohu01,2024,1,MIA,NL,1,2,20,0,0,0,0,92,20,10,1,11,34,0.179,2.93,0,1,2,0,125,1,14,0,0,2
brazohu01,2024,2,NYN,NL,0,1,19,0,0,0,0,63,18,12,1,14,17,0.234,5.14,0,3,1,0,92,3,12,0,0,2
brazohu01,2025,1,NYN,NL,5,2,52,3,0,0,2,189,51,25,6,27,57,0.227,3.57,1,2,4,0,262,6,29,2,4,8
brebbjo01,2023,1,SFN,NL,3,5,40,10,0,0,0,115,31,17,6,14,47,0.215,3.99,2,0,0,0,161,6,21,0,3,0
brebbjo01,2024,1,CHA,AL,0,6,54,0,0,0,2,146,52,34,9,17,58,0.265,6.29,0,1,3,0,216,20,34,0,0,1
brebbjo01,2024,2,ATL,NL,0,0,5,0,0,0,0,20,4,2,2,2,9,0.167,2.7,0,0,0,0,26,2,2,0,0,0
brebbjo01,2025,1,DET,AL,1,0,19,0,0,0,0,56,22,16,3,11,20,0.282,7.71,0,2,3,0,93,11,18,0,1,1
brebbjo01,2025,2,ATL,NL,0,1,3,0,0,0,0,14,6,4,2,1,6,0.3,7.71,0,0,1,0,22,2,5,0,0,0
breweco01,2023,1,NYA,AL,0,0,3,0,0,0,0,25,6,4,3,3,4,0.2,4.32,0,1,1,0,34,1,4,0,0,1
breweco01,2024,1,CHN,NL,0,0,16,0,0,0,1,62,24,13,1,9,22,0.293,5.66,0,1,1,0,95,8,16,0,3,0
bridejo01,2025,2,MIN,AL,0,0,4,0,0,0,0,18,14,10,1,3,2,0.452,15,0,0,2,0,37,4,10,0,1,0
briesbe01,2023,1,DET,AL,2,3,25,1,0,0,2,105,36,14,4,12,31,0.259,3.6,0,0,0,0,152,6,14,0,1,0
briesbe01,2024,1,DET,AL,4,5,46,12,0,0,1,203,55,27,5,30,69,0.224,3.59,2,0,2,0,282,12,31,1,3,5
briesbe01,2025,1,DET,AL,1,3,22,1,0,0,1,66,24,16,5,12,16,0.273,6.55,1,2,0,0,103,9,20,1,2,0
brighje01,2023,1,NYN,NL,1,3,37,0,0,0,0,113,26,22,9,18,42,0.191,5.26,0,0,5,0,160,10,23,0,1,3
brighje01,2025,1,ARI,NL,0,0,4,0,0,0,0,10,7,3,1,1,3,0.412,8.1,0,0,0,0,18,1,3,0,0,0
bristbr01,2023,1,TBA,AL,0,0,1,0,0,0,1,9,0,0,0,1,4,0,0,0,1,0,0,10,1,0,0,0,0
bristbr01,2023,2,DET,AL,0,0,2,0,0,0,0,12,5,2,0,3,1,0.294,4.5,1,0,0,0,20,2,3,0,0,0
britojh01,2023,1,NYA,AL,9,7,25,13,0,0,1,271,82,43,14,28,72,0.244,4.28,0,0,4,1,372,1,47,0,4,9
britojh01,2024,1,SDN,NL,1,2,26,0,0,0,0,131,49,20,4,10,29,0.283,4.12,1,1,0,0,185,9,23,1,1,3
brogdco01,2023,1,PHI,NL,2,1,27,1,0,0,0,87,29,13,5,13,26,0.264,4.03,0,2,1,0,127,3,14,0,3,0
brogdco01,2024,1,PHI,NL,0,1,3,0,0,0,0,6,3,6,2,6,3,0.375,27,0,1,0,0,14,1,7,0,0,1
brogdco01,2024,2,LAN,NL,0,0,1,0,0,0,0,3,2,2,2,0,0,0.4,18,0,0,0,0,5,1,2,0,0,0
brogdco01,2025,1,LAA,AL,3,2,43,0,0,0,0,141,45,29,11,18,49,0.253,5.55,4,2,0,0,199,11,31,1,2,3
brookaa01,2024,1,OAK,AL,0,2,5,4,0,0,0,80,33,15,4,8,12,0.308,5.06,0,0,1,0,119,1,19,0,3,4
brossmi01,2023,1,MIL,NL,0,0,3,0,0,0,0,7,1,1,1,1,0,0.125,3.86,0,0,0,0,9,3,1,0,0,0
brownbe01,2024,1,CHN,NL,1,3,15,8,0,0,0,166,41,22,5,19,64,0.208,3.58,0,2,1,0,222,0,22,1,4,3
brownbe01,2025,1,CHN,NL,5,8,25,15,0,0,1,319,121,70,18,32,121,0.279,5.92,0,5,4,0,472,3,73,1,2,6
brownhu01,2023,1,HOU,AL,11,13,31,29,0,0,0,467,157,88,26,55,178,0.262,5.09,0,4,9,0,665,1,94,0,2,16
brownhu01,2024,1,HOU,AL,11,9,31,30,0,0,0,510,156,66,18,60,179,0.242,3.49,0,4,5,1,712,0,71,0,2,13
brownhu01,2025,1,HOU,AL,12,9,31,31,1,0,0,556,133,50,17,57,206,0.201,2.43,1,0,7,1,729,0,55,2,2,18
brownmc01,2025,1,COL,NL,0,5,7,7,0,0,0,77,30,21,6,17,23,0.291,7.36,0,1,5,0,126,0,21,0,1,3
brubajt01,2025,1,NYA,AL,0,0,12,0,0,0,0,48,10,6,0,9,10,0.189,3.38,0,0,1,0,63,10,6,0,0,3
brubajt01,2025,2,SFN,NL,0,0,5,1,0,0,0,38,13,6,0,3,12,0.26,4.26,1,2,0,0,54,1,6,1,0,0
bruihju01,2023,1,LAN,NL,1,0,20,0,0,0,0,73,24,11,2,8,19,0.264,4.07,1,2,2,0,102,9,11,0,1,2
bruihju01,2023,2,COL,NL,0,0,7,0,0,0,0,11,4,6,0,3,3,0.286,14.73,1,0,1,0,19,4,7,0,1,0
bruihju01,2024,1,PIT,NL,0,0,7,0,0,0,0,17,9,6,1,1,5,0.375,9.53,1,1,1,0,27,0,6,0,1,1
bruihju01,2025,1,TOR,AL,0,0,15,0,0,0,0,41,19,8,2,7,18,0.333,5.27,3,0,1,0,65,1,10,0,0,1
brujavi01,2024,1,MIA,NL,0,0,2,0,0,0,0,5,7,8,2,3,1,0.583,43.2,0,0,1,0,16,1,8,0,0,0
brujavi01,2025,3,ATL,NL,0,0,2,0,0,0,0,6,4,3,1,1,0,0.4,13.5,0,0,0,0,11,2,3,0,0,0
brzykza01,2024,1,WAS,NL,0,0,6,0,0,0,0,17,9,9,2,3,4,0.36,14.29,0,0,0,0,28,1,9,0,0,1
brzykza01,2025,1,WAS,NL,0,1,26,0,0,0,0,69,28,23,6,12,24,0.292,9,0,2,2,0,110,11,23,0,0,1
bubickr01,2023,1,KCA,AL,0,2,3,3,0,0,0,48,19,7,1,2,16,0.292,3.94,0,1,1,0,68,0,7,0,0,1
bubickr01,2024,1,KCA,AL,1,1,27,0,0,0,1,91,26,9,2,5,39,0.232,2.67,3,1,0,0,121,7,12,2,2,1
bubickr01,2025,1,KCA,AL,8,7,20,20,0,0,0,349,98,33,6,39,116,0.227,2.55,1,1,3,0,476,0,38,0,3,14
buchada01,2024,1,CIN,NL,0,0,1,0,0,0,0,10,2,1,0,2,1,0.167,2.7,0,0,0,0,14,0,1,0,0,0
buehlwa01,2024,1,LAN,NL,1,6,16,16,0,0,0,226,89,45,16,28,64,0.288,5.38,0,3,5,0,344,0,52,0,2,11
buehlwa01,2025,1,BOS,AL,7,7,23,22,0,0,0,337,120,68,22,55,84,0.271,5.45,0,0,9,0,508,1,72,0,2,11
buehlwa01,2025,2,PHI,NL,3,0,3,2,0,0,0,41,10,1,0,6,8,0.204,0.66,0,0,2,0,57,0,1,0,0,0
bukaujb01,2023,1,SEA,AL,0,0,1,0,0,0,0,3,2,1,0,2,1,0.4,9,1,1,0,0,7,0,2,0,0,0
bukaujb01,2023,2,MIL,NL,0,0,5,0,0,0,0,18,4,0,0,1,6,0.19,0,0,0,1,0,23,2,0,0,0,1
bukaujb01,2024,1,MIL,NL,0,0,6,0,0,0,0,18,3,1,1,1,6,0.143,1.5,0,0,0,0,22,2,1,0,0,0
bumgama01,2023,1,ARI,NL,0,3,4,4,0,0,0,50,25,19,4,15,10,0.347,10.26,0,0,1,0,90,0,20,0,2,0
bummeaa01,2023,1,CHA,AL,5,5,61,0,0,0,0,175,53,44,4,36,78,0.236,6.79,3,6,5,0,267,8,45,0,1,3
bummeaa01,2024,1,ATL,NL,4,3,56,0,0,0,0,166,61,22,2,18,69,0.277,3.58,2,2,2,0,244,13,24,1,3,2
bummeaa01,2025,1,ATL,NL,3,2,42,2,0,0,0,163,51,23,3,17,51,0.25,3.81,4,1,11,0,235,5,27,0,3,5
burdini01,2023,1,CHN,NL,0,0,3,0,0,0,0,9,3,3,0,3,4,0.273,9,0,1,0,0,15,2,3,0,1,0
burdini01,2024,1,NYA,AL,1,0,12,0,0,0,0,29,5,2,1,9,12,0.147,1.86,0,3,2,0,45,1,2,0,0,0
burdini01,2025,1,BOS,AL,0,0,4,0,0,0,0,16,5,0,0,2,5,0.263,0,0,1,0,0,21,2,0,0,0,2
burdiza01,2023,1,TBA,AL,0,0,3,0,0,0,0,12,6,5,0,2,5,0.353,11.25,0,2,0,0,20,1,6,0,1,0
burgoju01,2025,1,SEA,AL,0,0,4,0,0,0,0,20,7,3,0,2,8,0.259,4.05,0,0,1,0,30,4,3,0,0,0
burgoju01,2025,2,ARI,NL,1,1,9,0,0,0,0,20,10,6,2,6,6,0.345,8.1,1,0,0,0,35,0,7,0,0,2
burgora01,2024,1,SFN,NL,0,0,1,0,0,0,0,3,3,1,0,1,1,0.5,9,0,0,0,0,7,0,1,0,0,0
burkebr01,2023,1,TEX,AL,5,3,53,0,0,0,0,179,64,29,13,9,52,0.271,4.37,4,2,2,0,250,9,32,1,2,5
burkebr01,2024,1,TEX,AL,0,0,13,0,0,0,0,41,21,14,3,9,16,0.35,9.22,0,0,2,0,72,4,14,0,1,1
burkebr01,2024,2,LAA,AL,2,1,21,1,0,0,0,61,16,8,1,7,25,0.213,3.54,2,0,0,0,82,5,8,0,0,4
burkebr01,2025,1,LAA,AL,7,1,69,1,0,0,0,185,58,23,8,18,52,0.254,3.36,4,0,3,1,257,14,24,3,5,5
burkese01,2024,1,CHA,AL,2,0,4,3,0,0,0,57,12,3,2,7,22,0.174,1.42,0,1,0,0,76,1,4,0,0,0
burkese01,2025,1,CHA,AL,4,11,28,22,0,0,0,403,131,63,23,63,133,0.25,4.22,0,2,6,0,596,0,76,1,3,6
burleal01,2023,1,SLN,NL,0,0,2,0,0,0,0,5,8,4,1,0,1,0.615,21.6,0,0,0,0,13,2,4,0,0,0
burleal01,2025,1,SLN,NL,0,0,1,0,0,0,0,3,1,0,0,0,0,0.333,0,0,0,1,0,4,1,0,0,0,1
burneco01,2023,1,MIL,NL,10,8,32,32,0,0,0,581,141,73,22,66,200,0.2,3.39,0,10,8,1,784,0,77,0,6,10
burneco01,2024,1,BAL,AL,15,9,32,32,0,0,0,583,165,63,22,48,181,0.226,2.92,0,7,2,3,784,0,76,0,3,11
burneco01,2025,1,ARI,NL,3,2,11,11,0,0,0,193,49,19,7,26,63,0.21,2.66,1,1,3,2,265,0,23,2,1,5
burnsch01,2025,1,CIN,NL,0,3,13,8,0,0,0,130,41,22,5,16,67,0.24,4.57,0,0,0,0,188,1,25,1,0,1
burromi01,2024,1,PIT,NL,1,0,1,0,0,0,0,10,2,1,1,3,2,0.182,2.7,0,0,0,0,14,0,2,0,0,0
burromi01,2025,1,PIT,NL,2,4,23,19,0,0,0,288,88,42,13,31,97,0.243,3.94,1,2,5,0,402,0,43,0,4,8
burrry01,2024,1,TOR,AL,0,2,34,4,0,0,0,98,29,15,4,12,47,0.228,4.13,0,0,1,0,140,5,16,0,0,1
burrry01,2025,1,TOR,AL,1,0,2,0,0,0,0,6,1,0,0,1,3,0.143,0,0,0,0,0,8,0,0,0,0,0
busenal01,2023,1,CIN,NL,0,0,6,0,0,0,0,21,8,2,0,1,5,0.286,2.57,1,0,0,0,29,5,2,0,0,1
busenal01,2024,1,CIN,NL,0,0,3,0,0,0,0,12,9,6,1,0,3,0.429,13.5,0,0,0,0,21,2,7,0,0,1
bushky01,2024,1,CHA,AL,0,3,4,4,0,0,0,53,20,11,2,16,11,0.29,5.6,1,2,1,0,87,0,11,0,1,2
bushma01,2023,1,MIL,NL,0,2,12,0,0,0,1,31,11,11,5,6,10,0.262,9.58,0,0,0,0,48,4,11,0,0,0
buttojo01,2023,1,NYN,NL,1,4,9,7,0,0,0,126,33,17,3,23,38,0.212,3.64,0,0,0,0,179,0,17,0,0,2
buttojo01,2024,1,NYN,NL,7,3,30,7,0,0,3,222,41,21,6,38,79,0.167,2.55,0,2,5,1,294,5,21,1,4,9
buttojo01,2025,1,NYN,NL,3,2,34,0,0,0,1,141,43,19,2,22,41,0.25,3.64,1,3,1,1,198,7,21,1,2,4
buttojo01,2025,2,SFN,NL,2,1,21,0,0,0,0,60,19,10,2,10,17,0.268,4.5,1,0,1,0,86,2,10,1,3,2
cabaljo01,2025,1,TBA,AL,0,0,1,0,0,0,0,3,5,6,2,1,0,0.625,54,0,0,0,0,9,1,6,0,0,0
cabreed02,2023,1,MIA,NL,7,7,22,20,0,0,0,299,78,47,11,66,118,0.215,4.24,0,1,4,3,434,0,48,0,1,11
cabreed02,2024,1,MIA,NL,4,8,20,20,0,0,0,289,82,53,15,50,107,0.227,4.95,0,1,5,1,418,0,60,0,2,5
cabreed02,2025,1,MIA,NL,8,7,26,26,0,0,0,413,121,54,17,48,150,0.233,3.53,0,8,10,0,581,0,60,1,3,7
cabrege01,2023,1,SLN,NL,1,1,32,0,0,0,0,96,32,18,6,18,38,0.258,5.06,0,0,0,1,143,10,18,1,0,3
cabrege01,2023,2,TOR,AL,1,0,29,0,0,0,0,71,17,7,2,6,20,0.195,2.66,3,1,2,0,96,2,10,0,1,1
cabrege01,2024,1,TOR,AL,3,3,69,0,0,0,2,188,63,25,10,29,50,0.268,3.59,4,2,2,2,271,10,31,1,4,8
cabrege01,2025,1,NYN,NL,0,0,6,0,0,0,0,23,7,3,1,3,7,0.241,3.52,0,0,0,0,32,1,3,0,0,0
cabrege01,2025,2,CHN,NL,0,0,9,0,0,0,0,28,10,9,4,3,8,0.278,8.68,0,0,0,0,39,3,9,0,0,1
cabrege01,2025,3,PIT,NL,0,0,9,0,0,0,0,33,12,6,2,1,7,0.279,4.91,0,0,1,0,46,1,6,0,1,1
cabrege01,2025,4,MIN,AL,0,1,16,0,0,0,1,44,17,13,5,11,13,0.298,7.98,1,3,1,1,70,5,14,0,1,1
cabreos01,2024,1,NYA,AL,0,0,1,0,0,0,0,1,0,0,0,2,0,0,0,0,0,0,0,3,1,0,0,0,0
cacerke01,2023,1,LAA,AL,0,0,2,0,0,0,0,4,2,1,0,2,1,0.4,6.75,0,1,0,0,8,2,1,1,0,0
calvobl01,2023,1,COL,NL,0,0,1,0,0,0,0,3,0,0,0,0,0,0,0,0,0,0,0,3,1,0,0,0,0
camerno01,2025,1,KCA,AL,9,7,24,24,0,0,0,415,109,46,18,43,114,0.214,2.99,1,3,3,0,556,0,46,1,0,14
campbis01,2023,1,SEA,AL,4,1,27,0,0,0,1,86,22,9,2,13,33,0.21,2.83,1,2,1,1,120,9,9,0,1,5
campbis01,2024,1,BOS,AL,0,1,8,0,0,0,0,20,14,12,3,2,6,0.4,16.2,0,1,0,0,37,1,13,0,0,0
campbis01,2025,1,BOS,AL,0,0,6,0,0,0,0,23,13,6,1,1,3,0.394,7.04,0,0,1,0,35,4,6,0,0,3
cannigr01,2023,1,LAA,AL,7,8,24,22,0,0,0,381,121,61,22,36,139,0.245,4.32,1,4,5,0,536,0,62,1,1,6
cannigr01,2024,1,LAA,AL,6,13,32,31,0,0,0,515,174,99,31,66,130,0.265,5.19,1,6,6,4,739,1,105,2,9,17
cannigr01,2025,1,NYN,NL,7,3,16,16,0,0,0,229,70,32,8,35,70,0.24,3.77,0,3,0,0,328,0,35,1,0,5
cannojo02,2024,1,CHA,AL,5,10,23,21,0,0,1,373,125,62,18,40,91,0.263,4.49,0,2,4,1,522,1,65,0,2,13
cannojo02,2025,1,CHA,AL,4,10,22,17,0,0,0,311,116,67,19,38,86,0.278,5.82,1,2,6,1,466,1,69,0,4,8
canoye01,2023,1,BAL,AL,1,4,72,0,0,0,8,218,60,17,4,13,65,0.226,2.11,2,2,3,1,283,20,19,1,0,9
canoye01,2024,1,BAL,AL,4,3,70,0,0,0,5,180,54,21,6,24,65,0.242,3.15,1,0,1,1,249,12,24,0,1,7
canoye01,2025,1,BAL,AL,3,7,65,0,0,0,2,174,62,33,7,24,53,0.283,5.12,1,2,3,1,251,11,36,3,2,8
cantijo01,2024,1,CLE,AL,2,4,9,8,0,0,0,116,35,21,6,15,44,0.238,4.89,0,4,0,0,163,1,22,0,1,3
cantijo01,2025,1,CLE,AL,5,3,34,13,0,0,1,286,78,34,10,42,108,0.218,3.21,0,2,0,0,401,10,39,0,2,5
capravi01,2025,2,CHA,AL,0,0,3,0,0,0,0,9,5,2,1,0,1,0.333,6,0,0,0,0,15,3,4,0,0,0
carasma01,2023,1,COL,NL,1,0,16,0,0,0,1,73,28,17,3,11,16,0.292,6.29,0,1,1,0,110,2,19,0,2,2
carasma01,2024,1,COL,NL,0,1,7,0,0,0,0,26,16,10,2,3,7,0.41,10.38,0,0,1,0,43,1,10,0,0,3
carltdr01,2023,1,SDN,NL,2,1,11,0,0,0,0,62,18,10,2,6,18,0.243,4.35,0,1,1,0,85,1,12,2,1,2
carraca01,2023,1,NYN,NL,3,8,20,20,0,0,0,270,115,68,18,38,66,0.31,6.8,0,3,6,1,417,0,71,0,2,6
carraca01,2024,1,CLE,AL,3,10,21,21,0,0,0,311,112,65,19,33,89,0.276,5.64,0,5,5,0,447,0,68,1,2,10
carraca01,2025,1,NYA,AL,2,2,8,6,0,0,0,96,39,21,7,10,25,0.298,5.91,0,0,0,0,142,2,21,0,1,3
carraca01,2025,2,ATL,NL,0,0,3,3,0,0,0,41,22,15,3,7,9,0.355,9.88,0,1,0,0,70,0,15,0,1,0
carrial01,2025,1,NYN,NL,0,1,3,0,0,0,0,14,6,7,4,2,4,0.316,13.5,0,1,1,0,22,0,7,0,0,0
caspabe01,2024,1,LAN,NL,2,0,3,0,0,0,0,25,9,2,0,4,12,0.273,2.16,0,0,0,0,37,0,3,0,0,1
caspabe01,2025,1,LAN,NL,7,5,46,3,0,0,2,233,78,40,8,21,71,0.254,4.64,0,1,3,0,333,6,41,1,1,0
castabl01,2025,1,SEA,AL,0,0,1,0,0,0,0,9,4,3,1,2,1,0.308,9,0,0,1,0,16,1,3,0,0,0
castada01,2023,1,MIA,NL,0,0,2,0,0,0,0,9,7,7,2,3,4,0.412,21,0,0,0,0,20,1,8,0,0,0
castehu01,2024,1,ARI,NL,0,0,7,0,0,0,1,31,11,6,0,4,7,0.268,5.23,0,1,2,0,48,4,6,0,1,0
castidi01,2023,1,SEA,AL,0,0,8,0,0,0,0,26,7,6,2,7,7,0.212,6.23,0,0,1,0,41,1,6,0,0,0
castidi01,2024,1,MIN,AL,0,0,7,0,0,0,0,30,8,3,0,8,6,0.235,2.7,0,1,0,0,43,3,3,0,1,2
castijo03,2023,1,SDN,NL,0,0,1,0,0,0,0,1,2,4,0,2,0,1,108,0,0,1,0,6,0,4,0,1,0
castijo03,2025,1,ARI,NL,0,1,5,0,0,0,0,19,10,8,3,3,3,0.37,11.37,0,0,0,3,31,2,8,0,1,1
castijo03,2025,2,NYN,NL,1,1,16,0,0,0,0,46,21,4,0,6,19,0.333,2.35,0,1,4,0,74,2,6,0,1,2
castijo03,2025,3,SEA,AL,1,0,3,0,0,0,0,9,3,0,0,2,1,0.273,0,1,0,0,0,13,1,1,0,0,1
castijo03,2025,4,BAL,AL,0,0,5,0,0,0,0,22,6,2,1,3,7,0.214,2.45,0,0,0,0,31,1,3,0,0,0
castilu02,2023,1,SEA,AL,14,9,33,33,0,0,0,591,160,73,28,56,219,0.218,3.34,0,3,5,0,802,0,81,1,5,2
castilu02,2024,1,SEA,AL,11,12,30,30,0,0,0,526,158,71,25,47,175,0.238,3.64,2,0,5,0,719,0,73,2,2,13
castilu02,2025,1,SEA,AL,11,8,32,32,0,0,0,542,168,71,23,46,162,0.244,3.54,0,3,7,0,745,0,76,0,3,15
castilu03,2025,1,SEA,AL,0,0,2,2,0,0,0,21,12,6,0,7,5,0.364,7.71,0,0,0,0,41,0,7,1,0,1
castima03,2023,1,KCA,AL,0,1,7,0,0,0,0,61,20,10,2,9,10,0.267,4.43,1,0,3,0,89,2,10,1,1,3
castrha01,2023,1,COL,NL,0,0,2,0,0,0,0,6,4,2,0,1,0,0.444,9,0,0,1,0,11,2,2,0,0,1
castrmi01,2023,1,ARI,NL,6,6,75,0,0,0,7,194,51,31,8,25,60,0.213,4.31,3,0,3,0,268,21,32,1,0,4
castrmi01,2024,1,ARI,NL,0,0,11,0,0,0,0,41,20,9,3,3,8,0.339,5.93,0,0,1,0,64,2,9,1,0,0
castrmi01,2025,1,CHA,AL,0,0,6,0,0,0,0,18,5,5,1,5,4,0.227,7.5,0,0,1,0,28,1,5,0,0,1
castrwi01,2023,1,MIN,AL,0,0,3,0,0,0,0,7,3,3,0,2,0,0.375,11.57,0,0,0,0,11,3,3,0,1,1
castrwi01,2024,1,MIN,AL,0,0,2,0,0,0,0,4,0,0,0,0,0,0,0,0,0,0,0,4,2,0,0,0,0
castrwi01,2025,1,MIN,AL,0,0,1,0,0,0,0,3,1,0,0,0,0,0.25,0,0,0,0,0,4,1,0,0,0,0
cavalca01,2025,1,WAS,NL,3,1,10,10,0,0,0,146,57,23,7,15,40,0.286,4.25,0,3,4,0,219,0,28,0,1,5
ceasedy01,2023,1,CHA,AL,7,9,33,33,0,0,0,531,172,90,19,79,214,0.25,4.58,3,14,9,0,784,0,98,0,6,6
ceasedy01,2024,1,SDN,NL,14,11,33,33,1,1,0,568,137,73,18,65,224,0.2,3.47,0,12,2,0,762,0,80,3,6,11
ceasedy01,2025,1,SDN,NL,8,12,32,32,0,0,0,504,152,85,21,71,215,0.238,4.55,2,5,5,0,722,0,91,3,5,8
ceccosl01,2023,1,ARI,NL,0,1,7,4,0,0,0,81,27,13,4,4,20,0.26,4.33,0,0,2,0,111,0,13,0,1,1
ceccosl01,2024,1,ARI,NL,2,7,20,13,0,0,0,231,92,57,16,17,64,0.294,6.66,1,2,4,1,338,2,57,1,3,1
ceccosl01,2025,1,CLE,AL,7,7,23,23,0,0,0,396,125,63,24,32,109,0.247,4.3,1,3,3,1,545,0,66,1,3,10
cessalu01,2023,1,CIN,NL,1,4,7,6,0,0,0,78,46,26,3,12,11,0.397,9,0,2,1,0,132,0,26,1,2,5
chafian01,2023,1,ARI,NL,2,3,43,0,0,0,8,103,31,16,3,18,49,0.235,4.19,0,1,0,0,150,14,17,0,0,2
chafian01,2023,2,MIL,NL,1,1,20,0,0,0,0,51,14,11,3,10,14,0.222,5.82,0,1,1,0,74,5,13,0,0,3
chafian01,2024,1,DET,AL,3,2,41,0,0,0,1,111,35,13,2,16,50,0.245,3.16,2,3,1,0,162,11,16,0,2,4
chafian01,2024,2,TEX,AL,1,1,21,0,0,0,0,58,17,9,3,15,20,0.25,4.19,2,4,0,0,84,2,10,0,1,2
chafian01,2025,1,WAS,NL,1,1,26,0,0,0,0,60,20,6,1,12,18,0.267,2.7,0,5,0,0,88,6,8,1,0,2
chafian01,2025,2,LAA,AL,0,0,16,0,0,0,0,41,9,3,1,7,18,0.191,1.98,0,3,0,0,55,3,3,0,1,1
chandbu01,2025,1,PIT,NL,4,1,7,4,0,0,1,94,25,14,2,4,31,0.214,4.02,0,1,3,0,124,1,14,0,0,3
chapmar01,2023,1,KCA,AL,4,2,31,0,0,0,2,88,16,8,0,20,53,0.158,2.45,0,2,0,1,122,9,10,0,1,1
chapmar01,2023,2,TEX,AL,2,3,30,0,0,0,4,87,21,12,4,16,50,0.191,3.72,2,7,1,1,127,9,14,0,0,0
chapmar01,2024,1,PIT,NL,5,5,68,0,0,0,14,185,44,26,5,39,98,0.198,3.79,0,4,2,2,265,18,31,0,2,3
chapmar01,2025,1,BOS,AL,5,3,67,0,0,0,32,184,28,8,3,15,85,0.132,1.17,0,6,0,0,228,43,9,0,1,2
chargjt01,2023,1,MIA,NL,1,0,46,5,0,0,1,127,35,17,3,18,35,0.232,3.61,1,0,0,0,174,8,17,0,3,7
chargjt01,2024,1,MIA,NL,1,0,15,0,0,0,0,50,15,3,3,7,12,0.234,1.62,1,0,0,0,71,7,3,0,0,0
chargjt01,2024,2,SEA,AL,2,1,21,0,0,0,0,59,9,6,3,6,18,0.134,2.75,0,0,2,0,75,2,6,0,0,1
chaveje01,2023,1,ATL,NL,1,0,36,1,0,0,1,104,26,6,2,12,39,0.203,1.56,0,0,3,0,144,7,10,0,1,3
chaveje01,2024,1,ATL,NL,2,2,46,0,0,0,0,190,60,22,10,19,55,0.249,3.13,1,0,1,1,264,16,27,1,2,6
chaveje01,2025,1,ATL,NL,0,1,4,0,0,0,0,24,14,8,4,5,8,0.368,9,0,0,0,0,43,0,8,0,0,0
chiriyo01,2023,1,TBA,AL,4,4,15,4,0,0,0,188,58,28,10,20,31,0.247,4.02,0,2,4,0,262,1,30,0,2,6
chiriyo01,2023,2,ATL,NL,1,1,5,5,0,0,0,67,33,23,5,7,22,0.344,9.27,0,1,1,0,105,0,23,0,1,3
chiriyo01,2024,1,MIA,NL,0,2,6,6,0,0,0,90,43,21,7,13,25,0.339,6.3,0,1,3,0,144,0,21,0,1,1
chivian01,2024,1,COL,NL,2,3,30,0,0,0,1,95,31,16,7,10,28,0.254,4.55,0,0,1,0,133,10,17,0,0,5
chivian01,2025,1,COL,NL,1,5,43,0,0,0,0,176,76,46,13,23,43,0.309,7.06,1,4,6,0,275,7,49,0,0,5
churcma01,2024,1,TEX,AL,0,0,1,0,0,0,0,3,1,0,0,0,1,0.25,0,0,0,0,0,4,0,0,0,0,0
churcma01,2025,1,TEX,AL,0,0,5,0,0,0,0,14,4,2,0,6,5,0.25,3.86,0,0,0,0,23,0,2,0,1,1
cimbead01,2023,1,TOR,AL,0,2,22,0,0,0,1,62,25,17,6,7,12,0.301,7.4,0,0,4,0,95,6,18,0,1,4
cimbead01,2024,1,LAA,AL,3,0,28,0,0,0,0,73,20,19,1,14,19,0.235,7.03,2,1,6,0,107,2,19,1,1,4
cisnejo01,2023,1,DET,AL,3,4,63,0,0,0,2,178,63,35,10,25,70,0.27,5.31,2,9,5,0,267,18,39,1,2,5
cisnejo01,2024,1,LAA,AL,0,0,15,0,0,0,0,47,18,12,4,8,17,0.29,6.89,0,3,2,0,74,3,15,1,1,2
civalaa01,2023,1,CLE,AL,5,2,13,13,0,0,0,231,58,20,5,22,58,0.207,2.34,0,4,2,0,306,0,20,0,1,5
civalaa01,2023,2,TBA,AL,2,3,10,10,0,0,0,136,51,27,7,11,58,0.279,5.36,0,1,3,0,198,0,27,1,0,4
civalaa01,2024,1,TBA,AL,2,6,17,17,0,0,0,261,93,49,16,27,84,0.27,5.07,0,1,4,0,378,0,51,1,1,10
civalaa01,2024,2,MIL,NL,6,3,14,14,0,0,0,222,65,29,13,25,65,0.23,3.53,0,0,2,0,311,0,31,1,1,2
civalaa01,2025,1,MIL,NL,1,2,5,5,0,0,0,66,23,12,5,7,19,0.274,4.91,1,0,2,0,94,0,12,1,0,3
civalaa01,2025,2,CHA,AL,2,7,13,13,0,0,0,201,66,40,8,26,55,0.253,5.37,0,0,2,2,291,0,44,0,2,4
civalaa01,2025,3,CHN,NL,1,0,5,0,0,0,1,39,7,3,3,0,14,0.149,2.08,0,0,3,0,50,2,3,0,0,0
clarkta01,2023,1,KCA,AL,3,6,58,2,0,0,3,177,71,39,12,24,65,0.303,5.95,1,3,3,0,266,11,42,1,3,0
clarkta01,2025,1,KCA,AL,1,1,51,0,0,0,1,166,38,20,8,9,44,0.194,3.25,0,5,1,0,206,15,20,0,0,6
claseem01,2023,1,CLE,AL,3,9,75,0,0,0,44,218,68,26,4,16,64,0.242,3.22,2,5,1,1,302,65,37,1,3,5
claseem01,2024,1,CLE,AL,4,2,74,0,0,0,47,223,39,5,2,10,66,0.154,0.61,1,2,2,0,270,66,10,2,3,6
claseem01,2025,1,CLE,AL,5,3,48,0,0,0,24,142,46,17,2,12,47,0.256,3.23,2,4,4,0,201,41,20,1,4,1
claudal01,2023,1,MIL,NL,0,0,1,0,0,0,0,1,2,0,0,0,0,0.667,0,0,0,0,0,3,0,0,0,0,0
cleavga01,2023,1,TBA,AL,1,0,15,0,0,0,0,36,6,4,2,6,14,0.146,3,0,1,1,0,48,3,5,0,0,2
cleavga01,2024,1,TBA,AL,7,5,68,0,0,0,6,180,52,25,6,31,71,0.231,3.75,0,2,7,0,266,15,29,0,3,3
cleavga01,2025,1,TBA,AL,2,6,67,0,0,0,2,184,40,16,9,18,82,0.184,2.35,0,1,7,0,243,9,17,0,1,3
clemeer01,2023,1,TOR,AL,0,0,1,0,0,0,0,3,3,1,0,0,0,0.5,9,0,0,1,0,7,1,1,0,0,0
clemeer01,2024,1,TOR,AL,0,0,1,0,0,0,0,3,2,1,0,0,0,0.4,9,0,0,0,0,5,1,1,0,0,0
clemeko01,2023,1,PHI,NL,0,0,4,0,0,0,0,8,4,1,0,3,1,0.333,3.38,0,0,0,0,15,4,1,0,0,0
clemeko01,2024,1,PHI,NL,0,0,1,0,0,0,0,3,2,1,1,1,0,0.4,9,0,0,0,0,6,1,1,0,0,0
clemeko01,2025,2,MIN,AL,0,0,1,0,0,0,0,3,3,2,2,0,0,0.5,18,0,0,0,0,6,1,2,0,0,0
clevimi01,2023,1,CHA,AL,9,9,24,24,2,0,0,394,121,55,16,40,110,0.244,3.77,0,6,9,0,549,0,56,1,3,10
clevimi01,2024,1,CHA,AL,0,3,4,4,0,0,0,48,22,12,4,9,15,0.319,6.75,1,2,0,0,78,0,13,0,0,1
clevimi01,2025,1,CHA,AL,0,2,8,0,0,0,0,17,5,5,0,8,3,0.227,7.94,0,1,0,0,31,3,5,0,1,0
cobbal01,2023,1,SFN,NL,7,7,28,28,2,1,0,454,163,65,19,37,131,0.272,3.87,0,7,6,5,646,0,69,1,2,16
cobbal01,2024,1,CLE,AL,2,1,3,3,0,0,0,49,14,5,1,3,10,0.241,2.76,0,0,0,0,62,0,7,0,1,4
colege01,2023,1,NYA,AL,15,4,33,33,2,2,0,627,157,61,20,48,222,0.206,2.63,0,4,7,1,821,0,64,2,2,14
colege01,2024,1,NYA,AL,8,5,17,17,0,0,0,285,78,36,11,29,99,0.22,3.41,1,0,6,0,390,0,38,0,0,7
colemdy01,2023,1,KCA,AL,0,2,23,1,0,0,0,55,18,18,3,19,21,0.261,8.84,1,3,5,0,96,8,19,0,3,2
colemdy01,2024,1,HOU,AL,0,0,1,0,0,0,0,3,0,0,0,1,1,0,0,0,0,0,0,4,1,0,0,0,0
colomal01,2023,1,CHA,AL,0,1,4,0,0,0,0,9,2,2,1,3,2,0.167,6,0,0,0,1,15,2,4,0,0,1
contrlu01,2024,1,HOU,AL,0,0,5,0,0,0,0,18,7,6,0,2,6,0.292,9,0,0,0,0,26,3,6,0,0,1
contrlu01,2025,1,HOU,AL,0,0,9,0,0,0,0,36,11,9,2,8,13,0.239,6.75,0,1,0,0,54,4,9,0,0,1
contrro01,2023,1,PIT,NL,3,7,19,11,0,0,1,205,75,50,11,32,55,0.282,6.59,1,3,1,0,302,1,50,2,1,6
contrro01,2024,1,PIT,NL,1,0,12,0,0,0,0,49,19,8,3,8,16,0.292,4.41,2,0,0,0,74,6,8,1,0,0
contrro01,2024,2,LAA,AL,1,4,37,3,0,0,2,156,44,25,8,23,40,0.227,4.33,4,3,4,0,224,14,28,0,3,2
contrro01,2025,1,BAL,AL,0,0,1,0,0,0,0,13,3,0,0,1,2,0.2,0,0,0,1,0,17,0,0,0,0,0
contrro01,2025,2,COL,NL,0,0,4,0,0,0,0,25,9,8,3,1,4,0.273,8.64,0,0,0,0,34,1,8,0,0,1
coonrsa01,2023,1,NYN,NL,0,0,10,0,0,0,0,20,5,7,0,8,6,0.208,9.45,0,1,2,0,34,2,7,0,0,0
corbipa01,2023,1,WAS,NL,10,15,32,32,0,0,0,540,210,104,33,57,124,0.293,5.2,0,6,4,0,790,0,113,3,9,15
corbipa01,2024,1,WAS,NL,6,13,32,32,0,0,0,524,208,109,25,54,139,0.298,5.62,1,3,3,0,764,0,114,2,8,16
corbipa01,2025,1,TEX,AL,7,11,31,30,1,0,0,466,161,76,21,51,131,0.267,4.4,1,6,3,0,663,1,79,3,4,10
cordeji01,2023,1,NYA,AL,3,2,31,1,0,0,0,98,25,14,2,10,34,0.208,3.86,0,5,2,1,132,6,14,0,0,3
cornijo01,2025,1,TEX,AL,0,1,1,0,0,0,0,5,3,3,1,1,1,0.375,16.2,0,0,0,0,9,1,4,0,0,0
cortene01,2023,1,NYA,AL,5,2,12,12,0,0,0,190,59,35,11,20,67,0.244,4.97,0,0,3,0,266,0,36,0,1,5
cortene01,2024,1,NYA,AL,9,10,31,30,0,0,0,523,162,73,24,39,162,0.245,3.77,0,2,4,1,710,1,74,2,4,10
cortene01,2025,1,MIL,NL,1,1,2,2,0,0,0,24,7,8,5,7,8,0.226,9,0,0,0,0,38,0,8,0,0,0
cortene01,2025,2,SDN,NL,1,3,6,6,0,0,0,79,29,16,8,13,21,0.282,5.47,0,0,2,0,119,0,16,0,1,2
cosgrto01,2023,1,SDN,NL,1,2,54,0,0,0,1,154,31,10,3,19,44,0.173,1.75,1,1,5,0,205,16,12,1,1,2
cosgrto01,2024,1,SDN,NL,0,1,18,0,0,0,0,44,23,19,3,6,15,0.348,11.66,0,0,4,0,76,3,19,0,0,1
cosgrto01,2025,1,CHN,NL,0,0,2,0,0,0,0,12,3,1,0,1,3,0.2,2.25,0,0,0,0,16,2,1,0,0,0
couloda01,2023,1,BAL,AL,5,3,61,0,0,0,2,154,45,16,4,12,58,0.231,2.81,0,2,2,2,210,9,17,1,0,1
couloda01,2024,1,BAL,AL,1,0,33,0,0,0,1,89,15,7,3,5,32,0.147,2.12,0,2,0,0,107,3,7,0,0,2
couloda01,2025,1,MIN,AL,1,0,40,1,0,0,2,93,21,4,0,9,31,0.188,1.16,0,1,0,0,122,7,4,0,1,1
couloda01,2025,2,TEX,AL,1,1,15,0,0,0,0,36,11,7,3,9,12,0.25,5.25,0,0,0,0,54,3,7,1,0,1
cousija01,2023,1,MIL,NL,0,0,9,0,0,0,0,28,10,5,1,10,7,0.286,4.82,0,2,0,0,45,4,5,0,0,1
cousija01,2024,1,NYA,AL,2,1,37,0,0,0,1,114,20,10,5,20,53,0.154,2.37,1,4,5,0,155,6,14,0,0,3
coveydy01,2023,1,LAN,NL,0,0,1,0,0,0,0,12,5,2,2,1,3,0.294,4.5,0,0,0,0,18,0,2,0,0,0
coveydy01,2023,2,PHI,NL,1,3,28,1,0,0,0,117,43,16,3,16,27,0.281,3.69,1,0,2,0,173,19,20,0,2,5
coxau01,2023,1,KCA,AL,0,1,24,3,0,0,1,107,28,18,2,17,33,0.22,4.54,0,1,2,0,149,3,20,0,3,3
coxau01,2025,1,ATL,NL,0,0,13,1,0,0,0,64,30,21,9,7,22,0.319,8.86,0,2,0,0,102,4,21,0,1,0
crawfbr01,2023,1,SFN,NL,0,0,1,0,0,0,0,3,1,0,0,1,0,0.25,0,0,0,0,0,5,1,0,0,0,0
crawfbr01,2024,1,SLN,NL,0,0,1,0,0,0,0,4,3,4,0,2,0,0.429,27,0,0,1,0,10,1,4,0,0,0
crawfku01,2023,1,BOS,AL,6,8,31,23,0,0,0,388,107,58,17,36,135,0.221,4.04,0,4,5,0,527,5,59,0,2,9
crawfku01,2024,1,BOS,AL,9,16,33,33,0,0,0,551,155,89,34,51,175,0.223,4.36,0,4,9,0,759,0,97,1,3,9
crismna01,2023,1,SDN,NL,0,1,7,0,0,0,0,33,17,12,3,7,9,0.347,9.82,0,2,1,0,57,3,12,0,0,0
crismna01,2023,2,ARI,NL,0,1,1,0,0,0,0,6,2,0,0,0,3,0.25,0,0,0,0,1,8,1,1,0,0,0
crismna01,2024,1,LAN,NL,1,1,5,0,0,0,0,21,7,2,1,0,6,0.269,2.57,0,0,0,0,26,4,3,0,0,2
crismna01,2025,1,ARI,NL,3,0,8,5,0,0,0,102,40,14,6,9,25,0.282,3.71,0,1,1,0,153,1,20,0,1,4
criswco01,2023,1,TBA,AL,1,1,10,0,0,0,0,99,40,21,6,11,27,0.296,5.73,1,2,4,0,151,4,23,0,1,4
criswco01,2024,1,BOS,AL,6,5,26,18,0,0,0,298,103,45,10,31,73,0.273,4.08,0,2,7,0,424,4,52,1,8,15
criswco01,2025,1,BOS,AL,1,0,7,1,0,0,1,53,23,7,3,5,9,0.311,3.57,0,0,0,0,80,5,10,0,1,1
criswje01,2024,1,COL,NL,1,0,13,0,0,0,0,59,20,6,4,9,27,0.263,2.75,0,0,1,0,87,1,6,0,1,1
crochga01,2023,1,CHA,AL,0,2,13,0,0,0,0,38,12,5,1,13,12,0.255,3.55,0,1,1,0,64,5,6,1,2,0
crochga01,2024,1,CHA,AL,6,12,32,32,0,0,0,438,123,58,18,33,209,0.222,3.58,0,3,5,1,595,0,61,0,2,8
crochga01,2025,1,BOS,AL,18,5,32,32,1,1,0,616,165,59,24,46,255,0.216,2.59,0,7,3,3,814,0,62,1,1,10
cronide01,2023,1,CHA,AL,0,1,9,0,0,0,0,33,11,11,3,7,8,0.262,9,0,0,2,0,51,2,12,0,0,2
cronide01,2024,1,MIA,NL,3,4,56,0,0,0,0,211,75,34,1,25,72,0.274,4.35,3,1,5,0,306,9,41,1,1,11
crousha01,2024,1,LAA,AL,4,3,25,0,0,0,0,76,14,8,2,17,34,0.161,2.84,1,1,2,0,107,5,10,1,0,2
crowewi01,2023,1,PIT,NL,0,1,5,0,0,0,1,29,9,5,1,9,9,0.243,4.66,1,2,1,0,47,2,6,0,0,1
cruzfe01,2023,1,CIN,NL,1,2,58,2,0,0,0,198,52,36,6,28,98,0.211,4.91,0,5,2,0,279,15,39,0,2,3
cruzfe01,2024,1,CIN,NL,3,8,69,3,0,0,0,200,54,36,9,35,109,0.216,4.86,2,8,1,0,288,6,36,1,1,3
cruzfe01,2025,1,NYA,AL,3,4,49,0,0,0,2,144,33,19,5,24,72,0.192,3.56,0,5,3,0,200,4,21,0,1,4
cruzom01,2025,1,SDN,NL,0,0,2,0,0,0,0,11,4,2,0,3,5,0.267,4.91,0,0,0,0,18,1,2,0,0,0
cruzst01,2023,1,KCA,AL,0,0,10,4,0,0,0,38,11,7,1,11,15,0.22,4.97,0,1,1,0,62,3,7,0,0,0
cruzst01,2024,1,KCA,AL,0,0,5,0,0,0,0,17,1,0,0,0,4,0.056,0,0,1,0,0,18,3,0,0,0,0
cruzst01,2025,1,KCA,AL,3,1,47,0,0,0,0,137,36,19,5,18,38,0.213,3.74,1,1,1,0,189,9,20,0,1,2
cuasjo01,2023,1,KCA,AL,3,0,45,1,0,0,0,125,46,21,6,21,52,0.277,4.54,0,2,4,0,192,5,21,0,1,4
cuasjo01,2023,2,CHN,NL,0,2,27,1,0,0,1,71,17,8,2,14,19,0.205,3.04,0,3,3,0,100,7,9,0,0,4
cuasjo01,2024,1,CHN,NL,0,0,9,0,0,0,0,40,16,11,3,6,14,0.291,7.43,0,2,3,0,65,2,12,0,1,1
cuasjo01,2024,2,TOR,AL,0,0,4,0,0,0,0,9,3,3,1,4,3,0.25,9,1,0,2,0,18,1,3,0,0,0
cuetojo01,2023,1,MIA,NL,1,4,13,10,0,0,0,157,51,35,17,15,39,0.256,6.02,0,0,3,0,218,1,36,0,1,7
cuetojo01,2024,1,LAA,AL,0,2,2,2,0,0,0,34,14,9,4,3,6,0.298,7.15,1,0,0,0,50,0,9,0,0,1
curryxz01,2023,1,CLE,AL,3,4,41,9,0,0,0,285,98,43,12,30,67,0.267,4.07,1,3,2,2,404,19,47,1,4,7
curryxz01,2024,1,CLE,AL,0,2,7,4,0,0,0,74,29,16,5,5,15,0.282,5.84,1,1,0,0,108,3,17,0,0,1
curryxz01,2024,2,MIA,NL,2,0,9,1,0,0,0,54,9,6,3,2,13,0.148,3,0,0,0,0,64,0,6,0,1,1
curryxz01,2025,1,MIA,NL,0,1,3,0,0,0,0,9,4,2,0,3,1,0.308,6,0,0,0,0,16,1,4,0,0,1
curtijo02,2023,1,NYN,NL,0,0,15,0,0,0,0,59,17,10,3,8,16,0.236,4.58,0,0,0,0,81,4,10,0,1,1
curtijo02,2024,1,COL,NL,0,0,3,0,0,0,0,7,6,4,2,0,1,0.5,15.43,0,0,0,0,12,2,4,0,0,0
curtijo02,2025,1,ARI,NL,3,2,30,0,0,0,1,110,29,16,5,5,24,0.215,3.93,0,0,0,0,141,12,18,1,0,3
curvelu01,2025,1,TEX,AL,1,1,17,0,0,0,0,57,17,12,3,10,20,0.236,5.68,1,0,0,0,84,4,13,0,2,0
cyrty01,2023,1,LAN,NL,0,0,2,0,0,0,0,5,1,0,0,0,2,0.167,0,0,0,0,0,6,2,0,0,0,0
danaca01,2024,1,LAA,AL,1,2,3,3,0,0,0,31,14,11,5,7,8,0.326,9.58,0,0,1,0,52,0,12,0,1,1
danaca01,2025,1,LAA,AL,0,4,7,5,0,0,0,97,30,23,9,18,33,0.256,6.4,0,2,1,0,141,2,24,1,4,3
danieda01,2023,1,LAA,AL,1,1,3,0,0,0,0,37,7,3,1,9,9,0.167,2.19,0,1,0,0,52,1,3,0,1,1
danieda01,2024,1,LAA,AL,1,4,6,6,0,0,0,91,39,21,5,6,28,0.307,6.23,0,0,1,1,134,0,22,0,0,2
danieda01,2025,1,ATL,NL,0,1,3,2,0,0,0,30,9,6,1,7,9,0.25,5.4,0,0,1,0,46,1,6,0,2,1
danneha01,2023,1,TOR,AL,0,0,1,0,0,0,0,1,0,0,0,0,0,0,0,0,0,0,0,1,0,0,0,0,0
darnedu01,2025,1,COL,NL,1,0,9,0,0,0,0,35,10,5,1,7,5,0.244,3.86,0,0,0,0,48,4,5,0,0,3
darremi01,2025,1,LAA,AL,1,0,6,0,0,0,0,23,10,8,1,4,6,0.323,9.39,0,1,1,0,38,2,8,0,2,1
darremi01,2025,2,PIT,NL,0,0,1,0,0,0,0,6,0,0,0,0,2,0,0,0,1,0,0,5,0,0,0,0,1
darviyu01,2023,1,SDN,NL,8,10,24,24,0,0,0,409,134,69,18,43,141,0.259,4.56,0,1,8,1,574,0,71,0,6,12
darviyu01,2024,1,SDN,NL,7,3,16,16,0,0,0,245,65,30,12,22,78,0.217,3.31,0,2,3,0,331,0,32,2,4,3
darviyu01,2025,1,SDN,NL,5,5,15,15,0,0,0,216,66,43,14,19,68,0.245,5.38,0,4,6,0,296,0,44,2,0,3
davidlo01,2025,2,LAA,AL,0,0,1,0,0,0,0,3,0,0,0,0,1,0,0,0,0,0,0,3,1,0,0,0,0
davidtu01,2023,1,LAA,AL,1,1,18,0,0,0,2,95,44,23,2,11,31,0.331,6.54,0,3,2,0,148,8,25,1,1,5
davidtu01,2023,2,KCA,AL,0,1,20,1,0,0,0,59,20,11,4,8,15,0.263,5.03,2,1,1,0,88,6,12,1,0,1
davidtu01,2024,1,BAL,AL,1,0,1,0,0,0,0,14,4,0,0,2,1,0.235,0,0,0,0,0,19,0,0,0,0,0
davieza01,2023,1,ARI,NL,2,5,18,18,0,0,0,247,98,64,10,39,72,0.295,7,0,0,2,0,377,0,67,1,3,7
davisau01,2024,1,SDN,NL,0,0,7,0,0,0,0,21,6,7,0,5,6,0.24,9,0,0,2,0,33,0,8,1,0,2
davisno01,2023,1,COL,NL,0,4,8,6,0,0,0,90,43,29,6,15,26,0.341,8.7,0,4,4,1,146,1,30,0,1,3
davisno01,2024,1,COL,NL,0,0,9,0,0,0,0,61,31,13,3,7,15,0.352,5.75,0,0,0,0,96,2,15,1,0,2
davisno01,2025,1,LAN,NL,0,1,5,0,0,0,0,18,10,13,3,5,8,0.385,19.5,0,0,4,0,35,2,14,0,0,1
davisno01,2025,2,MIN,AL,0,1,4,0,0,0,0,15,12,9,4,1,7,0.462,16.2,0,1,3,0,30,1,10,0,0,1
degeubr01,2024,1,SEA,AL,0,0,4,0,0,0,0,10,4,1,0,0,2,0.333,2.7,0,0,2,1,14,3,1,0,0,1
degeubr01,2024,2,MIA,NL,0,2,7,0,0,0,0,17,7,4,0,2,4,0.304,6.35,0,0,1,0,27,2,5,1,0,1
degeubr01,2024,3,TOR,AL,0,0,2,0,0,0,0,7,3,4,0,2,1,0.333,15.43,0,0,0,0,11,0,4,0,0,0
degeubr01,2025,1,PHI,NL,0,0,1,0,0,0,0,6,1,1,0,3,0,0.143,4.5,0,0,0,0,10,1,1,0,0,0
degroja01,2023,1,TEX,AL,2,0,6,6,0,0,0,91,19,9,2,4,45,0.171,2.67,0,1,0,0,115,0,11,0,0,0
degroja01,2024,1,TEX,AL,0,0,3,3,0,0,0,32,11,2,1,1,14,0.262,1.69,0,0,1,0,44,0,2,0,0,1
degroja01,2025,1,TEX,AL,12,8,30,30,0,0,0,518,122,57,26,37,185,0.196,2.97,0,3,3,0,669,0,57,0,5,4
dejesen01,2023,1,MIA,NL,0,0,2,0,0,0,0,19,9,8,0,4,5,0.333,11.37,0,0,3,0,34,2,8,0,0,1
dejonch01,2023,1,PIT,NL,0,0,6,0,0,0,0,34,18,17,6,6,7,0.367,13.5,0,1,2,0,60,2,17,0,3,1
deleojo03,2023,1,MIN,AL,0,1,13,1,0,0,0,52,16,9,2,5,17,0.25,4.67,0,0,1,0,70,4,10,0,0,3
deleojo03,2025,1,BOS,AL,1,0,1,1,0,0,0,20,8,3,1,3,8,0.32,4.05,0,0,0,0,28,0,3,0,0,2
delosen01,2023,1,CLE,AL,5,2,70,0,0,0,0,197,50,24,4,25,62,0.216,3.29,1,2,4,2,262,8,26,0,1,5
delosen01,2024,1,SDN,NL,1,2,44,0,0,0,1,121,39,20,11,13,48,0.25,4.46,1,2,1,0,170,13,21,0,0,4
delosen01,2024,2,NYA,AL,0,0,5,0,0,0,0,19,13,10,1,3,5,0.419,14.21,0,0,3,0,37,1,10,0,0,0
delosen01,2024,3,CHA,AL,0,0,15,0,0,0,1,52,13,7,5,9,13,0.213,3.63,0,0,1,0,71,6,7,0,0,3
delosen01,2025,1,ATL,NL,3,3,43,0,0,0,0,131,39,22,2,18,38,0.231,4.53,2,2,2,1,189,6,25,0,0,2
delosen01,2025,2,HOU,AL,3,0,22,0,0,0,0,67,22,10,5,6,24,0.265,4.03,0,0,0,0,91,3,10,1,1,2
delosye01,2023,1,PIT,NL,1,1,22,0,0,0,0,73,17,9,1,13,18,0.193,3.33,3,0,1,0,104,8,10,0,2,3
delosye01,2025,1,NYA,AL,0,1,25,0,0,0,0,107,37,13,1,17,28,0.266,3.28,0,2,1,0,160,5,15,2,1,5
dermoma01,2023,1,BOS,AL,0,1,1,1,0,0,0,12,4,3,2,1,1,0.267,6.75,0,0,1,0,17,0,3,0,0,1
desclan01,2023,1,SFN,NL,4,8,19,18,0,0,0,299,105,54,15,20,79,0.271,4.88,0,3,4,0,419,0,59,3,3,6
desclan01,2025,1,ARI,NL,1,2,13,4,0,0,2,116,37,22,11,12,36,0.25,5.12,2,0,5,0,169,5,23,1,3,3
detmere01,2023,1,LAA,AL,4,10,28,28,0,0,0,446,141,74,19,60,168,0.248,4.48,2,7,13,0,644,0,81,0,2,11
detmere01,2024,1,LAA,AL,4,9,17,17,0,0,0,262,98,65,18,38,109,0.282,6.7,0,4,2,0,391,0,67,0,3,8
detmere01,2025,1,LAA,AL,5,3,61,0,0,0,3,191,58,28,6,25,80,0.244,3.96,4,2,2,0,266,7,29,0,1,9
devench02,2023,1,LAA,AL,3,2,29,0,0,0,0,101,31,19,5,9,33,0.244,5.08,1,1,1,0,140,4,20,1,2,2
devench02,2023,2,TBA,AL,3,2,9,0,0,0,0,26,5,2,1,2,9,0.167,2.08,0,0,0,0,33,5,4,0,1,0
devench02,2024,1,TBA,AL,2,1,19,0,0,0,0,80,28,20,9,14,24,0.259,6.75,0,1,0,0,122,4,25,0,0,2
devench02,2025,1,NYN,NL,0,0,13,1,0,0,0,50,10,4,1,5,14,0.179,2.16,0,0,2,0,65,7,4,0,2,1
diazal03,2023,1,CIN,NL,9,6,71,0,0,0,37,202,44,23,4,36,86,0.186,3.07,0,3,10,0,286,51,30,2,2,4
diazal03,2024,1,CIN,NL,2,5,60,0,0,0,28,169,42,25,6,31,55,0.206,3.99,1,1,6,1,242,50,31,0,1,4
diazal03,2025,1,CIN,NL,0,0,6,0,0,0,0,18,8,8,4,5,3,0.308,12,0,0,2,0,33,2,8,0,0,0
diazal03,2025,2,LAN,NL,1,0,9,0,0,0,0,27,7,5,2,2,9,0.206,5,0,0,2,0,38,1,5,0,0,0
diazal03,2025,3,ATL,NL,0,0,3,0,0,0,0,8,0,3,0,5,5,0,10.13,0,0,1,0,14,1,4,0,0,0
diazed04,2024,1,NYN,NL,6,4,54,0,0,0,20,161,36,21,7,20,84,0.188,3.52,0,3,3,0,216,40,23,0,1,2
diazed04,2025,1,NYN,NL,6,3,62,0,0,0,28,199,37,12,4,21,98,0.164,1.63,0,7,8,0,258,48,14,2,2,2
diazjh01,2023,1,LAA,AL,0,0,4,1,0,0,0,21,13,8,0,7,4,0.419,10.29,0,0,2,0,42,2,11,0,2,0
diazjh01,2024,1,SEA,AL,0,1,5,1,0,0,0,29,14,5,2,3,8,0.318,4.66,0,0,0,0,47,3,6,0,0,0
diazjh01,2025,1,SEA,AL,0,0,1,0,0,0,0,4,1,0,0,0,1,0.2,0,0,0,0,0,5,1,0,0,0,0
diazmi02,2023,1,DET,AL,1,0,12,3,0,0,0,42,8,1,0,5,16,0.163,0.64,0,0,0,0,54,0,1,0,0,0
diazmi02,2024,1,HOU,AL,0,0,1,0,0,0,0,3,0,0,0,0,0,0,0,0,0,0,0,3,1,0,0,0,0
diazyi01,2024,1,ARI,NL,1,1,7,4,0,0,0,85,27,12,3,12,19,0.257,3.81,0,1,0,0,119,1,13,0,2,3
diazyi01,2025,1,ARI,NL,0,0,1,0,0,0,0,9,4,3,0,3,1,0.333,9,0,1,0,0,15,1,3,0,0,1
diekmja01,2023,1,CHA,AL,0,1,13,0,0,0,0,34,11,10,1,13,11,0.244,7.94,0,2,0,2,58,5,14,0,0,2
diekmja01,2023,2,TBA,AL,0,1,50,0,0,0,0,136,26,11,2,25,53,0.166,2.18,1,1,1,0,185,17,15,1,1,4
diekmja01,2024,1,NYN,NL,2,3,43,0,0,0,4,96,23,20,7,24,40,0.202,5.63,0,2,4,0,145,10,24,1,2,1
dixonbr01,2023,1,SDN,NL,0,0,1,0,0,0,0,3,0,0,0,0,0,0,0,0,0,0,0,3,1,0,0,0,0
dobbihu01,2025,1,BOS,AL,4,1,13,11,0,0,0,183,61,28,6,17,45,0.257,4.13,1,0,2,0,256,0,30,0,0,7
dobnara01,2024,1,MIN,AL,0,0,5,0,0,0,0,29,11,6,1,5,7,0.275,5.59,1,1,0,0,45,3,6,0,0,1
dobnara01,2025,1,MIN,AL,0,0,1,0,0,0,0,16,2,1,1,2,1,0.118,1.69,0,0,0,0,19,1,1,0,0,1
dodddy01,2023,1,ATL,NL,2,2,7,7,0,0,0,103,53,29,9,12,15,0.351,7.6,1,1,1,0,164,0,29,0,0,2
dodddy01,2024,1,ATL,NL,0,0,1,0,0,0,0,6,4,2,0,1,2,0.5,9,0,0,0,0,9,1,2,0,0,1
dodddy01,2025,1,ATL,NL,1,0,28,0,0,0,0,105,28,14,5,5,30,0.219,3.6,0,1,1,0,136,12,14,0,2,0
dollach01,2025,1,COL,NL,2,12,21,21,0,0,0,294,103,71,18,49,82,0.27,6.52,0,2,6,0,441,0,76,1,4,7
dominse01,2023,1,PHI,NL,5,5,57,0,0,0,2,150,48,21,7,22,48,0.246,3.78,0,1,6,1,224,7,25,0,1,3
dominse01,2024,1,PHI,NL,3,2,38,0,0,0,1,108,32,19,6,12,40,0.224,4.75,0,5,2,1,157,10,22,0,0,0
dominse01,2024,2,BAL,AL,0,2,25,0,0,0,10,68,20,10,6,9,28,0.227,3.97,0,3,0,0,98,17,10,0,1,1
dominse01,2025,1,BAL,AL,2,3,43,0,0,0,2,125,32,15,4,24,54,0.212,3.24,1,9,0,0,175,11,19,0,0,2
dominse01,2025,2,TOR,AL,2,1,24,0,0,0,0,63,12,7,1,12,25,0.169,3,1,3,2,0,86,4,11,0,1,3
donaljo02,2023,1,NYA,AL,0,0,1,0,0,0,0,3,0,0,0,0,0,0,0,0,0,0,0,3,1,0,0,0,0
dovalca01,2023,1,SFN,NL,6,6,69,0,0,0,39,203,51,22,3,26,87,0.209,2.93,6,10,8,3,281,60,32,1,2,6
dovalca01,2024,1,SFN,NL,5,3,62,0,0,0,23,177,54,32,5,39,78,0.241,4.88,2,7,2,0,271,40,35,2,4,5
dovalca01,2025,1,SFN,NL,4,2,47,0,0,0,15,140,32,16,2,24,50,0.196,3.09,1,3,2,2,191,29,20,1,1,7
dovalca01,2025,2,NYA,AL,0,1,22,0,0,0,1,56,19,10,2,11,22,0.253,4.82,0,1,1,2,87,8,14,0,0,1
doyleto01,2023,1,COL,NL,0,1,15,0,0,0,0,71,23,18,5,13,18,0.256,6.85,0,3,0,0,103,1,18,0,0,2
dreyeja01,2025,1,LAN,NL,3,2,67,5,0,0,4,229,56,25,4,24,74,0.203,2.95,5,1,0,0,307,14,26,3,4,1
duartda01,2023,1,CIN,NL,3,0,31,0,0,0,1,95,24,13,5,20,23,0.211,3.69,0,1,1,0,136,8,14,0,1,4
duartda01,2024,1,MIN,AL,1,0,2,0,0,0,0,12,2,1,1,1,3,0.143,2.25,0,0,0,0,15,0,1,0,0,0
dubinsh01,2023,1,HOU,AL,0,0,3,1,0,0,0,27,12,7,1,3,11,0.324,7,0,0,1,0,42,1,7,0,1,1
dubinsh01,2024,1,HOU,AL,1,1,31,2,0,0,2,136,45,21,3,26,49,0.256,4.17,0,1,2,0,207,11,25,0,3,4
dubinsh01,2025,1,HOU,AL,2,0,23,0,0,0,0,77,30,16,6,8,21,0.294,5.61,0,0,1,0,111,1,16,0,0,2
dubinsh01,2025,2,BAL,AL,0,0,7,0,0,0,0,24,7,3,0,3,7,0.233,3.38,0,0,1,0,34,3,3,0,0,0
duffety01,2023,1,CHN,NL,0,0,1,0,0,0,0,6,1,1,1,0,3,0.143,4.5,0,0,0,0,7,0,1,0,0,0
duffety01,2024,1,KCA,AL,1,0,9,0,0,0,0,27,7,5,0,8,10,0.219,5,0,0,1,0,42,0,5,0,1,0
duffyma01,2023,1,KCA,AL,0,0,2,0,0,0,0,6,3,1,1,0,0,0.333,4.5,0,0,1,0,10,2,1,0,0,0
dunnida01,2023,1,TEX,AL,12,7,35,26,0,0,0,518,163,71,20,55,140,0.25,3.7,0,6,10,0,722,2,73,0,5,20
dunnida01,2024,1,TEX,AL,5,7,26,15,0,0,0,285,97,56,18,40,91,0.26,5.31,1,2,6,0,421,6,60,0,2,6
dunnida01,2025,1,TEX,AL,0,0,5,0,0,0,2,32,9,4,2,5,10,0.231,3.38,1,1,1,0,46,4,4,0,1,1
dunnida01,2025,2,ATL,NL,0,0,7,0,0,0,0,30,15,12,2,2,11,0.333,10.8,0,0,2,0,49,2,13,0,0,0
dunshpa01,2024,1,ATL,NL,0,0,1,0,0,0,0,7,4,5,2,2,3,0.364,19.29,0,0,1,0,14,0,5,0,0,0
duranca01,2025,1,ATH,AL,0,0,1,0,0,0,0,1,1,3,0,3,0,0.5,81,0,0,0,0,5,0,3,0,0,0
duranez01,2025,1,TEX,AL,0,0,4,0,0,0,0,10,1,0,0,0,0,0.091,0,0,0,0,0,11,4,0,0,0,0
duranjh01,2023,1,MIN,AL,3,6,59,0,0,0,27,187,46,17,6,25,84,0.207,2.45,5,8,4,0,255,41,25,3,1,5
duranjh01,2024,1,MIN,AL,6,9,58,0,0,0,23,163,48,22,4,15,66,0.235,3.64,2,1,6,1,228,37,30,2,1,3
duranjh01,2025,1,MIN,AL,6,4,49,0,0,0,16,148,40,11,1,18,53,0.219,2.01,4,2,3,0,206,36,13,0,2,3
duranjh01,2025,2,PHI,NL,1,2,23,0,0,0,16,62,18,5,2,1,27,0.225,2.18,0,1,0,0,81,19,6,0,0,0
earlyco01,2025,1,BOS,AL,1,2,4,4,0,0,0,58,17,5,0,4,29,0.23,2.33,0,0,1,0,79,0,6,0,0,1
eatonna01,2023,1,KCA,AL,0,0,1,0,0,0,0,3,2,0,0,0,1,0.4,0,0,0,0,0,5,1,0,0,0,0
eatonna01,2025,1,BOS,AL,0,0,1,0,0,0,0,3,2,0,0,0,0,0.5,0,0,0,0,0,4,1,0,0,0,1
ederja01,2024,1,CHA,AL,0,0,1,0,0,0,0,6,2,1,0,1,1,0.286,4.5,0,1,1,0,9,1,1,0,0,1
ederja01,2025,1,LAA,AL,0,1,8,0,0,0,0,55,15,10,3,9,15,0.224,4.91,1,3,1,0,78,7,10,1,0,2
edwarca01,2023,1,WAS,NL,1,3,32,0,0,0,2,95,31,13,1,17,24,0.25,3.69,2,2,1,0,142,3,14,0,0,3
edwarca01,2024,1,SDN,NL,0,0,1,0,0,0,0,0,1,0,0,2,0,1,,0,1,0,0,3,0,0,0,0,0
edwarca01,2025,1,LAA,AL,0,0,2,0,0,0,0,9,4,3,1,1,2,0.364,9,0,0,0,0,13,1,3,0,1,1
edwarca01,2025,2,TEX,AL,0,0,2,0,0,0,0,9,0,0,0,2,4,0,0,0,0,0,0,11,1,0,0,0,0
effrosc01,2024,1,NYA,AL,0,0,3,0,0,0,0,10,3,2,1,2,2,0.25,5.4,0,0,0,0,14,1,2,0,0,1
effrosc01,2025,1,NYA,AL,0,0,11,0,0,0,0,32,16,10,1,3,6,0.333,8.44,1,1,0,0,51,5,10,0,0,0
eflinza01,2023,1,TBA,AL,16,8,31,31,0,0,0,533,158,69,19,24,186,0.235,3.5,1,0,3,0,703,0,69,2,3,11
eflinza01,2024,1,TBA,AL,5,7,19,19,0,0,0,330,115,50,14,13,87,0.261,4.09,0,1,3,0,460,0,55,1,3,3
eflinza01,2024,2,BAL,AL,5,2,9,9,0,0,0,166,51,16,8,11,47,0.239,2.6,0,1,0,0,224,0,16,0,0,3
eflinza01,2025,1,BAL,AL,6,5,14,14,0,0,0,214,88,47,18,13,50,0.304,5.93,0,1,2,0,309,0,48,2,3,4
eiserbr01,2024,1,TOR,AL,0,0,3,0,0,0,0,20,5,3,0,4,2,0.227,4.05,0,0,0,0,26,2,3,0,0,2
eiserbr01,2025,1,CHA,AL,3,8,72,3,0,0,2,209,75,34,12,25,74,0.276,4.39,6,3,5,1,306,14,36,1,3,6
elderbr01,2023,1,ATL,NL,12,4,31,31,0,0,0,524,160,74,19,63,128,0.245,3.81,0,11,8,1,732,0,79,1,5,26
elderbr01,2024,1,ATL,NL,2,5,10,10,0,0,0,149,64,36,8,17,46,0.311,6.52,0,3,2,0,226,0,37,0,1,3
elderbr01,2025,1,ATL,NL,8,11,28,28,0,0,0,469,167,92,24,51,131,0.271,5.3,1,2,6,0,679,0,95,2,4,11
ellarfr01,2024,1,CHA,AL,2,3,25,0,0,0,1,72,18,10,3,12,26,0.212,3.75,3,5,1,0,101,2,12,0,3,1
ellarfr01,2025,1,CHA,AL,1,2,18,3,0,0,0,51,8,8,1,19,22,0.148,4.24,0,3,1,0,74,5,9,0,0,2
emanuke01,2024,1,MIA,NL,0,0,12,0,0,0,0,53,20,13,4,7,12,0.282,6.62,0,0,3,0,82,4,14,0,1,3
englema01,2023,1,DET,AL,4,3,31,1,0,0,0,168,67,34,12,17,41,0.291,5.46,0,2,2,0,253,7,39,2,2,4
englema01,2024,1,DET,AL,1,0,12,1,0,0,0,65,23,13,4,5,16,0.264,5.4,1,2,1,0,93,5,15,0,0,1
englema01,2025,1,TBA,AL,0,1,29,0,0,0,0,134,43,19,4,11,44,0.25,3.83,0,2,1,0,185,9,20,0,1,5
ennsdi01,2025,1,DET,AL,1,1,7,2,0,0,0,53,23,11,2,4,15,0.319,5.6,0,0,0,0,77,2,12,0,1,1
ennsdi01,2025,2,BAL,AL,2,2,17,1,0,0,2,86,27,10,4,11,34,0.243,3.14,4,1,0,0,123,3,13,1,0,2
enrigni01,2025,1,CLE,AL,2,1,27,0,0,0,1,93,24,7,3,12,30,0.212,2.03,0,0,2,1,127,8,8,0,0,1
eovalna01,2023,1,TEX,AL,12,5,25,25,2,1,0,432,117,58,15,47,132,0.225,3.63,0,2,6,0,577,0,59,1,2,19
eovalna01,2024,1,TEX,AL,12,8,29,29,0,0,0,512,147,72,23,42,166,0.229,3.8,0,3,7,0,696,0,74,0,5,10
eovalna01,2025,1,TEX,AL,11,3,22,22,1,1,0,390,90,25,10,21,129,0.194,1.73,1,6,7,0,496,0,28,2,2,14
erceglu01,2023,1,OAK,AL,4,4,50,0,0,0,0,165,51,29,1,36,68,0.245,4.75,1,5,6,0,251,4,33,0,1,7
erceglu01,2024,1,OAK,AL,2,3,38,0,0,0,3,110,31,15,3,13,41,0.225,3.68,2,4,5,0,156,4,17,0,0,4
erceglu01,2024,2,KCA,AL,0,3,23,0,0,0,11,75,18,8,0,3,31,0.194,2.88,0,1,1,1,97,12,9,0,0,0
erceglu01,2025,1,KCA,AL,8,4,61,0,0,0,2,184,54,18,4,18,48,0.238,2.64,3,3,4,0,249,10,19,0,0,7
escobed01,2023,2,LAA,AL,0,0,3,0,0,0,0,11,2,1,0,1,0,0.154,2.45,0,0,1,0,16,3,2,0,1,0
espadjo01,2023,1,SDN,NL,0,0,1,0,0,0,0,3,0,0,0,2,2,0,0,0,0,0,0,5,1,0,0,0,0
espadjo01,2025,1,BAL,AL,0,0,1,0,0,0,0,9,1,0,0,0,4,0.111,0,0,0,0,0,9,1,0,0,0,0
espinpa01,2023,1,WAS,NL,0,0,3,0,0,0,0,12,14,11,1,3,3,0.583,24.75,0,0,0,0,28,1,11,0,1,1
espinpa01,2024,1,TOR,AL,0,1,3,1,0,0,0,26,14,8,3,5,3,0.378,8.31,0,0,1,0,44,0,8,0,1,2
estesjo01,2023,1,OAK,AL,0,1,2,2,0,0,0,30,12,8,4,2,7,0.286,7.2,1,1,3,0,47,0,9,0,0,2
estesjo01,2024,1,OAK,AL,7,9,25,24,1,1,0,383,130,71,23,27,92,0.259,5.01,1,3,10,0,543,0,73,0,5,6
estesjo01,2025,1,ATH,AL,0,2,3,2,0,0,0,33,16,12,4,6,6,0.348,9.82,0,0,1,0,55,1,12,0,2,0
estevca01,2023,1,LAA,AL,5,5,63,0,0,0,31,187,62,27,7,31,78,0.254,3.9,5,1,5,0,281,49,34,1,0,3
estevca01,2024,1,LAA,AL,1,3,34,0,0,0,20,102,20,9,3,5,32,0.169,2.38,2,1,0,0,124,29,10,0,1,1
estevca01,2024,2,PHI,NL,3,2,20,0,0,0,6,63,18,6,2,7,18,0.225,2.57,2,2,1,0,88,18,8,0,0,1
estevca01,2025,1,KCA,AL,4,5,67,0,0,0,42,198,48,18,5,22,54,0.199,2.45,6,2,4,1,269,57,22,1,1,1
estraje01,2023,1,CHN,NL,0,0,12,0,0,0,0,32,12,8,4,12,13,0.279,6.75,1,0,0,0,56,5,8,0,1,0
estraje01,2024,1,SDN,NL,6,3,62,0,0,0,1,183,42,20,4,23,94,0.187,2.95,1,5,0,0,252,14,22,0,4,1
estraje01,2025,1,SDN,NL,4,5,77,0,0,0,3,219,58,28,12,27,108,0.216,3.45,2,3,3,0,304,7,31,2,3,2
estrala01,2025,1,TOR,AL,0,0,2,0,0,0,0,22,10,7,2,1,10,0.323,8.59,0,0,2,0,35,0,7,1,0,0
evanslo01,2025,1,SEA,AL,6,5,16,15,0,0,0,244,82,39,13,31,59,0.262,4.32,1,5,4,0,350,0,45,1,1,8
faedoal01,2023,1,DET,AL,2,5,15,12,0,0,0,194,48,32,12,20,58,0.2,4.45,0,3,1,0,262,2,35,0,1,3
faedoal01,2024,1,DET,AL,5,3,37,6,0,0,0,172,49,23,9,28,55,0.233,3.61,0,4,3,0,246,7,24,2,3,1
fairbpe01,2023,1,TBA,AL,2,4,49,0,0,0,25,136,26,13,3,20,68,0.164,2.58,0,6,4,0,184,37,14,1,0,3
fairbpe01,2024,1,TBA,AL,3,3,46,0,0,0,23,136,36,18,4,17,44,0.217,3.57,2,2,0,1,185,36,20,1,1,2
fairbpe01,2025,1,TBA,AL,4,5,61,0,0,0,27,181,45,19,7,18,59,0.201,2.83,0,2,1,0,244,48,22,1,0,3
falteba01,2023,1,PHI,NL,0,7,8,7,0,0,0,121,50,23,7,8,28,0.301,5.13,0,0,0,0,175,0,30,0,1,1
falteba01,2023,2,PIT,NL,2,2,10,7,0,0,0,121,44,25,10,12,32,0.275,5.58,0,0,0,0,172,1,25,0,0,4
falteba01,2024,1,PIT,NL,8,9,28,28,0,0,0,427,138,70,17,45,97,0.259,4.43,0,0,0,0,589,0,72,6,5,19
falteba01,2025,1,PIT,NL,7,5,22,22,0,0,0,340,95,47,17,39,70,0.232,3.73,0,4,1,0,457,0,53,3,4,14
falteba01,2025,2,KCA,AL,0,2,4,2,0,0,0,36,20,15,2,7,11,0.37,11.25,0,1,0,0,61,1,15,0,0,2
familje01,2023,1,OAK,AL,0,1,14,0,0,0,2,38,13,9,2,13,9,0.271,6.39,0,0,1,0,64,3,12,1,1,1
fariaja01,2023,1,BOS,AL,0,0,1,0,0,0,0,6,4,5,0,4,3,0.444,22.5,0,0,0,0,14,1,5,0,1,0
farmebu01,2023,1,CIN,NL,4,5,71,0,0,0,3,225,58,35,11,29,70,0.214,4.2,0,1,4,0,309,10,36,2,3,3
farmebu01,2024,1,CIN,NL,3,2,61,1,0,0,1,213,56,24,7,29,70,0.215,3.04,6,1,7,0,299,21,25,1,2,6
farmeky01,2024,1,MIN,AL,0,0,3,0,0,0,0,12,7,3,0,1,0,0.389,6.75,0,0,0,0,19,3,3,0,0,1
farmeky01,2025,1,COL,NL,0,0,1,0,0,0,0,3,3,1,1,0,0,0.6,9,0,0,0,0,5,1,1,0,0,1
farrimi01,2025,1,LAA,AL,1,3,5,5,0,0,0,73,24,18,4,11,24,0.261,6.66,0,1,1,0,107,0,19,0,3,0
fauchca01,2023,1,TBA,AL,1,1,17,4,0,0,0,77,31,20,4,12,25,0.29,7.01,0,4,1,0,120,3,20,0,0,2
fauchca01,2024,1,MIA,NL,2,3,53,0,0,0,6,161,49,19,0,26,63,0.246,3.19,3,5,4,0,235,18,25,2,4,4
fauchca01,2025,1,MIA,NL,4,4,65,0,0,0,15,181,53,22,8,24,59,0.236,3.28,0,2,3,0,255,29,27,0,3,4
feddeer01,2024,1,CHA,AL,7,4,21,21,0,0,0,365,105,42,14,34,108,0.227,3.11,0,2,2,1,502,0,43,1,3,6
feddeer01,2024,2,SLN,NL,2,5,10,10,0,0,0,167,49,23,6,18,46,0.246,3.72,0,1,3,0,224,0,23,0,4,6
feddeer01,2025,1,SLN,NL,3,10,20,20,1,1,0,305,106,59,14,47,63,0.27,5.22,1,2,2,0,446,0,62,3,2,12
feddeer01,2025,2,ATL,NL,1,2,5,4,0,0,0,70,30,21,3,13,13,0.316,8.1,0,0,1,0,111,0,21,1,1,3
feddeer01,2025,3,MIL,NL,0,1,7,0,0,0,0,48,11,6,2,7,7,0.186,3.38,0,0,0,0,66,1,7,0,0,0
feiglbr01,2024,1,PIT,NL,0,0,1,0,0,0,0,5,7,6,1,0,0,0.636,32.4,0,0,0,0,11,0,6,0,0,1
felipan01,2023,1,OAK,AL,1,1,14,0,0,0,0,45,6,7,0,13,19,0.12,4.2,0,1,1,0,64,5,7,0,0,1
feltnry01,2023,1,COL,NL,2,4,10,10,0,0,0,130,45,28,2,28,38,0.265,5.82,0,0,2,2,201,0,29,0,1,3
feltnry01,2024,1,COL,NL,3,10,30,30,0,0,0,487,165,81,20,52,138,0.263,4.49,0,4,7,0,692,0,94,1,4,18
feltnry01,2025,1,COL,NL,0,2,6,6,0,0,0,91,33,16,4,12,25,0.27,4.75,0,0,0,0,135,0,17,0,1,2
ferguca01,2023,1,LAN,NL,7,4,68,7,0,0,3,181,64,23,4,23,70,0.269,3.43,0,3,8,0,270,9,30,0,1,8
ferguca01,2024,1,NYA,AL,1,3,42,0,0,0,1,100,34,19,5,16,41,0.25,5.13,1,2,2,0,155,12,24,0,1,0
ferguca01,2024,2,HOU,AL,0,1,20,0,0,0,0,63,22,9,1,9,26,0.265,3.86,0,1,2,0,94,7,10,0,0,2
ferguca01,2025,1,PIT,NL,2,2,45,0,0,0,0,130,33,18,1,14,34,0.214,3.74,2,0,5,0,176,2,18,1,2,3
ferguca01,2025,2,SEA,AL,3,2,25,0,0,0,0,66,21,8,1,8,17,0.256,3.27,1,1,1,0,94,2,9,2,1,1
ferguty01,2024,1,OAK,AL,4,2,48,0,0,0,2,154,32,21,4,24,62,0.178,3.68,2,1,2,1,207,15,23,1,0,4
ferguty01,2025,1,ATH,AL,4,2,56,0,0,0,2,174,43,30,4,34,54,0.214,4.66,2,1,4,0,246,10,32,2,5,5
fermijo02,2025,1,LAA,AL,3,2,40,0,0,0,0,103,25,17,8,23,39,0.197,4.46,2,1,1,1,152,3,21,0,1,2
fernaju02,2025,1,LAN,NL,0,0,1,0,0,0,0,6,2,2,1,1,1,0.25,9,0,0,0,0,9,1,2,0,0,0
fernaju02,2025,2,WAS,NL,1,0,3,0,0,0,0,9,1,1,1,1,4,0.1,3,0,0,0,0,11,1,1,0,0,0
fernary01,2024,1,SLN,NL,1,6,62,0,0,0,2,200,58,26,4,32,71,0.236,3.51,5,0,2,0,285,16,30,2,3,6
fernary01,2025,1,SLN,NL,0,4,32,0,0,0,1,91,36,26,6,16,34,0.293,7.71,2,0,1,0,140,13,30,0,0,3
ferrejo01,2023,1,WAS,NL,3,0,39,0,0,0,0,102,37,19,4,13,25,0.289,5.03,2,0,1,0,142,6,19,0,0,7
ferrejo01,2024,1,WAS,NL,1,0,31,0,0,0,1,96,27,12,1,6,25,0.227,3.38,0,1,2,1,129,6,12,0,2,3
ferrejo01,2025,1,WAS,NL,4,4,72,0,0,0,11,229,81,38,5,16,71,0.276,4.48,1,6,7,0,324,18,41,5,2,12
festada01,2024,1,MIN,AL,2,6,14,13,0,0,0,193,62,35,9,23,77,0.247,4.9,0,2,2,1,277,0,36,0,1,3
festada01,2025,1,MIN,AL,3,4,11,10,0,0,0,160,49,32,10,19,53,0.24,5.4,0,1,4,0,229,0,35,1,1,1
festama01,2023,1,SEA,AL,0,0,8,0,0,0,0,27,4,4,1,12,13,0.129,4,0,1,0,0,43,4,4,0,0,0
festama01,2024,1,NYN,NL,0,1,1,0,0,0,0,3,4,4,0,1,1,0.571,36,1,0,0,0,8,1,5,0,0,0
festama01,2024,2,TEX,AL,6,0,18,0,0,0,0,68,17,11,2,7,23,0.205,4.37,0,0,1,0,92,3,13,0,1,0
festama01,2025,1,CLE,AL,5,4,63,0,0,0,0,164,44,25,4,15,56,0.221,4.12,2,1,5,1,226,5,29,4,3,1
feyerjo01,2024,1,LAN,NL,0,1,10,0,0,0,1,33,11,10,3,5,9,0.262,8.18,0,0,1,0,48,6,10,0,0,2
feyerjo01,2025,1,ARI,NL,0,1,2,0,0,0,0,6,3,2,1,0,2,0.333,9,0,0,0,0,9,2,3,0,0,0
feyerjo01,2025,2,LAN,NL,0,1,2,0,0,0,0,6,8,3,1,1,2,0.615,13.5,1,0,0,0,14,1,4,0,0,1
finneky01,2023,1,WAS,NL,7,5,67,0,0,0,28,208,66,29,11,24,63,0.254,3.76,1,0,1,0,288,46,33,2,1,11
finneky01,2024,1,WAS,NL,3,8,65,0,0,0,38,191,61,26,9,24,60,0.249,3.68,3,2,0,0,271,58,31,1,1,7
finneky01,2025,1,WAS,NL,1,4,40,0,0,0,20,117,36,19,3,14,32,0.248,4.38,2,5,1,0,163,34,21,1,2,1
finneky01,2025,2,DET,AL,3,0,16,0,0,0,4,54,9,3,1,4,23,0.15,1.5,0,1,0,0,66,4,3,1,1,2
fishebr02,2025,1,TOR,AL,7,0,52,1,0,0,0,150,32,15,4,19,62,0.181,2.7,1,0,3,0,202,12,15,1,2,3
fittsri01,2024,1,BOS,AL,0,1,4,4,0,0,0,62,19,4,0,7,9,0.25,1.74,0,1,0,0,85,0,6,2,0,2
fittsri01,2025,1,BOS,AL,2,4,11,10,0,0,0,135,43,25,11,16,40,0.249,5,0,1,3,1,195,0,27,1,2,5
fitzgry01,2025,1,MIN,AL,0,0,2,0,0,0,0,6,2,0,0,0,0,0.25,0,0,0,0,0,8,2,0,0,0,0
fitzgty01,2024,1,SFN,NL,0,0,3,0,0,0,0,9,6,3,0,0,0,0.429,9,0,0,0,0,14,3,3,0,0,1
flaheja01,2023,1,SLN,NL,7,6,20,20,0,0,0,329,116,54,10,54,106,0.278,4.43,0,6,8,0,485,0,56,0,5,16
flaheja01,2023,2,BAL,AL,1,3,9,7,0,0,0,104,46,26,7,12,42,0.311,6.75,2,2,4,0,165,0,27,0,1,3
flaheja01,2024,1,DET,AL,7,5,18,18,0,0,0,320,83,35,15,19,133,0.211,2.95,0,4,3,0,415,0,38,0,0,5
flaheja01,2024,2,LAN,NL,6,2,10,10,0,0,0,166,52,22,9,19,61,0.245,3.58,0,2,1,0,234,0,23,1,1,2
flaheja01,2025,1,DET,AL,8,15,31,31,0,0,0,483,147,83,23,59,188,0.239,4.64,1,4,5,0,681,0,85,2,1,11
flemijo01,2023,1,TBA,AL,2,0,12,3,0,0,0,155,56,27,9,19,25,0.281,4.7,2,2,0,0,221,2,29,0,3,10
flemijo01,2024,1,PIT,NL,1,1,25,3,0,0,1,94,34,14,3,14,17,0.276,4.02,0,1,1,0,138,9,18,0,0,7
flexech01,2023,1,SEA,AL,0,4,17,4,0,0,0,126,59,36,11,19,29,0.333,7.71,0,2,0,0,196,9,36,0,0,4
flexech01,2023,2,COL,NL,2,4,12,12,0,0,0,181,74,42,14,19,45,0.305,6.27,0,4,4,0,270,0,45,1,3,6
flexech01,2024,1,CHA,AL,3,15,33,30,0,0,0,480,180,88,24,63,123,0.283,4.95,1,4,2,2,707,0,95,4,3,12
flexech01,2025,1,CHN,NL,5,1,21,1,0,0,1,131,38,15,7,12,22,0.232,3.09,0,3,0,0,178,12,18,0,2,2
florody01,2023,1,MIA,NL,3,5,43,0,0,0,7,119,48,20,2,11,41,0.302,4.54,3,1,1,0,171,13,24,0,0,7
florody01,2023,2,MIN,AL,2,1,19,0,0,0,0,51,22,10,1,6,17,0.324,5.29,0,0,2,0,77,5,10,0,1,4
florody01,2024,1,WAS,NL,3,3,51,0,0,0,0,157,42,12,1,13,40,0.222,2.06,0,1,0,0,204,8,14,1,1,6
florody01,2024,2,ARI,NL,3,1,15,0,0,0,0,49,23,17,4,4,8,0.333,9.37,0,0,1,0,75,2,17,0,1,2
fluhama01,2025,1,TOR,AL,5,2,55,0,0,0,1,158,36,26,6,24,56,0.193,4.44,4,1,2,0,215,7,28,1,1,5
foleyja01,2023,1,DET,AL,3,3,70,0,0,0,7,207,65,20,2,15,55,0.251,2.61,2,2,1,0,276,18,21,0,1,14
foleyja01,2024,1,DET,AL,3,6,69,0,0,0,28,180,51,21,5,20,46,0.228,3.15,2,1,2,1,250,41,28,1,3,4
fordmi01,2023,1,SEA,AL,0,0,2,0,0,0,0,6,5,4,2,1,0,0.455,18,0,0,0,0,12,2,4,0,0,0
fostema01,2024,1,CHA,AL,0,1,6,1,0,0,0,20,5,2,1,5,4,0.2,2.7,0,0,0,0,30,1,2,0,0,0
francbo01,2023,1,TOR,AL,1,0,20,0,0,0,1,109,22,7,5,8,35,0.175,1.73,0,1,1,2,136,11,7,0,1,3
francbo01,2024,1,TOR,AL,8,5,27,13,0,0,0,311,74,38,17,22,92,0.196,3.3,0,0,7,1,408,7,41,1,1,9
francbo01,2025,1,TOR,AL,2,8,14,14,0,0,0,192,71,43,19,27,54,0.283,6.05,0,3,6,0,288,0,46,0,4,4
francjp01,2023,1,HOU,AL,11,6,24,23,0,0,0,409,138,58,19,47,101,0.263,3.83,0,6,2,0,581,0,64,1,7,17
francjp01,2024,1,HOU,AL,0,3,5,5,0,0,0,76,31,21,5,12,22,0.29,7.46,0,3,1,1,121,0,21,0,1,0
francjp01,2025,1,HOU,AL,1,0,2,0,0,0,0,12,2,1,0,2,5,0.143,2.25,0,0,0,0,16,1,1,0,0,0
freelky01,2023,1,COL,NL,6,14,29,29,0,0,0,467,187,87,29,42,94,0.3,5.03,0,2,1,0,677,0,96,4,6,18
freelky01,2024,1,COL,NL,5,8,21,21,0,0,0,340,134,66,22,26,85,0.291,5.24,0,1,1,0,490,0,73,1,2,8
freelky01,2025,1,COL,NL,5,17,31,31,0,0,0,488,193,90,22,38,124,0.294,4.98,2,2,6,0,709,0,105,1,7,16
freemca01,2025,1,CHA,AL,0,0,5,0,0,0,0,10,5,2,1,1,3,0.357,5.4,0,0,0,0,16,3,2,1,0,0
friaslu01,2023,1,ARI,NL,1,0,29,0,0,0,0,93,30,14,3,17,26,0.25,4.06,0,1,2,0,139,7,14,0,0,3
friaslu01,2024,1,ARI,NL,0,1,7,0,0,0,0,19,11,7,1,4,7,0.423,9.95,0,1,0,0,31,4,8,0,1,3
friaslu01,2024,2,TOR,AL,0,0,4,0,0,0,0,10,8,8,1,3,5,0.421,21.6,0,1,0,0,22,1,8,0,0,0
friedma01,2023,1,ATL,NL,8,1,14,14,1,1,0,233,70,22,7,18,80,0.242,2.55,0,3,2,0,311,0,24,1,1,9
friedma01,2024,1,ATL,NL,11,10,29,29,2,1,0,523,146,63,13,57,166,0.226,3.25,0,6,7,0,714,0,71,0,4,20
friedma01,2025,1,NYA,AL,19,5,32,32,0,0,0,586,164,62,14,51,189,0.223,2.86,0,8,10,1,801,0,73,1,2,12
fryda01,2023,1,CLE,AL,0,0,2,0,0,0,0,15,10,7,3,1,0,0.4,12.6,0,0,0,0,26,2,7,0,0,0
fuentdi01,2025,1,ATL,NL,0,3,4,4,0,0,0,39,23,20,6,6,12,0.383,13.85,0,1,2,0,69,0,20,0,1,1
fujinsh01,2023,1,OAK,AL,5,8,34,7,0,0,0,148,52,47,6,30,51,0.269,8.57,1,4,5,0,231,9,48,0,3,3
fujinsh01,2023,2,BAL,AL,2,0,30,0,0,0,2,89,21,16,3,15,32,0.193,4.85,0,4,2,0,126,10,17,0,0,3
fulmeca01,2023,1,LAA,AL,1,1,3,1,0,0,0,30,6,3,1,4,6,0.176,2.7,0,1,1,1,39,1,3,0,0,1
fulmeca01,2024,1,LAA,AL,0,5,37,8,0,0,0,260,81,40,11,40,81,0.245,4.15,4,5,5,2,379,16,45,1,3,8
fulmeca01,2025,1,LAA,AL,0,0,13,0,0,0,0,88,25,19,5,11,26,0.227,5.83,0,2,0,0,123,11,19,1,1,1
fulmemi01,2023,1,CHN,NL,3,5,58,1,0,0,2,171,48,28,7,28,65,0.235,4.42,0,5,2,0,237,14,29,0,3,8
fulmemi01,2025,1,BOS,AL,0,0,1,0,0,0,0,8,4,3,1,2,2,0.364,10.13,0,0,0,0,13,0,3,0,0,1
fulmemi01,2025,2,CHN,NL,0,0,2,0,0,0,0,9,2,0,0,0,1,0.2,0,0,0,0,0,10,0,0,0,0,1
fundeko01,2023,1,MIN,AL,2,0,11,0,0,0,0,36,6,1,1,5,19,0.146,0.75,0,0,1,0,47,4,1,0,0,0
fundeko01,2024,1,MIN,AL,1,0,27,0,0,0,1,104,41,25,4,15,32,0.301,6.49,0,4,5,1,161,6,26,1,4,5
fundeko01,2025,1,MIN,AL,4,1,39,0,0,0,1,123,44,16,2,18,40,0.275,3.51,1,5,3,1,183,11,17,0,2,3
gaddihu01,2023,1,CLE,AL,2,1,11,7,0,0,0,126,41,21,6,14,24,0.255,4.5,0,1,4,0,182,3,21,0,3,1
gaddihu01,2024,1,CLE,AL,6,3,78,0,0,0,0,224,43,13,4,14,66,0.166,1.57,1,2,4,0,278,8,16,0,1,4
gaddihu01,2025,1,CLE,AL,2,2,73,0,0,0,3,200,58,23,8,21,73,0.234,3.11,2,2,1,0,274,8,24,2,2,2
gagema01,2023,1,HOU,AL,0,0,5,0,0,0,0,20,6,2,1,3,8,0.261,2.7,0,0,0,1,27,2,2,1,0,2
gagema01,2025,1,DET,AL,0,0,6,0,0,0,0,17,7,0,0,2,3,0.304,0,0,0,0,0,25,2,0,0,0,1
gagema01,2025,2,SFN,NL,0,1,27,2,0,0,0,76,28,11,0,10,24,0.283,3.91,1,3,2,0,112,2,11,1,0,3
gallegi01,2023,1,SLN,NL,2,4,56,0,0,0,10,165,54,27,11,12,59,0.252,4.42,0,3,0,1,229,16,28,2,1,2
gallegi01,2024,1,SLN,NL,2,1,21,0,0,0,1,62,24,15,6,10,21,0.286,6.53,0,1,0,0,94,6,15,0,0,3
galleza01,2023,1,ARI,NL,17,9,34,34,1,1,0,630,188,81,22,47,220,0.238,3.47,0,8,5,1,846,0,87,0,4,17
galleza01,2024,1,ARI,NL,14,6,28,28,0,0,0,444,133,60,13,54,156,0.237,3.65,0,5,4,0,621,0,62,0,2,14
galleza01,2025,1,ARI,NL,13,15,33,33,0,0,0,576,176,103,31,66,175,0.239,4.83,1,2,4,0,813,0,109,2,4,13
garabge01,2024,1,TEX,AL,0,2,18,2,0,0,0,79,23,14,4,12,22,0.24,4.78,0,1,4,0,115,10,15,1,2,3
garabge01,2025,1,TEX,AL,0,0,3,0,0,0,0,24,15,8,1,1,8,0.395,9,0,0,2,0,41,1,12,0,0,2
garcibr02,2025,1,SEA,AL,0,0,2,0,0,0,0,6,4,1,0,3,1,0.5,4.5,0,1,0,0,11,1,2,0,0,1
garcibr02,2025,2,ARI,NL,0,2,12,0,0,0,0,37,14,8,0,5,13,0.286,5.84,0,0,1,0,55,1,10,0,0,2
garcide01,2023,1,NYA,AL,0,0,2,0,0,0,1,17,4,1,1,4,3,0.2,1.59,0,0,0,0,25,1,1,0,1,0
garcide01,2023,2,CHA,AL,0,1,6,0,0,0,0,28,5,3,1,8,7,0.156,2.89,0,0,1,0,42,0,8,0,1,1
garcide01,2024,1,CHA,AL,1,2,14,0,0,0,1,42,16,11,2,11,15,0.286,7.07,1,4,0,0,68,3,16,0,1,0
garcilu03,2023,1,SDN,NL,2,3,61,0,0,0,0,179,59,27,6,24,53,0.252,4.07,1,4,6,0,267,26,30,2,1,4
garcilu03,2024,1,LAA,AL,5,1,45,0,0,0,4,131,37,18,4,14,40,0.226,3.71,1,5,3,0,182,8,21,0,1,4
garcilu03,2024,2,BOS,AL,0,0,15,0,0,0,0,46,24,14,4,1,13,0.338,8.22,1,0,0,0,72,2,15,0,0,0
garcilu03,2025,1,LAN,NL,2,0,28,0,0,0,0,82,34,16,1,16,24,0.312,5.27,4,6,0,0,126,12,17,1,0,5
garcilu03,2025,2,WAS,NL,0,0,10,0,0,0,0,30,5,1,1,2,7,0.167,0.9,0,1,0,0,33,1,1,1,0,4
garcilu03,2025,3,LAA,AL,0,2,20,0,0,0,2,54,16,4,0,8,17,0.25,2,1,2,0,0,74,2,5,0,2,5
garcilu05,2023,1,HOU,AL,2,2,6,6,0,0,0,81,25,12,3,10,31,0.243,4,0,0,1,1,115,0,12,1,0,0
garcilu05,2025,1,HOU,AL,1,0,2,2,0,0,0,23,3,3,2,1,7,0.115,3.52,0,0,1,0,28,0,3,0,0,0
garciri01,2023,1,OAK,AL,0,0,7,0,0,0,0,26,13,8,4,5,6,0.342,8.31,0,0,0,0,44,1,8,0,1,0
garciri01,2023,2,WAS,NL,0,0,3,0,0,0,0,9,6,4,1,1,4,0.4,12,0,1,0,0,16,0,4,0,0,0
garciri01,2025,1,NYN,NL,0,0,8,0,0,0,0,38,7,3,1,2,16,0.159,2.13,0,1,0,0,47,4,3,0,1,0
garciri01,2025,2,NYA,AL,0,0,1,0,0,0,0,8,3,3,1,2,2,0.273,10.13,0,0,0,0,13,0,3,0,0,0
garciri01,2025,3,BAL,AL,0,2,20,1,0,0,0,57,21,6,3,6,20,0.276,2.84,1,1,0,0,82,3,6,0,0,2
garciro04,2023,1,MIA,NL,0,0,1,0,0,0,0,1,1,0,0,1,0,0.5,0,0,0,0,0,3,0,0,0,0,0
garciro04,2023,2,WAS,NL,2,2,24,0,0,0,0,95,25,13,3,11,33,0.229,3.69,2,2,0,0,124,3,16,2,1,4
garciro04,2024,1,WAS,NL,3,6,72,0,0,0,0,179,55,28,4,16,75,0.237,4.22,1,4,1,0,251,6,34,1,1,3
garciro04,2025,1,TEX,AL,4,8,71,0,0,0,9,192,58,21,8,22,68,0.24,2.95,2,1,1,1,269,25,26,3,1,5
garciyi01,2023,1,TOR,AL,3,4,73,0,0,0,3,198,67,30,8,15,79,0.261,4.09,1,0,6,0,282,16,35,3,1,6
garciyi01,2024,1,TOR,AL,3,0,29,0,0,0,5,90,16,9,3,8,42,0.154,2.7,3,1,2,0,115,8,9,1,0,0
garciyi01,2024,2,SEA,AL,0,0,10,0,0,0,0,27,7,6,3,4,7,0.206,6,0,0,0,0,38,0,6,0,0,0
garciyi01,2025,1,TOR,AL,1,2,22,0,0,0,3,63,13,9,2,12,25,0.171,3.86,1,2,1,0,90,4,10,1,0,0
garream01,2023,1,KCA,AL,0,1,27,0,0,0,0,73,22,9,4,20,28,0.244,3.33,0,1,0,0,112,3,11,1,1,3
garream01,2024,1,LAA,AL,0,0,6,0,0,0,0,16,4,3,1,5,11,0.211,5.06,0,0,0,0,24,1,3,0,0,0
garrebr01,2023,1,MIA,NL,9,7,31,30,0,0,0,479,154,65,20,29,156,0.25,3.66,0,4,11,0,659,1,68,0,2,12
garrebr01,2024,1,MIA,NL,2,2,7,7,1,1,0,111,40,22,5,4,34,0.263,5.35,0,1,5,0,161,0,24,0,0,2
garrere01,2023,1,BAL,AL,0,0,2,0,0,0,0,8,7,3,0,1,0,0.467,10.13,0,0,0,0,16,1,3,0,0,0
garrere01,2023,2,NYN,NL,1,0,9,0,0,0,0,51,15,11,3,6,16,0.238,5.82,0,0,1,0,71,2,11,0,1,1
garrere01,2024,1,NYN,NL,8,5,53,0,0,0,4,172,50,24,6,30,83,0.236,3.77,1,3,2,0,247,13,28,1,2,4
garrere01,2025,1,NYN,NL,3,6,58,1,0,0,3,166,47,24,5,26,64,0.223,3.9,2,3,1,0,238,8,27,0,0,2
garzaju01,2023,1,BOS,AL,0,2,17,1,0,0,0,55,22,15,3,12,17,0.286,7.36,1,2,1,1,91,8,17,0,1,0
garzaju01,2025,1,NYN,NL,0,0,5,0,0,0,0,20,8,4,1,1,3,0.296,5.4,0,1,0,0,28,4,4,0,0,1
gassero01,2024,1,MIL,NL,2,0,5,5,0,0,0,84,28,8,2,1,16,0.264,2.57,0,0,3,0,114,0,9,1,3,3
gassero01,2025,1,MIL,NL,0,2,2,2,0,0,0,17,5,2,1,4,5,0.217,3.18,0,0,2,0,29,0,6,0,0,0
gausmke01,2023,1,TOR,AL,12,9,31,31,0,0,0,555,163,65,19,55,237,0.233,3.16,0,3,3,2,763,0,72,2,1,9
gausmke01,2024,1,TOR,AL,14,11,31,31,2,1,0,543,165,77,20,56,162,0.238,3.83,0,3,2,2,756,0,86,1,3,10
gausmke01,2025,1,TOR,AL,10,11,32,32,1,1,0,579,155,77,21,50,189,0.216,3.59,2,1,3,2,775,0,79,1,3,8
gerbejo01,2025,1,TBA,AL,0,0,2,0,0,0,0,13,3,1,1,0,4,0.2,2.08,0,0,0,0,15,1,1,0,0,1
germado01,2023,1,NYA,AL,5,7,20,19,1,1,0,326,83,55,20,34,114,0.207,4.56,0,2,6,0,444,1,61,0,3,6
germado01,2024,1,PIT,NL,0,1,7,2,0,0,0,62,25,18,4,13,18,0.294,7.84,1,2,2,1,100,3,19,0,0,2
gervapa01,2025,1,TBA,AL,0,0,5,0,0,0,0,19,6,3,3,5,6,0.24,4.26,0,0,0,0,30,1,3,0,0,0
gervapa01,2025,2,LAN,NL,0,0,1,0,0,0,0,6,2,1,0,1,2,0.25,4.5,0,0,0,0,9,0,1,0,0,0
gibauia01,2023,1,CIN,NL,8,4,74,0,0,0,3,227,69,28,8,28,69,0.245,3.33,4,0,4,0,318,15,33,1,2,4
gibauia01,2024,1,CIN,NL,0,0,2,0,0,0,0,6,3,1,0,1,1,0.333,4.5,0,0,0,0,10,0,1,0,0,0
gibauia01,2025,1,CIN,NL,0,1,25,0,0,0,0,76,26,13,3,8,15,0.26,4.62,0,0,0,0,109,5,13,0,1,0
gibsoca01,2025,1,MIA,NL,4,5,44,1,0,0,0,164,44,16,3,21,43,0.219,2.63,3,6,6,0,230,10,18,1,1,3
gibsoky01,2023,1,BAL,AL,15,9,33,33,0,0,0,576,198,101,23,55,157,0.27,4.73,0,8,6,0,807,0,101,3,11,24
gibsoky01,2024,1,SLN,NL,8,8,30,30,0,0,0,509,161,80,23,68,151,0.251,4.24,1,5,4,0,722,0,91,3,6,21
gibsoky01,2025,1,BAL,AL,0,3,4,4,0,0,0,37,29,23,7,7,10,0.453,16.78,0,1,0,0,73,0,23,0,2,0
gilbelo01,2023,1,SEA,AL,13,7,32,32,1,1,0,572,169,79,29,36,189,0.233,3.73,1,6,2,0,770,0,82,3,5,9
gilbelo01,2024,1,SEA,AL,9,12,33,33,1,0,0,626,148,75,26,37,220,0.196,3.23,1,11,4,0,803,0,83,2,4,16
gilbelo01,2025,1,SEA,AL,6,6,25,25,0,0,0,393,104,50,20,31,173,0.211,3.44,0,10,7,0,535,0,53,2,1,1
gilbety01,2023,1,ARI,NL,0,2,11,0,0,0,0,52,21,10,2,5,19,0.313,5.19,0,1,0,0,72,1,10,0,0,1
gilbety01,2024,1,PHI,NL,0,0,6,0,0,0,0,25,10,3,1,2,4,0.286,3.24,0,1,1,0,38,2,3,0,0,0
gilbety01,2025,1,CHA,AL,4,2,46,5,0,0,1,153,40,22,5,24,49,0.215,3.88,3,2,2,0,215,7,24,2,1,3
gilbrlu01,2024,1,COL,NL,0,0,3,0,0,0,0,3,7,6,1,1,0,0.7,54,0,0,1,0,12,0,6,0,0,0
gilbrlu01,2025,1,COL,NL,0,0,1,0,0,0,0,3,1,1,1,0,2,0.25,9,0,0,0,0,4,1,1,0,0,0
gillalo01,2023,1,BAL,AL,0,1,11,0,0,0,0,27,14,6,2,5,8,0.35,6,0,1,1,0,46,3,7,0,0,1
gillalo01,2024,1,SDN,NL,0,0,9,0,0,0,0,34,15,9,2,0,7,0.319,7.15,0,0,1,0,49,4,9,0,1,1
gillalo01,2025,1,SDN,NL,0,0,3,0,0,0,0,21,7,2,1,4,4,0.269,2.57,0,0,1,2,31,0,2,0,0,1
gillico01,2024,1,CLE,AL,0,0,3,0,0,0,0,24,4,2,0,5,8,0.154,2.25,0,1,0,0,32,2,2,0,1,0
gillico01,2025,1,MIA,NL,0,3,6,6,0,0,0,78,32,25,6,11,23,0.294,8.65,0,1,1,0,123,0,26,0,2,0
gillu01,2024,1,NYA,AL,15,7,29,29,0,0,0,455,104,59,18,77,171,0.189,3.5,0,6,8,2,637,0,60,0,1,4
gillu01,2025,1,NYA,AL,4,1,11,11,0,0,0,171,47,21,5,33,41,0.226,3.32,0,4,1,2,244,0,23,0,2,4
ginkeke01,2023,1,ARI,NL,9,1,60,0,0,0,4,196,41,18,3,23,70,0.181,2.48,1,5,2,1,254,19,24,0,3,6
ginkeke01,2024,1,ARI,NL,8,3,72,0,0,0,5,210,69,25,6,15,77,0.256,3.21,0,4,3,0,291,16,31,1,2,5
ginkeke01,2025,1,ARI,NL,1,4,29,0,0,0,3,77,29,21,2,13,29,0.284,7.36,0,1,2,0,121,9,22,0,4,2
ginnjt01,2024,1,OAK,AL,1,1,8,6,0,0,0,102,36,16,4,9,29,0.275,4.24,1,0,2,0,142,1,16,0,0,5
ginnjt01,2025,1,ATH,AL,4,7,23,16,0,0,0,271,92,51,17,31,99,0.26,5.08,1,1,6,0,392,0,52,0,1,8
giolilu01,2023,1,CHA,AL,6,6,21,21,0,0,0,363,106,51,20,42,131,0.232,3.79,0,2,6,0,507,0,55,0,3,4
giolilu01,2023,2,LAA,AL,1,5,6,6,0,0,0,98,33,25,10,15,34,0.258,6.89,2,0,3,0,149,0,28,0,2,2
giolilu01,2023,3,CLE,AL,1,4,6,6,0,0,0,92,30,24,11,16,39,0.248,7.04,0,3,0,0,138,0,27,0,1,0
giolilu01,2025,1,BOS,AL,10,4,26,26,0,0,0,435,131,55,17,56,121,0.239,3.41,0,4,1,0,613,0,62,2,5,8
gipsosa01,2023,1,DET,AL,1,0,4,4,0,0,0,60,14,6,2,8,26,0.189,2.7,0,0,0,0,82,0,7,0,0,1
gipsosa01,2025,1,DET,AL,0,2,8,3,0,0,0,94,34,25,8,6,26,0.281,7.18,0,3,2,0,133,0,26,0,4,2
givenmy01,2023,1,BAL,AL,0,1,6,0,0,0,0,12,4,5,0,6,2,0.286,11.25,1,1,1,0,22,0,6,0,1,1
glasnty01,2023,1,TBA,AL,10,7,21,21,0,0,0,360,93,47,13,37,162,0.209,3.53,0,11,1,0,485,0,52,0,3,7
glasnty01,2024,1,LAN,NL,9,6,22,22,0,0,0,402,92,52,15,35,168,0.189,3.49,0,12,0,1,522,0,53,0,1,10
glasnty01,2025,1,LAN,NL,4,3,18,18,0,0,0,271,56,32,10,43,106,0.177,3.19,0,5,3,2,366,0,33,0,4,7
gombeau01,2023,1,COL,NL,9,9,27,27,0,0,0,417,164,85,26,43,87,0.297,5.5,1,5,3,0,603,0,88,4,1,18
gombeau01,2024,1,COL,NL,5,12,30,30,0,0,0,495,178,87,30,38,116,0.273,4.75,0,3,1,0,696,0,89,0,4,9
gombeau01,2025,1,COL,NL,0,7,12,12,0,0,0,173,82,48,16,17,34,0.325,7.49,0,4,1,0,272,0,51,1,1,2
gomezyo01,2023,1,NYA,AL,0,0,1,0,0,0,0,6,1,0,0,0,4,0.143,0,0,0,1,0,8,1,0,0,0,0
gomezyo01,2024,1,NYA,AL,0,0,5,0,0,0,0,34,11,5,2,7,10,0.25,3.97,0,1,1,0,54,3,5,0,2,0
gomezyo01,2025,1,NYA,AL,1,1,6,0,0,0,0,30,5,3,1,9,5,0.143,2.7,0,0,0,0,44,3,4,0,0,0
gomezyo01,2025,2,LAN,NL,0,0,3,0,0,0,1,13,10,7,2,2,6,0.435,14.54,0,0,0,0,25,2,7,0,0,1
gomezyo01,2025,3,CHA,AL,2,2,12,9,0,0,0,145,45,26,9,16,47,0.242,4.84,0,2,4,0,208,3,29,0,2,3
gonsoto01,2023,1,LAN,NL,8,5,20,20,0,0,0,309,86,57,19,40,82,0.226,4.98,1,2,7,0,435,0,61,2,5,8
gonsoto01,2025,1,LAN,NL,3,2,7,7,0,0,0,108,33,20,9,18,38,0.244,5,0,1,3,0,157,0,21,1,0,3
gonzach01,2023,1,MIA,NL,0,0,3,0,0,0,0,11,7,3,1,1,3,0.389,7.36,0,0,0,0,19,2,3,0,0,0
gonzama02,2023,1,SEA,AL,4,1,10,10,0,0,0,150,55,29,5,18,34,0.282,5.22,0,0,0,0,215,0,32,0,2,7
gonzama02,2024,1,PIT,NL,1,1,7,7,0,0,0,101,43,17,5,11,23,0.312,4.54,0,0,0,0,151,0,17,1,1,4
gonzavi02,2023,1,LAN,NL,3,3,34,1,0,0,0,101,27,15,2,10,30,0.223,4.01,1,1,3,0,135,7,15,0,1,5
gonzavi02,2024,1,NYA,AL,2,1,27,0,0,0,2,70,13,10,3,13,11,0.16,3.86,0,0,3,0,97,8,12,0,0,2
gonzawi02,2025,1,CHA,AL,1,0,16,0,0,0,0,61,13,6,1,12,25,0.178,2.66,0,0,0,0,87,6,9,1,1,1
gordoco01,2025,1,HOU,AL,6,4,20,14,0,0,1,258,103,51,21,19,72,0.293,5.34,2,3,2,1,379,2,54,2,4,3
gordota01,2024,1,COL,NL,0,6,8,8,0,0,0,103,53,33,10,6,26,0.353,8.65,0,0,2,0,160,0,34,1,1,3
gordota01,2025,1,COL,NL,6,8,15,15,0,0,0,226,96,53,16,17,62,0.304,6.33,0,1,3,1,337,0,60,0,1,5
gorema01,2023,1,WAS,NL,7,10,27,27,0,0,0,409,134,67,27,57,151,0.258,4.42,0,6,1,0,582,0,71,1,4,16
gorema01,2024,1,WAS,NL,10,12,32,32,0,0,0,499,171,72,15,65,181,0.263,3.9,0,14,11,0,731,0,93,1,4,21
gorema01,2025,1,WAS,NL,5,15,30,30,0,0,0,479,152,74,20,64,185,0.252,4.17,0,12,5,0,680,0,75,2,7,8
gosean01,2024,1,CLE,AL,0,0,3,0,0,0,0,13,9,5,2,1,4,0.429,10.38,0,1,0,0,22,3,5,0,0,0
gotttr01,2023,1,SEA,AL,0,3,30,0,0,0,0,87,33,13,2,8,32,0.277,4.03,1,0,2,0,129,4,19,0,0,2
gotttr01,2023,2,NYN,NL,0,2,34,0,0,0,1,87,30,14,2,11,30,0.256,4.34,2,0,2,0,132,9,15,1,1,0
gracego01,2024,1,SLN,NL,0,1,2,1,0,0,0,23,7,4,1,2,6,0.25,4.7,0,0,0,0,31,1,4,0,1,1
gracego01,2025,1,SLN,NL,3,1,26,0,0,0,1,129,50,30,2,13,40,0.286,6.28,0,2,2,0,193,9,33,0,3,2
granian01,2025,1,SLN,NL,1,0,14,0,0,0,1,63,22,11,3,7,18,0.278,4.71,0,2,1,0,91,6,11,1,3,1
gratebr01,2023,1,LAN,NL,4,2,68,1,0,0,7,202,53,9,3,12,48,0.221,1.2,1,2,2,0,257,19,14,0,2,11
gratebr01,2024,1,LAN,NL,0,0,7,0,0,0,0,22,3,2,0,2,7,0.12,2.45,0,0,0,0,27,2,2,0,0,0
graveke01,2023,1,CHA,AL,3,4,45,0,0,0,8,132,33,17,6,20,42,0.208,3.48,0,2,5,0,186,22,20,0,1,8
graveke01,2023,2,HOU,AL,2,2,23,0,0,0,0,67,18,6,3,16,24,0.228,2.42,0,1,0,1,96,4,7,1,0,4
graveke01,2025,1,ARI,NL,1,0,19,0,0,0,0,53,23,14,2,12,9,0.333,7.13,0,0,1,0,82,4,14,0,0,4
grayjo02,2023,1,TEX,AL,9,8,29,29,1,0,0,472,149,72,22,54,142,0.256,4.12,1,4,9,0,656,0,75,4,7,13
grayjo02,2024,1,TEX,AL,5,6,23,19,0,0,0,308,107,51,11,28,86,0.262,4.47,1,1,0,0,439,2,54,1,2,2
grayjo02,2025,1,TEX,AL,1,1,6,0,0,0,0,42,15,12,5,6,12,0.263,7.71,0,0,0,0,63,0,12,0,0,0
grayjo03,2023,1,WAS,NL,8,13,30,30,0,0,0,477,152,69,22,80,143,0.251,3.91,1,9,9,0,698,0,72,0,4,13
grayjo03,2024,1,WAS,NL,0,2,2,2,0,0,0,25,15,13,2,5,9,0.405,14.04,0,0,0,0,44,0,13,0,2,1
grayso01,2023,1,MIN,AL,8,8,32,32,0,0,0,552,156,57,8,55,183,0.226,2.79,0,6,6,1,754,0,59,1,3,13
grayso01,2024,1,SLN,NL,13,9,28,28,0,0,0,499,142,71,21,39,203,0.228,3.84,0,7,3,1,671,0,79,2,3,13
grayso01,2025,1,SLN,NL,14,8,32,32,1,1,0,542,185,86,25,38,201,0.261,4.28,0,2,3,0,753,0,93,1,3,9
greench03,2023,1,TOR,AL,3,0,12,0,0,0,0,36,12,7,1,4,16,0.25,5.25,1,0,0,0,52,2,10,0,0,1
greench03,2024,1,TOR,AL,4,6,53,0,0,0,17,160,41,19,8,14,46,0.216,3.21,3,1,2,0,210,34,20,0,4,5
greench03,2025,1,TOR,AL,3,2,45,0,0,0,1,131,51,27,14,13,35,0.291,5.56,2,0,2,0,190,14,28,0,0,1
greenhu01,2023,1,CIN,NL,4,7,22,22,0,0,0,336,111,60,19,48,152,0.253,4.82,0,5,8,0,498,0,65,2,2,4
greenhu01,2024,1,CIN,NL,9,5,26,26,0,0,0,451,96,46,12,57,169,0.183,2.75,0,7,19,1,611,0,47,3,6,5
greenhu01,2025,1,CIN,NL,7,4,19,19,1,1,0,323,75,33,15,26,132,0.192,2.76,0,5,2,0,420,0,35,1,0,2
greensh02,2023,1,CHN,NL,0,0,2,0,0,0,0,9,2,0,0,2,3,0.2,0,0,0,0,0,12,2,0,0,0,1
greinza01,2023,1,KCA,AL,2,15,30,27,0,0,0,427,158,80,25,23,97,0.282,5.06,0,2,4,1,593,0,82,0,5,13
grovemi01,2023,1,LAN,NL,2,3,18,12,0,0,0,207,83,47,12,19,73,0.296,6.13,0,3,3,0,302,1,47,0,0,5
grovemi01,2024,1,LAN,NL,4,4,39,2,0,0,0,153,46,29,6,16,54,0.24,5.12,0,2,6,0,216,7,31,0,2,3
guentse01,2024,1,DET,AL,3,0,17,0,0,0,0,63,9,2,0,2,12,0.13,0.86,0,0,2,0,73,4,2,0,0,3
guentse01,2025,1,DET,AL,0,1,9,1,0,0,0,31,10,6,0,5,8,0.263,5.23,0,0,0,0,43,0,7,0,0,3
guerrja02,2023,1,MIL,NL,0,0,8,0,0,0,0,25,10,8,1,9,5,0.303,8.64,2,2,2,0,45,6,8,0,1,1
guerrja02,2023,2,TBA,AL,0,0,9,2,0,0,0,33,7,5,1,13,9,0.179,4.09,1,0,0,0,52,5,5,0,0,1
guerrlu01,2024,1,BOS,AL,0,0,9,0,0,0,0,30,6,0,0,2,9,0.182,0,0,0,0,0,36,2,1,0,1,1
guerrlu01,2025,1,BOS,AL,0,1,13,0,0,0,0,52,9,8,0,14,10,0.158,4.15,0,0,0,0,72,6,8,0,1,2
guilllu01,2023,1,NYN,NL,0,0,1,0,0,0,0,3,1,0,0,0,0,0.25,0,0,0,0,0,4,1,0,0,0,0
guilllu01,2024,1,ATL,NL,0,0,1,0,0,0,0,3,3,4,1,1,0,0.5,36,0,0,0,0,7,1,4,0,0,0
guilllu01,2024,2,LAA,AL,0,0,2,0,0,0,0,6,1,0,0,1,0,0.143,0,0,0,0,0,8,2,0,0,0,0
gustory01,2025,1,HOU,AL,7,4,24,14,0,0,0,258,95,47,13,28,87,0.276,4.92,0,0,3,0,379,2,50,1,3,8
gustory01,2025,2,MIA,NL,0,3,3,3,0,0,0,47,19,17,4,8,10,0.302,9.77,0,0,2,0,74,0,17,0,1,2
gutievl01,2024,1,MIA,NL,0,0,1,0,0,0,0,12,3,3,1,2,4,0.2,6.75,0,0,0,0,17,0,3,0,0,0
haderjo01,2023,1,SDN,NL,2,3,61,0,0,0,33,169,32,8,3,30,85,0.163,1.28,2,3,3,0,231,52,11,2,0,3
haderjo01,2024,1,HOU,AL,8,8,71,0,0,0,34,213,43,30,12,25,105,0.171,3.8,0,4,1,2,278,62,33,0,1,5
haderjo01,2025,1,HOU,AL,6,2,48,0,0,0,28,158,29,12,8,16,76,0.157,2.05,1,2,2,0,206,41,16,2,1,0
hagenju01,2025,1,NYN,NL,0,1,9,1,0,0,1,71,24,12,4,2,23,0.25,4.56,0,0,1,0,99,6,13,0,0,0
hahnje01,2025,1,SEA,AL,0,1,3,0,0,0,0,15,6,3,1,5,3,0.333,5.4,3,0,1,1,25,2,4,1,0,2
halldl01,2023,1,BAL,AL,3,0,18,0,0,0,0,58,18,7,2,5,23,0.237,3.26,0,1,0,1,81,3,8,0,0,1
halldl01,2024,1,MIL,NL,1,2,13,7,0,0,0,129,48,24,6,21,44,0.281,5.02,0,1,4,0,197,2,26,0,1,4
halldl01,2025,1,MIL,NL,1,0,20,3,0,0,0,116,24,15,2,17,27,0.174,3.49,0,0,0,0,155,2,15,0,0,2
halvose01,2024,1,COL,NL,2,1,12,0,0,0,2,37,8,2,2,2,13,0.186,1.46,0,0,1,1,46,8,3,0,0,1
halvose01,2025,1,COL,NL,1,2,42,0,0,0,11,119,41,22,7,21,36,0.273,4.99,1,3,0,0,173,23,26,1,1,7
hameldo01,2025,1,NYN,NL,0,0,1,0,0,0,0,3,3,0,0,0,0,0.6,0,0,0,1,0,6,0,0,0,0,0
hamilia01,2023,1,NYA,AL,3,2,39,3,0,0,2,174,45,17,2,26,69,0.215,2.64,1,1,3,0,239,6,19,0,1,6
hamilia01,2024,1,NYA,AL,0,1,35,0,0,0,1,113,37,16,2,14,41,0.261,3.82,0,0,3,0,163,5,17,0,4,2
hamilia01,2025,1,NYA,AL,2,1,36,1,0,0,0,120,28,19,5,22,42,0.2,4.28,1,2,1,0,166,5,20,2,1,5
hampsga01,2024,1,KCA,AL,0,0,1,0,0,0,0,3,0,0,0,0,0,0,0,0,0,1,0,4,1,0,0,0,0
hampsga01,2025,3,SLN,NL,0,0,1,0,0,0,0,3,0,0,0,0,0,0,0,0,0,0,0,3,1,0,0,0,0
hancoem01,2023,1,SEA,AL,0,0,3,3,0,0,0,36,13,6,1,3,6,0.283,4.5,0,0,0,0,49,0,6,0,0,2
hancoem01,2024,1,SEA,AL,4,4,12,12,0,0,0,182,62,32,12,19,39,0.259,4.75,0,0,6,0,266,0,37,0,2,5
hancoem01,2025,1,SEA,AL,4,5,22,16,0,0,0,270,93,49,15,31,64,0.269,4.9,0,2,5,1,385,2,51,1,2,9
handbr01,2023,1,COL,NL,3,1,40,0,0,0,0,107,35,18,4,16,41,0.265,4.54,1,3,3,0,157,11,18,2,4,1
handbr01,2023,2,ATL,NL,2,2,20,0,0,0,1,54,19,15,2,6,18,0.279,7.5,2,0,2,0,79,4,15,3,0,2
hanifbr01,2023,1,DET,AL,0,0,3,0,0,0,0,15,8,3,1,0,3,0.348,5.4,0,1,0,0,23,2,3,0,0,0
hanifbr01,2024,1,DET,AL,1,1,21,3,0,0,0,88,27,6,2,6,23,0.237,1.84,0,0,0,0,120,1,7,0,0,2
hanifbr01,2025,1,DET,AL,3,3,54,0,0,0,0,180,65,20,3,14,40,0.267,3,2,2,2,0,260,11,31,0,1,7
harriha01,2025,1,ATL,NL,0,0,3,0,0,0,0,8,3,1,0,2,0,0.3,3.38,0,0,0,0,12,0,1,0,0,1
harriho01,2023,1,WAS,NL,0,0,16,0,0,0,0,58,21,11,2,13,9,0.273,5.12,0,1,1,0,91,8,12,0,0,3
harriho02,2023,1,OAK,AL,3,6,14,6,0,0,0,189,67,50,10,28,56,0.269,7.14,0,1,3,0,284,0,51,1,2,5
harriho02,2024,1,OAK,AL,4,4,21,9,0,0,0,217,65,23,7,33,61,0.244,2.86,0,3,3,1,305,4,29,2,1,10
harriho02,2025,1,ATH,AL,2,1,48,0,0,0,4,194,54,23,5,33,65,0.226,3.2,4,1,1,0,277,20,26,1,3,3
harrijo05,2023,1,PHI,NL,0,0,2,0,0,0,0,5,8,5,0,2,0,0.727,27,0,0,0,0,15,2,5,0,2,0
harriky01,2023,1,SFN,NL,1,1,7,7,0,0,0,104,29,16,8,11,35,0.221,4.15,0,0,4,0,147,0,19,0,1,0
harriky01,2024,1,SFN,NL,7,7,24,24,0,0,0,373,125,63,18,42,118,0.263,4.56,0,2,7,1,532,0,65,1,6,9
harriky01,2025,1,SFN,NL,1,1,8,4,0,0,0,71,21,12,4,9,25,0.231,4.56,1,0,0,0,100,2,12,0,0,0
harriky01,2025,2,BOS,AL,0,0,3,2,0,0,0,36,14,4,0,5,13,0.28,3,0,1,1,0,56,0,4,0,0,0
harrito03,2025,1,PIT,NL,0,1,3,1,0,0,1,26,18,15,3,7,7,0.429,15.58,0,2,0,0,50,1,15,0,1,1
hartky01,2025,1,SDN,NL,3,3,20,6,0,0,0,129,38,28,9,13,37,0.233,5.86,0,0,2,1,179,2,28,0,1,1
hartlge01,2023,1,MIA,NL,0,0,2,0,0,0,0,12,2,1,1,3,3,0.154,2.25,0,0,0,0,16,1,1,0,0,1
hartlge01,2024,1,COL,NL,0,0,5,0,0,0,0,27,13,9,1,4,7,0.333,9,1,2,0,1,44,0,10,0,1,1
hartlge01,2025,1,NYA,AL,0,0,2,0,0,0,0,4,5,6,1,4,4,0.556,40.5,0,0,0,0,13,0,6,0,0,0
hartlge01,2025,2,DET,AL,0,0,2,0,0,0,0,6,3,2,1,2,1,0.333,9,0,0,0,0,11,1,2,0,0,0
hartwgr01,2023,1,NYN,NL,5,2,28,0,0,0,0,106,34,19,3,15,30,0.25,4.84,1,2,6,0,158,6,23,0,1,4
hartwgr01,2024,1,NYN,NL,0,0,4,0,0,0,0,20,6,5,1,4,4,0.24,6.75,0,0,2,0,31,2,6,0,0,0
harvehu01,2023,1,WAS,NL,4,4,57,0,0,0,10,182,44,19,7,13,67,0.203,2.82,1,2,2,1,235,20,21,0,3,4
harvehu01,2024,1,WAS,NL,2,4,43,0,0,0,0,135,43,21,4,12,50,0.249,4.2,1,2,4,0,190,2,24,1,0,3
harvehu01,2024,2,KCA,AL,0,0,6,0,0,0,1,17,8,4,1,4,5,0.333,6.35,1,0,1,0,29,1,4,0,0,0
harvehu01,2025,1,KCA,AL,1,0,12,0,0,0,0,32,6,0,0,1,11,0.158,0,0,0,0,0,39,1,0,0,0,0
hatchto01,2023,1,TOR,AL,0,0,6,0,0,0,0,19,10,3,0,5,10,0.357,4.26,0,0,0,0,35,4,5,1,1,1
hatchto01,2023,2,PIT,NL,1,1,12,2,0,0,0,67,23,10,2,7,16,0.271,4.03,1,2,1,0,94,3,13,0,0,3
hatchto01,2025,1,KCA,AL,0,0,1,0,0,0,0,3,2,2,1,0,1,0.4,18,0,0,0,0,5,1,2,0,0,0
hatchto01,2025,2,MIN,AL,2,1,11,1,0,0,0,99,38,20,6,17,21,0.292,5.45,2,0,0,0,147,3,21,0,0,6
headrbr01,2023,1,MIN,AL,3,0,14,0,0,0,1,77,27,18,7,10,30,0.267,6.31,0,1,4,0,117,5,18,0,2,0
headrbr01,2024,1,MIN,AL,0,0,1,0,0,0,0,9,2,1,1,2,5,0.182,3,0,0,0,0,13,0,1,0,0,0
headrbr01,2025,1,NYA,AL,0,0,17,0,0,0,0,69,17,8,4,7,30,0.202,3.13,1,2,1,0,92,4,8,0,0,1
heanean01,2023,1,TEX,AL,10,6,34,28,0,0,0,442,143,68,23,60,151,0.251,4.15,0,3,10,0,641,1,74,0,2,13
heanean01,2024,1,TEX,AL,5,14,32,31,0,0,0,480,159,76,23,41,159,0.251,4.28,1,2,12,0,693,0,84,3,3,6
heanean01,2025,1,PIT,NL,5,10,26,23,0,0,0,361,125,72,24,39,84,0.267,5.39,0,2,9,0,525,0,74,4,4,7
heanean01,2025,2,LAN,NL,0,0,1,0,0,0,0,6,4,3,1,1,2,0.4,13.5,0,0,0,0,11,0,3,0,0,0
hearnta01,2023,1,TEX,AL,0,0,4,0,0,0,0,21,9,8,1,4,7,0.3,10.29,0,0,0,0,34,2,8,0,0,0
hearnta01,2023,2,ATL,NL,0,0,1,0,0,0,0,1,2,4,1,2,0,0.667,108,0,1,0,0,5,0,4,0,0,0
hearnta01,2023,3,KCA,AL,0,0,8,0,0,0,0,23,12,7,2,2,8,0.343,8.22,0,0,0,0,37,1,7,0,0,0
heasljo01,2023,1,KCA,AL,0,0,12,0,0,0,0,45,17,12,5,2,9,0.288,7.2,0,1,1,0,63,5,13,0,1,1
heasljo01,2024,1,BAL,AL,0,1,4,0,0,0,0,16,10,10,2,3,4,0.4,16.88,0,1,1,0,29,2,11,0,0,1
hedgeau01,2023,2,TEX,AL,0,0,4,0,0,0,0,11,5,2,1,0,1,0.333,4.91,0,0,1,0,16,4,2,0,0,1
hedgeau01,2024,1,CLE,AL,0,0,1,0,0,0,0,6,0,0,0,1,0,0,0,0,0,0,0,6,1,0,0,0,1
hedgeau01,2025,1,CLE,AL,0,0,3,0,0,0,0,9,6,2,0,1,1,0.429,6,0,0,0,0,16,3,2,0,1,0
heinety01,2024,2,TOR,AL,0,0,1,0,0,0,0,3,1,0,0,0,0,0.25,0,0,0,0,0,4,1,0,0,0,0
heinety01,2025,1,TOR,AL,0,0,3,0,0,0,0,10,15,12,1,0,0,0.625,32.4,0,0,2,0,27,2,12,0,1,0
hellebe01,2023,1,ATL,NL,0,0,19,0,0,0,0,56,16,8,2,11,16,0.232,3.86,0,4,2,0,82,5,9,0,0,4
hellebe01,2024,1,PIT,NL,0,1,8,0,0,0,0,36,19,15,1,6,15,0.352,11.25,1,0,6,0,66,2,16,0,0,0
helslry01,2023,1,SLN,NL,3,4,33,0,0,0,14,110,22,10,1,17,52,0.176,2.45,1,3,1,1,146,25,11,0,3,2
helslry01,2024,1,SLN,NL,7,4,65,0,0,0,49,199,50,15,3,23,79,0.21,2.04,3,1,0,0,266,62,19,1,4,5
helslry01,2025,1,SLN,NL,3,1,36,0,0,0,21,108,36,12,4,14,41,0.259,3,2,4,1,0,157,29,12,1,2,1
helslry01,2025,2,NYN,NL,0,3,22,0,0,0,0,60,25,16,4,11,22,0.301,7.2,1,3,0,0,95,7,20,0,1,0
hembrhe01,2023,1,TBA,AL,0,0,1,0,0,0,0,4,0,0,0,1,2,0,0,0,0,0,0,4,0,0,0,0,1
hendelo01,2025,1,MIL,NL,3,0,5,5,0,0,0,76,17,5,3,8,33,0.187,1.78,0,0,0,0,99,0,5,0,0,1
hendrky01,2023,1,CHN,NL,6,8,24,24,0,0,0,411,138,57,13,27,93,0.255,3.74,0,0,4,0,578,0,68,1,4,2
hendrky01,2024,1,CHN,NL,4,12,29,24,0,0,0,392,147,86,21,43,87,0.286,5.92,0,0,3,0,567,4,88,0,7,6
hendrky01,2025,1,LAA,AL,8,10,31,31,0,0,0,494,167,87,25,43,114,0.262,4.76,3,0,5,0,695,0,92,3,6,16
hendrli01,2023,1,CHA,AL,2,0,5,0,0,0,1,15,4,3,1,1,3,0.222,5.4,0,0,0,0,20,3,3,0,1,0
hendrli01,2025,1,BOS,AL,0,2,14,0,0,0,0,41,12,10,2,7,12,0.235,6.59,0,0,1,0,59,6,11,0,0,2
henlebl01,2024,1,HOU,AL,0,0,1,1,0,0,0,1,4,5,0,3,0,0.8,135,0,0,1,0,9,0,5,0,0,0
henried01,2024,1,LAN,NL,0,0,3,0,0,0,1,10,2,1,0,2,5,0.167,2.7,0,1,0,0,14,1,1,0,0,0
henried01,2025,1,LAN,NL,2,1,22,0,0,0,1,57,17,5,2,5,18,0.236,2.37,0,2,0,0,78,3,5,0,1,0
henriro01,2024,1,MIN,AL,1,1,16,1,0,0,0,58,20,7,2,5,15,0.267,3.26,1,1,2,0,82,6,8,0,0,0
henriro01,2025,1,MIA,NL,7,1,69,0,0,0,7,219,53,18,8,27,98,0.199,2.22,2,2,4,2,303,9,23,1,4,1
henryco01,2025,1,WAS,NL,1,2,57,0,0,0,2,158,43,25,7,32,52,0.219,4.27,1,2,11,1,241,13,27,1,1,3
henryto01,2023,1,ARI,NL,5,4,17,16,0,0,0,267,86,41,12,35,64,0.251,4.15,2,1,4,0,381,0,42,0,0,5
henryto01,2024,1,ARI,NL,2,3,9,7,0,0,0,115,49,30,9,18,30,0.312,7.04,0,0,4,0,182,1,31,1,2,5
henryto01,2025,1,ARI,NL,0,0,2,0,0,0,0,20,6,3,3,1,8,0.261,4.05,0,0,1,0,26,1,3,1,0,1
henslda01,2024,1,MIA,NL,0,0,1,0,0,0,0,6,2,2,0,1,0,0.333,9,0,0,1,0,10,1,2,0,2,1
hentgsa01,2023,1,CLE,AL,3,2,56,0,0,0,0,157,53,21,2,18,56,0.26,3.61,0,3,0,0,223,9,24,0,1,7
hentgsa01,2024,1,CLE,AL,0,0,25,0,0,0,0,71,18,8,3,5,27,0.209,3.04,0,0,0,0,91,4,8,0,0,4
hergeji01,2023,1,LAA,AL,2,4,29,1,0,0,0,87,33,15,7,8,26,0.282,4.66,3,0,2,0,127,6,15,0,0,2
hergeji01,2024,1,ATL,NL,0,1,8,0,0,0,0,37,13,6,2,3,15,0.265,4.38,0,0,0,0,52,7,6,0,0,1
hergeji01,2025,1,COL,NL,1,2,59,0,0,0,0,250,72,23,6,26,81,0.233,2.48,1,2,7,2,347,9,24,1,4,6
hergeke01,2023,1,CIN,NL,1,2,14,0,0,0,1,73,26,14,4,6,13,0.268,5.18,1,1,2,1,105,7,14,0,0,1
hergeke01,2024,1,MIL,NL,0,0,7,0,0,0,1,34,6,2,1,3,9,0.15,1.59,0,0,0,0,43,5,2,0,0,0
hergeke01,2025,1,NYN,NL,0,0,6,0,0,0,0,36,11,4,0,3,6,0.239,3,0,2,0,0,50,4,5,0,1,1
hergeke01,2025,2,ATL,NL,0,0,1,0,0,0,0,3,1,0,0,2,0,0.25,0,0,1,0,0,6,1,0,0,0,0
hernaca04,2023,1,KCA,AL,1,10,67,4,0,0,4,210,62,41,10,31,77,0.233,5.27,1,5,1,2,300,15,43,0,2,5
hernaca04,2024,1,KCA,AL,0,1,27,0,0,0,0,90,24,11,1,16,27,0.22,3.3,0,1,1,0,129,10,14,0,3,1
hernaca04,2025,1,PHI,NL,1,0,25,0,0,0,0,77,32,15,4,13,23,0.302,5.26,1,1,2,0,123,12,16,1,1,1
hernaca04,2025,2,DET,AL,0,0,11,0,0,0,0,32,14,12,0,6,13,0.311,10.13,0,4,0,0,53,4,13,1,1,0
hernaca04,2025,3,CLE,AL,0,0,5,0,0,0,0,21,4,3,0,3,3,0.167,3.86,0,1,0,0,27,4,3,0,0,0
hernada03,2023,1,ATL,NL,1,0,4,0,0,0,0,11,6,3,1,3,6,0.353,7.36,0,0,0,0,20,2,3,0,0,0
hernada03,2024,1,ATL,NL,3,0,16,0,0,0,0,54,10,5,0,10,26,0.159,2.5,1,1,1,0,74,6,6,0,0,1
hernada03,2025,1,ATL,NL,4,3,39,0,0,0,0,111,27,14,3,30,33,0.206,3.41,1,2,2,0,164,6,16,1,0,5
hernael01,2024,1,LAN,NL,0,1,5,1,0,0,0,29,9,9,5,3,6,0.231,8.38,0,0,0,0,42,1,9,0,0,0
hernael01,2024,2,MIL,NL,0,0,4,0,0,0,0,18,5,2,0,2,2,0.25,3,0,2,0,0,22,2,2,0,0,1
hernaen02,2024,1,LAN,NL,0,0,4,0,0,0,0,13,5,2,0,0,0,0.278,4.15,0,0,0,0,18,4,2,0,0,0
hernaen02,2025,1,LAN,NL,0,0,5,0,0,0,0,16,11,9,1,8,1,0.393,15.19,0,1,0,0,37,3,11,0,1,0
hernajo02,2023,1,TEX,AL,1,2,33,0,0,0,0,95,35,19,4,15,34,0.28,5.4,1,2,4,0,147,8,20,1,2,1
hernajo02,2024,1,TEX,AL,3,1,26,1,0,0,0,123,39,23,6,26,36,0.258,5.05,1,2,1,0,181,8,25,1,2,6
hernajo02,2024,2,SEA,AL,0,0,3,0,0,0,0,7,2,3,0,2,3,0.222,11.57,0,0,0,0,11,2,3,0,0,0
hernajo03,2023,1,PIT,NL,1,3,50,0,0,0,0,152,47,28,9,22,62,0.239,4.97,3,5,1,2,223,12,30,2,1,0
hernajo03,2024,1,PIT,NL,1,1,7,0,0,0,1,16,5,2,1,4,4,0.238,3.38,1,1,0,1,25,2,2,0,0,0
hernani01,2023,1,SDN,NL,0,0,2,0,0,0,0,9,3,4,1,4,5,0.25,12,0,0,2,0,18,0,4,0,0,0
hernani01,2024,1,HOU,AL,0,0,5,0,0,0,0,24,10,7,4,1,10,0.303,7.88,0,0,0,0,34,2,7,0,0,0
hernani01,2025,1,HOU,AL,0,0,10,0,0,0,0,32,12,6,3,8,11,0.273,5.06,0,0,0,0,52,6,6,0,0,0
hernayo02,2023,1,LAN,NL,0,0,1,0,0,0,0,3,1,0,0,0,0,0.25,0,0,0,0,0,4,1,0,0,0,0
herrejo04,2023,1,ARI,NL,0,0,2,0,0,0,0,6,4,2,0,0,0,0.4,9,0,0,0,0,10,2,2,0,0,0
herrejo04,2025,1,ARI,NL,0,0,2,0,0,0,0,6,4,1,0,0,0,0.4,4.5,0,0,0,0,10,2,1,0,0,0
herriti01,2023,1,CLE,AL,1,1,23,0,0,0,0,83,29,17,3,12,32,0.279,5.53,0,2,2,0,121,6,18,2,1,4
herriti01,2024,1,CLE,AL,5,1,75,0,0,0,0,197,39,14,2,25,68,0.173,1.92,1,3,5,1,257,6,17,1,1,7
herriti01,2025,1,CLE,AL,5,4,54,0,0,0,0,128,37,23,5,30,45,0.239,4.85,2,2,6,0,194,4,23,0,3,6
herzdj01,2024,1,WAS,NL,4,9,19,19,0,0,0,266,76,41,11,36,106,0.223,4.16,0,5,3,1,382,0,45,1,1,3
heuerco01,2025,1,TEX,AL,0,0,1,0,0,0,0,4,1,1,1,0,1,0.2,6.75,0,0,0,0,5,1,1,0,0,0
heuerco01,2025,2,DET,AL,0,0,2,0,0,0,0,10,3,2,2,2,4,0.214,5.4,0,1,0,0,16,1,2,0,0,0
hicksaa01,2024,1,LAA,AL,0,0,1,0,0,0,0,3,2,2,1,1,0,0.4,18,0,0,0,0,6,1,2,0,0,0
hicksjo03,2023,1,SLN,NL,1,6,40,0,0,0,8,125,39,17,2,24,59,0.244,3.67,0,7,3,0,189,16,21,0,2,3
hicksjo03,2023,2,TOR,AL,2,3,25,0,0,0,4,72,18,7,2,8,22,0.207,2.63,1,1,1,0,96,10,9,0,0,3
hicksjo03,2024,1,SFN,NL,4,7,29,20,0,0,1,329,112,50,12,47,96,0.265,4.1,0,7,9,2,481,2,54,0,2,15
hicksjo03,2025,1,SFN,NL,1,5,13,9,0,0,0,146,55,35,3,20,43,0.288,6.47,0,4,4,0,217,2,36,1,1,4
hicksjo03,2025,2,BOS,AL,1,2,21,0,0,0,2,56,25,17,3,12,15,0.316,8.2,1,6,4,0,97,8,20,2,0,2
hillga02,2023,1,DET,AL,0,0,9,0,0,0,1,47,19,16,4,14,14,0.302,9.19,0,1,1,0,80,3,20,0,1,3
hillja01,2024,1,COL,NL,0,0,9,0,0,0,0,32,8,6,2,4,6,0.216,5.06,0,1,2,0,45,2,7,0,2,1
hillja01,2025,1,COL,NL,1,1,28,0,0,0,0,88,27,11,2,12,31,0.243,3.38,0,3,3,0,129,7,14,0,3,2
hillri01,2023,1,PIT,NL,7,10,22,22,0,0,0,357,129,63,15,47,104,0.272,4.76,0,1,4,1,530,0,70,2,1,8
hillri01,2023,2,SDN,NL,1,4,10,5,0,0,0,82,36,25,8,11,25,0.319,8.23,0,1,3,0,130,3,28,0,3,3
hillri01,2024,1,BOS,AL,0,1,4,0,0,0,0,11,1,2,1,3,5,0.1,4.91,0,0,1,0,15,1,2,0,1,0
hillri01,2025,1,KCA,AL,0,2,2,2,0,0,0,27,9,5,2,8,4,0.257,5,0,0,0,0,43,0,7,0,0,0
hillti01,2023,1,SDN,NL,1,4,48,0,0,0,0,133,59,27,7,14,26,0.331,5.48,0,0,6,0,202,7,36,2,2,9
hillti01,2024,1,CHA,AL,1,0,27,0,0,0,0,69,41,15,0,10,13,0.387,5.87,1,0,1,0,118,9,19,0,1,3
hillti01,2024,2,NYA,AL,3,0,35,0,0,0,0,132,36,10,2,9,18,0.225,2.05,1,0,1,0,173,6,13,1,2,5
hillti01,2025,1,NYA,AL,4,4,70,0,0,0,0,201,58,23,8,16,37,0.23,3.09,3,1,0,0,269,18,27,0,1,8
hiralya01,2025,1,BAL,AL,0,0,18,0,0,0,0,59,17,10,4,9,21,0.23,4.58,0,2,0,0,84,6,13,1,0,1
hjellse01,2023,1,SFN,NL,2,1,15,0,0,0,0,87,38,21,3,13,31,0.317,6.52,1,5,4,0,139,7,25,1,1,2
hjellse01,2024,1,SFN,NL,3,4,58,0,0,0,0,242,84,35,10,14,75,0.268,3.9,2,0,5,0,337,12,37,3,1,9
hjellse01,2025,1,SFN,NL,1,1,12,1,0,0,0,45,21,13,2,9,11,0.339,7.8,2,0,0,0,73,2,13,1,1,1
hodgepo01,2024,1,CHN,NL,3,1,39,0,0,0,9,129,19,9,2,19,52,0.132,1.88,0,1,1,0,164,17,10,0,0,1
hodgepo01,2025,1,CHN,NL,2,2,36,0,0,0,2,99,34,23,9,18,40,0.268,6.27,1,5,0,1,147,10,24,0,2,4
hoeinbr01,2023,1,MIA,NL,2,3,33,7,0,0,0,212,71,43,13,25,53,0.259,5.48,2,1,2,0,304,11,45,0,3,5
hoeinbr01,2024,1,MIA,NL,1,2,16,2,0,0,0,90,29,9,2,9,25,0.252,2.7,0,4,0,0,124,2,10,0,0,2
hoeinbr01,2024,2,SDN,NL,1,1,18,0,0,0,0,71,14,4,2,5,18,0.173,1.52,1,4,0,0,86,1,5,0,0,3
hoeinbr01,2025,1,SDN,NL,1,0,7,0,0,0,0,24,9,3,0,3,5,0.281,3.38,0,1,0,0,36,0,3,0,1,1
hoffman01,2025,1,KCA,AL,0,0,3,0,0,0,0,14,7,2,1,4,5,0.318,3.86,0,1,0,0,26,2,6,0,0,1
hoffman01,2025,2,ARI,NL,1,1,8,0,0,0,0,22,7,6,1,6,7,0.241,7.36,0,0,0,0,35,2,6,0,0,0
hoffmje02,2023,1,PHI,NL,5,2,54,0,0,0,1,157,29,14,3,19,69,0.158,2.41,1,4,2,0,208,13,16,3,1,2
hoffmje02,2024,1,PHI,NL,3,3,68,0,0,0,10,199,48,16,6,16,89,0.197,2.17,1,5,3,0,265,21,20,0,2,3
hoffmje02,2025,1,TOR,AL,9,7,71,0,0,0,33,204,54,33,15,27,84,0.213,4.37,1,2,4,0,287,59,34,2,1,1
hoffmno01,2025,1,PHI,NL,0,0,1,0,0,0,0,3,3,3,0,1,2,0.5,27,0,1,0,0,7,1,3,0,0,0
hoglugu01,2025,1,ATH,AL,1,3,6,6,0,0,0,97,38,23,10,11,23,0.299,6.4,0,1,0,0,139,0,23,0,1,4
holdeco01,2023,1,PIT,NL,0,3,58,0,0,0,2,168,55,24,4,20,58,0.256,3.86,2,3,2,0,240,8,25,1,2,3
holdeco01,2024,1,PIT,NL,3,6,55,0,0,0,0,154,42,18,6,25,56,0.223,3.16,0,2,5,0,223,5,23,1,4,2
holdeco01,2025,1,PIT,NL,0,2,24,0,0,0,1,77,34,20,4,16,18,0.327,7.01,1,3,2,0,125,6,21,1,2,5
holloga01,2023,1,COL,NL,2,0,26,0,0,0,1,101,31,22,8,18,32,0.238,5.88,1,0,6,0,154,7,23,0,0,2
holloga01,2024,1,CHN,NL,0,0,1,0,0,0,0,4,2,0,0,0,1,0.4,0,0,0,0,0,6,1,0,1,0,0
holloga01,2025,1,CHN,NL,0,0,7,0,0,0,0,28,9,5,1,7,10,0.25,4.82,0,1,0,0,43,4,5,0,0,1
holmagr01,2024,1,OAK,AL,1,1,18,0,0,0,0,47,17,7,1,9,16,0.27,4.02,1,1,1,0,73,5,8,0,0,1
holmagr01,2025,1,ATH,AL,4,2,22,2,0,0,0,69,26,13,3,9,17,0.28,5.09,0,1,1,0,103,7,14,0,0,2
holmecl01,2023,1,NYA,AL,4,4,66,0,0,0,24,189,51,20,2,23,71,0.218,2.86,0,5,3,1,262,41,22,0,2,6
holmecl01,2024,1,NYA,AL,3,5,67,0,0,0,30,189,60,22,4,22,68,0.248,3.14,1,4,3,0,271,50,29,1,3,4
holmecl01,2025,1,NYN,NL,12,8,33,31,0,0,0,497,150,65,14,66,129,0.241,3.53,0,6,13,1,708,0,74,1,5,14
holmegr01,2024,1,ATL,NL,2,1,26,7,0,0,0,205,66,27,7,15,70,0.252,3.56,2,2,2,0,282,7,27,0,3,5
holmegr01,2025,1,ATL,NL,4,9,22,21,0,0,0,345,100,51,16,54,123,0.235,3.99,1,5,7,0,492,1,52,1,4,11
holtoty01,2023,1,DET,AL,3,2,59,1,0,0,1,256,56,20,9,18,74,0.185,2.11,1,4,1,0,324,7,21,1,1,6
holtoty01,2024,1,DET,AL,7,2,66,9,0,0,8,283,57,23,7,17,77,0.173,2.19,1,0,4,0,354,14,25,2,1,9
holtoty01,2025,1,DET,AL,6,5,70,6,0,0,0,236,65,32,15,17,64,0.226,3.66,1,3,0,0,312,6,34,4,4,8
honeybr01,2023,1,SDN,NL,2,4,36,0,0,0,0,140,44,21,8,20,42,0.247,4.05,0,3,4,1,204,10,22,1,1,5
honeybr01,2023,2,CHA,AL,0,0,4,0,0,0,0,17,9,7,2,3,3,0.346,11.12,0,0,1,0,30,0,7,0,0,0
honeybr01,2024,1,PIT,NL,0,0,2,0,0,0,0,10,3,1,0,2,1,0.231,2.7,0,0,0,0,15,1,1,0,0,0
honeybr01,2024,2,LAN,NL,1,1,18,1,0,0,1,103,29,10,3,9,17,0.244,2.62,0,2,2,1,134,12,11,2,2,6
hornba01,2024,1,BOS,AL,1,1,18,0,0,0,0,54,22,13,5,10,13,0.293,6.5,2,0,0,0,88,3,14,1,2,0
hornba01,2025,1,DET,AL,0,1,10,0,0,0,0,34,11,2,1,7,10,0.256,1.59,0,1,0,0,50,2,2,0,0,1
hortoca01,2025,1,CHN,NL,11,4,23,22,0,0,0,354,95,35,10,33,97,0.219,2.67,0,1,6,0,476,0,40,0,3,5
houckta01,2023,1,BOS,AL,6,10,21,21,0,0,0,318,104,59,14,41,99,0.254,5.01,0,1,6,0,463,0,61,2,4,8
houckta01,2024,1,BOS,AL,9,10,30,30,1,1,0,536,156,62,11,48,154,0.231,3.12,1,2,16,0,743,0,75,0,4,16
houckta01,2025,1,BOS,AL,0,3,9,9,0,0,0,131,57,39,10,17,32,0.318,8.04,0,2,5,0,203,0,41,0,2,5
housead01,2023,1,MIL,NL,8,5,23,21,0,0,0,334,121,51,13,34,96,0.273,4.12,0,2,1,0,481,1,56,0,3,8
housead01,2024,1,NYN,NL,1,5,23,7,0,0,1,208,74,45,8,32,45,0.272,5.84,0,2,4,0,309,9,48,0,1,6
housead01,2025,1,CHA,AL,6,2,11,11,0,0,0,206,62,16,3,22,47,0.248,2.1,0,3,1,1,275,0,19,0,2,10
housead01,2025,2,TBA,AL,2,3,10,10,0,0,0,169,60,30,7,16,45,0.276,4.79,0,2,7,2,243,0,30,1,2,8
howarsp01,2023,1,TEX,AL,0,0,3,0,0,0,0,10,4,4,1,3,2,0.286,10.8,0,0,1,0,18,2,4,0,0,0
howarsp01,2024,1,SFN,NL,1,1,7,2,0,0,0,72,33,15,2,11,21,0.327,5.63,0,0,0,0,114,1,16,1,1,1
howarsp01,2024,2,CLE,AL,0,1,2,1,0,0,0,15,11,5,3,3,6,0.407,9,0,1,0,0,30,1,8,0,0,0
hudsobr01,2023,1,LAN,NL,0,0,6,0,0,0,0,26,12,7,1,4,7,0.316,7.27,0,0,1,0,44,5,7,0,1,0
hudsobr01,2024,1,MIL,NL,6,1,43,0,0,0,0,187,28,12,7,17,62,0.134,1.73,0,1,3,1,231,1,12,0,2,2
hudsobr01,2025,1,MIL,NL,0,1,12,0,0,0,0,31,8,5,0,12,13,0.205,4.35,2,0,2,1,54,2,7,1,0,1
hudsobr01,2025,2,CHA,AL,0,0,4,0,0,0,0,14,7,3,2,1,6,0.35,5.79,0,0,0,0,21,0,3,0,0,0
hudsoda01,2023,1,LAN,NL,0,0,3,0,0,0,1,9,2,0,0,3,5,0.182,0,0,0,0,0,14,1,0,0,0,0
hudsoda01,2024,1,LAN,NL,6,2,65,0,0,0,10,189,46,21,10,19,63,0.198,3,1,2,1,0,253,19,25,0,1,3
hudsoda02,2023,1,SLN,NL,6,3,18,12,0,0,0,244,88,45,9,34,45,0.283,4.98,0,5,6,0,354,1,46,1,2,15
hudsoda02,2024,1,COL,NL,2,12,18,18,0,0,0,267,99,61,11,50,49,0.286,6.17,0,3,5,0,404,0,66,1,2,11
hughebr01,2023,1,CHN,NL,0,3,17,0,0,0,0,41,14,11,2,8,17,0.264,7.24,1,0,1,0,63,2,11,1,0,1
hughebr01,2024,1,ARI,NL,0,0,15,2,0,0,0,53,24,16,8,10,21,0.316,8.15,0,1,2,0,89,4,16,0,1,0
hummeco01,2025,2,HOU,AL,0,0,1,0,0,0,0,3,5,4,1,0,0,0.625,36,0,0,1,0,9,1,4,0,0,0
hunteto02,2023,1,NYN,NL,0,1,14,0,0,0,0,71,28,18,6,5,20,0.286,6.85,0,0,2,0,106,6,20,0,1,1
hurtebr01,2024,1,DET,AL,6,1,10,1,0,0,0,136,34,13,4,6,38,0.204,2.58,0,0,0,1,175,1,13,1,1,2
hurtebr01,2025,1,DET,AL,4,3,43,4,0,0,2,189,57,17,4,27,68,0.242,2.43,3,2,11,0,277,5,26,2,1,8
hurtky01,2023,1,LAN,NL,0,0,1,0,0,0,0,6,0,0,0,0,3,0,0,0,0,0,0,6,1,0,0,0,0
hurtky01,2024,1,LAN,NL,0,1,3,1,0,0,0,20,8,1,0,1,3,0.308,1.35,0,0,0,0,27,0,2,0,0,1
iglesra01,2023,1,ATL,NL,5,4,58,0,0,0,33,167,51,17,7,15,68,0.238,2.75,2,0,0,0,231,50,23,0,2,5
iglesra01,2024,1,ATL,NL,6,2,66,0,0,0,34,208,38,15,4,13,68,0.16,1.95,3,1,3,0,259,52,19,3,2,4
iglesra01,2025,1,ATL,NL,4,6,70,0,0,0,29,202,51,24,8,16,73,0.206,3.21,2,0,2,0,266,57,25,0,1,3
imanash01,2024,1,CHN,NL,15,3,29,29,0,0,0,520,149,56,27,28,174,0.225,2.91,0,3,3,0,694,0,66,0,1,7
imanash01,2025,1,CHN,NL,9,8,25,25,0,0,0,434,117,60,31,26,117,0.218,3.73,0,1,1,0,567,0,62,1,2,6
ingrako01,2023,1,LAA,AL,0,0,5,0,0,0,0,16,8,5,2,5,7,0.333,8.44,0,0,0,0,30,2,7,0,1,0
iriarja01,2024,1,CHA,AL,0,1,6,0,0,0,0,18,3,1,0,8,6,0.143,1.5,0,0,0,0,30,2,3,0,1,0
irvinco01,2023,1,BAL,AL,1,4,24,12,0,0,0,232,78,38,11,21,68,0.256,4.42,0,2,7,0,336,6,42,0,3,3
irvinco01,2024,1,BAL,AL,6,5,25,16,0,0,1,322,126,58,17,25,76,0.29,4.86,1,1,5,0,470,3,66,1,5,9
irvinco01,2024,2,MIN,AL,0,1,4,0,0,0,0,11,6,5,1,4,2,0.375,12.27,0,1,1,0,22,1,5,0,1,0
irvinja01,2023,1,WAS,NL,3,7,24,24,0,0,0,363,118,62,20,54,99,0.255,4.61,0,2,8,1,530,0,66,0,6,15
irvinja01,2024,1,WAS,NL,10,14,33,33,0,0,0,563,173,92,29,52,156,0.244,4.41,1,5,4,1,769,0,97,2,1,20
irvinja01,2025,1,WAS,NL,9,13,33,33,0,0,0,540,195,114,38,62,124,0.272,5.7,0,3,6,1,787,0,120,0,2,19
jacksal02,2025,1,BAL,AL,0,0,1,0,0,0,0,3,3,3,0,2,0,0.6,27,0,0,0,0,8,1,3,0,1,0
jacksan01,2023,1,LAN,NL,0,0,7,0,0,0,2,53,22,13,5,3,16,0.289,6.62,0,0,0,0,79,5,13,0,0,0
jacksan01,2023,2,PIT,NL,1,3,12,7,0,0,0,131,30,21,6,19,41,0.194,4.33,0,1,2,0,178,1,21,0,2,3
jacksja01,2023,1,TOR,AL,3,1,25,0,0,0,0,89,18,7,4,9,27,0.171,2.12,2,1,1,0,116,10,8,1,0,1
jacksja01,2024,1,MIN,AL,1,2,20,0,0,0,0,79,28,22,7,9,29,0.267,7.52,0,0,0,0,114,10,24,0,0,0
jackslu01,2023,1,SFN,NL,2,2,33,0,0,0,0,100,26,11,3,15,43,0.206,2.97,2,3,1,1,143,9,14,0,1,2
jackslu01,2024,1,SFN,NL,4,2,36,0,0,0,0,105,35,21,5,15,33,0.263,5.4,0,3,1,0,151,7,22,1,1,4
jackslu01,2024,2,ATL,NL,0,1,16,0,0,0,0,54,17,9,2,11,26,0.239,4.5,0,2,1,0,84,7,11,0,1,1
jackslu01,2025,1,TEX,AL,2,5,39,0,0,0,9,105,32,16,4,19,24,0.248,4.11,4,0,2,0,152,21,20,1,1,5
jackslu01,2025,2,DET,AL,0,0,3,0,0,0,0,14,3,4,0,5,4,0.188,7.71,0,0,0,0,22,2,4,1,0,1
jackslu01,2025,3,SEA,AL,0,0,10,0,0,0,0,34,6,3,0,4,10,0.162,2.38,1,0,1,0,45,5,6,1,2,0
jacksza02,2023,1,OAK,AL,2,1,19,0,0,0,1,54,18,5,1,10,23,0.261,2.5,0,5,0,0,80,6,7,1,0,0
jacobal01,2023,1,SDN,NL,0,0,3,0,0,0,0,9,0,0,0,1,5,0,0,0,0,0,0,10,2,0,0,0,0
jacobal01,2024,1,SDN,NL,0,0,7,0,0,0,0,44,9,4,1,2,19,0.173,2.45,0,0,2,0,57,2,4,0,1,0
jacobal01,2025,1,SDN,NL,1,0,29,0,0,0,0,100,36,19,6,14,23,0.275,5.13,0,0,6,0,153,9,20,0,2,3
jacqujo01,2023,1,BOS,AL,2,1,23,1,0,0,1,80,32,15,2,10,20,0.308,5.06,2,1,6,0,122,7,17,1,1,6
jacqujo01,2024,1,BOS,AL,0,0,1,0,0,0,0,5,3,1,0,0,2,0.375,5.4,0,1,1,0,9,0,1,0,0,0
jacqujo01,2024,2,ARI,NL,0,0,1,0,0,0,0,4,3,2,1,1,0,0.5,13.5,0,0,0,0,7,0,2,0,0,0
jamesdr01,2023,1,ARI,NL,3,1,15,3,0,0,1,122,40,15,6,18,37,0.26,3.32,0,0,1,0,174,3,15,0,1,6
jamesdr01,2025,1,ARI,NL,0,1,3,0,0,0,1,9,4,1,0,3,0,0.4,3,0,1,0,0,13,2,2,0,0,1
jankotr01,2025,3,NYN,NL,0,0,1,0,0,0,0,3,2,2,0,1,0,0.667,18,0,0,1,0,6,1,2,0,1,1
janseke01,2023,1,BOS,AL,3,6,51,0,0,0,29,134,40,18,5,17,52,0.237,3.63,1,1,2,2,188,42,21,0,0,0
janseke01,2024,1,BOS,AL,4,2,54,0,0,0,27,164,38,20,4,20,62,0.196,3.29,2,2,1,2,218,38,20,0,3,1
janseke01,2025,1,LAA,AL,5,4,62,0,0,0,29,177,37,17,8,19,57,0.175,2.59,2,0,1,3,234,47,18,1,1,3
jarvibr01,2023,1,ARI,NL,2,1,11,1,0,0,0,71,14,8,3,9,12,0.171,3.04,0,0,0,0,92,2,9,0,1,2
jarvibr01,2024,1,ARI,NL,1,2,44,0,0,0,0,178,52,21,6,33,38,0.239,3.19,4,4,5,0,258,17,25,0,2,11
jarvibr01,2025,1,ARI,NL,0,0,12,0,0,0,1,66,23,14,3,10,21,0.267,5.73,0,0,1,0,98,7,14,0,1,1
javiecr01,2023,1,HOU,AL,10,5,31,31,0,0,0,486,143,82,25,62,159,0.234,4.56,0,4,7,0,687,0,85,1,6,8
javiecr01,2024,1,HOU,AL,3,1,7,7,0,0,0,104,30,15,4,19,27,0.233,3.89,0,1,0,0,150,0,16,1,1,2
javiecr01,2025,1,HOU,AL,2,4,8,8,0,0,0,111,32,19,3,15,34,0.23,4.62,0,3,1,0,157,0,22,0,2,0
jaxgr01,2023,1,MIN,AL,6,10,71,0,0,0,4,196,58,28,5,19,68,0.232,3.86,1,1,4,0,274,14,30,1,0,5
jaxgr01,2024,1,MIN,AL,5,5,72,0,0,0,10,213,47,16,4,15,95,0.183,2.03,1,4,2,0,276,16,19,1,1,2
jaxgr01,2025,1,MIN,AL,1,5,50,0,0,0,0,138,46,23,4,13,72,0.251,4.5,2,0,1,0,198,3,24,1,0,2
jaxgr01,2025,2,TBA,AL,0,2,23,2,0,0,0,60,18,8,3,8,27,0.24,3.6,1,0,0,0,85,3,9,1,1,2
jayty01,2024,1,NYN,NL,0,0,3,0,0,0,0,14,7,4,0,3,3,0.333,7.71,0,1,0,0,24,2,5,0,0,0
jayty01,2024,2,MIL,NL,0,0,2,0,0,0,0,9,2,0,0,3,3,0.222,0,0,0,0,0,12,2,0,0,0,2
jeffeda01,2024,1,SFN,NL,0,2,2,1,0,0,0,14,14,9,2,2,4,0.483,17.36,0,0,0,0,31,0,13,0,0,0
jeffeda01,2024,2,PIT,NL,0,0,4,0,0,0,0,30,10,7,2,2,8,0.256,6.3,0,0,1,0,42,2,7,0,0,1
jimenda02,2023,1,OAK,AL,0,2,25,1,0,0,1,70,11,9,3,14,21,0.143,3.47,1,2,0,0,94,6,9,1,2,1
jimenda02,2024,1,OAK,AL,1,3,25,0,0,0,1,77,21,14,6,19,25,0.223,4.91,0,0,1,0,117,9,18,0,3,3
jimenjo02,2023,1,ATL,NL,0,3,59,0,0,0,0,169,51,19,9,14,73,0.233,3.04,0,0,2,0,238,16,22,2,1,2
jimenjo02,2024,1,ATL,NL,1,5,69,0,0,0,3,206,45,20,2,23,82,0.181,2.62,1,0,4,0,277,7,22,0,2,3
jobeja01,2024,1,DET,AL,0,0,2,0,0,0,0,12,1,0,0,1,2,0.067,0,0,0,0,0,16,1,0,0,0,0
jobeja01,2025,1,DET,AL,4,1,10,10,0,0,0,147,46,23,7,27,39,0.249,4.22,0,1,2,0,218,0,24,2,2,2
johnspi01,2023,1,COL,NL,1,5,43,0,0,0,13,117,47,26,7,25,58,0.292,6,1,3,0,0,188,26,28,1,1,2
johnspi01,2023,2,ATL,NL,1,1,24,0,0,0,0,71,16,2,3,5,32,0.19,0.76,0,1,0,0,89,2,6,0,0,5
johnspi01,2024,1,ATL,NL,6,6,58,0,0,0,2,169,48,23,6,25,67,0.23,3.67,1,2,2,0,236,12,25,0,0,7
johnspi01,2025,1,ATL,NL,3,3,65,0,0,0,1,177,52,20,8,19,59,0.242,3.05,2,2,1,0,238,13,21,0,3,4
johnsry01,2025,1,LAA,AL,1,1,14,0,0,0,1,44,24,12,4,5,16,0.364,7.36,1,0,0,0,72,4,15,0,1,1
johnsse01,2024,1,PHI,NL,0,1,1,1,0,0,0,7,8,9,1,3,0,0.571,34.71,0,0,0,0,18,0,9,0,1,0
johnsse01,2025,1,PHI,NL,1,1,10,0,0,0,0,38,11,6,3,4,17,0.22,4.26,0,1,0,0,54,4,8,0,0,0
jonesja09,2024,1,PIT,NL,6,8,22,22,0,0,0,365,106,56,18,39,132,0.232,4.14,1,3,5,0,504,0,60,0,4,10
joycebe01,2023,1,LAA,AL,1,1,12,0,0,0,0,30,9,6,1,9,10,0.243,5.4,0,1,1,0,48,0,6,0,1,1
joycebe01,2024,1,LAA,AL,2,0,31,1,0,0,4,104,26,8,1,14,33,0.21,2.08,0,4,4,0,142,12,8,0,0,5
joycebe01,2025,1,LAA,AL,1,0,5,0,0,0,0,13,5,3,1,1,1,0.263,6.23,0,2,0,0,20,0,4,0,0,0
junisja01,2023,1,SFN,NL,4,3,40,4,0,0,1,258,90,37,12,21,96,0.269,3.87,1,5,5,0,367,6,42,0,4,8
junisja01,2024,1,MIL,NL,4,0,10,1,0,0,1,78,20,7,4,5,19,0.213,2.42,0,1,1,0,101,3,9,0,1,3
junisja01,2024,2,CIN,NL,0,0,14,5,0,0,0,123,29,13,4,3,32,0.197,2.85,0,0,2,0,152,1,13,0,0,3
junisja01,2025,1,CLE,AL,4,1,57,0,0,0,0,200,64,22,5,18,55,0.257,2.97,2,0,4,0,274,9,24,1,2,6
junkja01,2023,1,MIL,NL,0,1,2,1,0,0,0,22,8,4,1,2,5,0.267,4.91,0,0,0,0,33,1,5,0,0,0
junkja01,2024,1,MIL,NL,0,0,5,0,0,0,0,24,16,6,2,2,8,0.432,6.75,0,0,0,0,40,2,6,0,1,2
junkja01,2024,2,OAK,AL,0,0,1,0,0,0,0,0,6,7,1,2,0,1,,0,1,0,0,8,0,7,0,0,0
junkja01,2025,1,MIA,NL,6,4,21,16,0,0,1,330,112,51,8,13,77,0.266,4.17,0,2,4,0,447,3,54,1,8,10
justiev01,2023,1,COL,NL,0,0,9,0,0,0,0,22,14,7,0,8,7,0.438,8.59,0,2,1,0,42,1,7,1,0,2
justiev01,2024,1,COL,NL,0,0,1,0,0,0,0,1,0,0,0,1,1,0,0,0,0,0,0,2,1,0,0,0,0
kahnlto01,2023,1,NYA,AL,1,3,42,0,0,0,2,122,26,12,5,19,48,0.183,2.66,0,3,1,0,165,9,14,1,2,4
kahnlto01,2024,1,NYA,AL,0,2,50,0,0,0,1,128,30,10,5,19,46,0.19,2.11,1,1,2,0,179,8,16,0,0,4
kahnlto01,2025,1,DET,AL,1,5,66,0,0,0,9,189,51,31,8,31,50,0.217,4.43,0,3,1,0,267,16,32,0,0,6
kaprija01,2023,1,OAK,AL,2,6,14,11,0,0,0,183,66,43,9,31,57,0.274,6.34,1,3,5,0,280,0,45,1,1,4
karchri01,2023,1,CIN,NL,0,0,1,0,0,0,1,3,0,0,0,1,0,0,0,0,0,0,0,4,1,0,0,0,0
karinja01,2023,1,CLE,AL,2,5,44,0,0,0,0,117,24,14,6,28,52,0.178,3.23,1,1,3,1,171,5,18,0,5,0
kauffka01,2023,1,COL,NL,2,5,11,3,0,0,0,105,42,32,5,16,16,0.311,8.23,0,1,4,0,158,3,34,0,3,9
kavadni01,2025,1,LAA,AL,0,0,1,0,0,0,0,5,3,0,0,1,1,0.375,0,0,0,0,0,9,1,0,0,0,0
kayan01,2023,1,CHN,NL,0,0,13,0,0,0,0,34,12,8,1,8,8,0.267,6.35,0,1,1,0,54,4,8,0,0,0
kayan01,2023,2,NYN,NL,0,0,3,0,0,0,0,10,1,2,1,1,3,0.111,5.4,0,0,1,0,12,1,2,0,1,1
kellebr01,2023,1,KCA,AL,3,4,11,9,0,0,0,136,42,23,3,45,31,0.259,4.57,0,7,3,0,211,2,26,0,1,12
kellebr01,2024,1,CHA,AL,0,2,5,2,0,0,0,50,17,9,5,6,13,0.243,4.86,0,2,0,0,76,2,10,0,0,0
kellebr01,2024,2,BOS,AL,0,2,11,0,0,0,1,74,31,16,4,9,19,0.295,5.84,0,1,2,0,116,6,18,0,0,2
kellebr01,2025,1,CHN,NL,4,2,68,1,0,0,3,209,45,16,4,22,75,0.182,2.07,0,1,6,0,276,12,18,1,0,8
kellemi03,2023,1,PIT,NL,13,9,32,32,1,1,0,583,187,91,25,55,210,0.249,4.21,0,5,12,1,825,0,97,1,5,15
kellemi03,2024,1,PIT,NL,11,12,31,31,1,0,0,534,182,84,23,50,166,0.26,4.25,0,1,15,2,773,0,90,1,8,11
kellemi03,2025,1,PIT,NL,6,15,32,32,0,0,0,529,171,82,21,51,150,0.249,4.19,0,5,10,0,749,0,91,0,1,10
kelletr01,2023,1,TBA,AL,0,1,10,3,0,0,0,46,16,10,4,6,11,0.262,5.87,1,1,2,1,69,2,10,0,0,1
kellyca01,2024,1,CIN,NL,0,0,2,0,0,0,1,16,5,3,1,1,4,0.263,5.06,0,0,0,0,21,1,3,0,1,1
kellyca01,2025,1,ARI,NL,0,0,2,0,0,0,0,5,1,0,0,1,0,0.2,0,0,1,0,0,6,2,0,0,0,1
kellyca02,2023,1,ARI,NL,0,0,2,0,0,0,0,6,5,2,0,1,0,0.455,9,0,0,0,0,12,2,2,0,0,0
kellyca02,2023,2,DET,AL,0,0,1,0,0,0,0,2,4,1,1,0,1,0.667,13.5,0,0,0,0,6,0,1,0,0,0
kellyjo05,2023,1,CHA,AL,1,5,31,0,0,0,1,87,26,16,3,12,41,0.228,4.97,0,4,2,2,128,4,19,0,0,2
kellyjo05,2023,2,LAN,NL,1,0,11,0,0,0,0,31,3,2,0,6,19,0.088,1.74,0,2,0,0,40,2,3,0,0,1
kellyjo05,2024,1,LAN,NL,1,1,35,0,0,0,0,96,31,17,4,16,35,0.258,4.78,1,3,5,2,143,2,19,1,1,2
kellyke02,2023,1,TBA,AL,5,2,57,0,0,0,1,201,53,23,2,15,56,0.211,3.09,1,1,10,0,276,4,27,0,0,5
kellyke02,2024,1,TBA,AL,5,2,68,0,0,0,1,212,59,21,7,9,63,0.226,2.67,1,1,5,0,278,13,25,2,1,5
kellyke02,2025,1,TBA,AL,2,5,41,0,0,0,0,119,45,26,11,9,35,0.281,5.9,1,1,0,1,171,13,29,0,2,3
kellyme01,2023,1,ARI,NL,12,8,30,30,0,0,0,533,143,65,20,69,187,0.222,3.29,0,3,4,4,722,0,71,1,3,19
kellyme01,2024,1,ARI,NL,5,1,13,13,0,0,0,221,67,33,11,19,63,0.241,4.03,0,1,2,2,300,0,35,0,1,7
kellyme01,2025,1,ARI,NL,9,6,22,22,0,0,0,386,98,46,14,38,121,0.206,3.22,0,0,1,1,514,0,53,0,0,10
kellyme01,2025,2,TEX,AL,3,3,10,10,0,0,0,166,59,26,9,10,46,0.267,4.23,0,1,1,1,234,0,26,1,1,0
kellymi03,2023,1,CLE,AL,1,0,14,0,0,0,0,50,13,7,0,9,16,0.21,3.78,0,3,0,0,71,6,8,0,0,1
kellymi03,2024,1,OAK,AL,3,2,28,0,0,0,0,94,27,9,2,10,22,0.241,2.59,1,1,3,0,128,13,11,1,2,5
kellymi03,2025,1,ATH,AL,4,4,42,0,0,0,2,119,32,14,5,19,29,0.224,3.18,3,1,1,0,166,13,17,2,1,8
kellyza01,2023,1,BOS,AL,0,0,8,0,0,0,0,28,7,4,0,8,6,0.219,3.86,0,1,2,0,43,2,4,0,0,0
kellyza01,2024,1,BOS,AL,6,3,49,3,0,0,0,170,44,25,10,27,61,0.208,3.97,3,2,2,1,241,8,31,0,0,2
kellyza01,2025,1,BOS,AL,1,3,28,0,0,0,0,106,35,18,3,12,35,0.261,4.58,1,1,3,0,152,5,21,2,1,3
kennebr02,2023,1,CIN,NL,1,0,5,2,0,0,0,54,19,13,1,7,9,0.275,6.5,0,0,3,0,83,3,13,1,3,0
kenneia01,2023,1,TEX,AL,0,1,16,0,0,0,0,49,16,13,4,7,21,0.246,7.16,0,1,2,0,75,7,15,0,1,0
kentza01,2025,1,CLE,AL,1,0,12,0,0,0,0,53,17,9,1,8,16,0.254,4.58,0,3,1,1,76,11,10,0,0,2
kerkeor01,2023,1,PHI,NL,1,0,3,0,0,0,0,9,3,1,0,2,6,0.25,3,0,0,0,0,14,0,1,0,0,0
kerkeor01,2024,1,PHI,NL,5,3,64,2,0,0,0,189,51,16,2,17,74,0.223,2.29,0,1,8,0,257,6,20,1,2,6
kerkeor01,2025,1,PHI,NL,8,4,69,0,0,0,4,180,55,22,6,27,65,0.238,3.3,3,5,4,0,266,12,28,0,4,4
kerrra01,2023,1,SDN,NL,1,1,22,0,0,0,0,81,25,13,5,9,35,0.243,4.33,1,1,1,0,114,12,15,1,0,2
kerrra01,2024,1,ATL,NL,1,2,10,2,0,0,0,67,29,14,4,7,27,0.315,5.64,0,2,3,0,103,3,14,0,1,2
kershcl01,2023,1,LAN,NL,13,5,24,24,0,0,0,395,100,36,19,40,137,0.209,2.46,0,6,3,2,523,0,39,0,1,16
kershcl01,2024,1,LAN,NL,2,2,7,7,0,0,0,90,36,15,2,9,24,0.303,4.5,1,2,2,1,133,0,19,0,3,2
kershcl01,2025,1,LAN,NL,11,2,23,22,0,0,0,338,102,42,8,35,84,0.243,3.36,0,5,2,1,463,0,46,2,4,14
kessigr01,2024,1,HOU,AL,0,0,1,0,0,0,0,3,0,0,0,0,0,0,0,0,0,0,0,3,1,0,0,0,0
keuchda01,2023,1,MIN,AL,2,1,10,6,0,0,0,113,45,25,3,18,25,0.298,5.97,0,2,2,0,172,2,25,0,1,6
keuchda01,2024,1,MIL,NL,0,0,4,4,0,0,0,50,23,10,3,8,11,0.329,5.4,0,0,0,0,79,0,10,0,1,2
kikucyu01,2023,1,TOR,AL,11,6,32,32,0,0,0,503,165,72,27,48,181,0.255,3.86,0,7,4,0,700,0,78,2,0,16
kikucyu01,2024,1,TOR,AL,4,9,22,22,0,0,0,347,125,61,17,30,130,0.272,4.75,0,2,2,0,497,0,63,4,2,4
kikucyu01,2024,2,HOU,AL,5,1,10,10,0,0,0,180,42,18,8,14,76,0.188,2.7,0,2,0,0,239,0,22,0,1,3
kikucyu01,2025,1,LAA,AL,7,11,33,33,0,0,0,535,180,79,24,74,174,0.261,3.99,3,8,3,0,772,0,87,0,6,13
kiliaca01,2023,1,CHN,NL,0,1,3,1,0,0,0,16,13,10,0,2,5,0.481,16.88,0,2,4,0,33,1,10,0,0,2
kiliaca01,2024,1,CHN,NL,0,1,2,1,0,0,0,32,11,5,2,6,7,0.268,4.22,0,1,0,0,48,0,6,1,0,1
kimbrcr01,2023,1,PHI,NL,8,6,71,0,0,0,23,207,44,25,10,28,94,0.181,3.26,1,4,4,2,278,45,28,0,3,3
kimbrcr01,2024,1,BAL,AL,7,5,57,0,0,0,23,157,40,31,7,31,73,0.208,5.33,1,3,5,1,232,39,35,1,3,0
kimbrcr01,2025,1,ATL,NL,0,0,1,0,0,0,0,3,1,0,0,1,1,0.5,0,0,0,0,0,3,0,0,0,0,0
kimbrcr01,2025,2,HOU,AL,0,1,13,0,0,0,0,33,9,3,2,6,16,0.225,2.45,0,0,0,0,46,5,4,0,0,0
kineris01,2023,1,NYA,AL,0,0,4,0,0,0,0,12,4,1,0,0,1,0.25,2.25,0,0,0,0,16,4,1,0,0,0
kineris01,2024,1,TOR,AL,0,0,2,0,0,0,0,6,1,1,0,2,0,0.167,4.5,0,0,0,0,9,2,1,0,1,0
kineris01,2025,2,TOR,AL,0,0,1,0,0,0,0,2,0,0,0,0,0,0,0,0,0,0,0,2,1,0,0,0,0
kingbr01,2024,1,HOU,AL,1,0,28,0,0,0,0,79,20,7,1,10,32,0.211,2.39,0,0,3,0,109,7,7,0,1,3
kingbr01,2025,1,HOU,AL,5,4,68,0,0,0,2,204,60,21,10,11,69,0.233,2.78,0,3,4,0,275,11,21,0,2,4
kingesc01,2025,1,LAA,AL,0,0,1,0,0,0,0,6,12,8,2,0,1,0.667,36,0,0,0,0,18,1,8,0,0,0
kingjo01,2023,1,TEX,AL,1,1,15,0,0,0,0,56,26,12,1,4,10,0.342,5.79,0,0,0,0,81,8,12,0,1,4
kingjo01,2023,2,SLN,NL,1,0,20,0,0,0,0,56,19,3,1,6,10,0.275,1.45,0,0,0,0,76,1,3,1,0,5
kingjo01,2024,1,SLN,NL,3,3,56,0,0,0,0,180,58,19,5,14,38,0.258,2.85,1,3,1,1,248,10,23,1,7,8
kingjo01,2025,1,SLN,NL,2,1,51,0,0,0,0,145,65,25,8,14,28,0.316,4.66,0,3,0,0,222,15,30,1,1,5
kingmi01,2023,1,NYA,AL,4,8,49,9,0,0,6,314,88,32,10,32,127,0.226,2.75,1,2,5,1,431,10,35,3,1,9
kingmi01,2024,1,SDN,NL,13,9,31,30,0,0,0,521,144,57,17,63,201,0.221,2.95,2,1,7,0,726,0,71,2,1,8
kingmi01,2025,1,SDN,NL,5,3,15,15,1,1,0,220,62,28,12,26,76,0.224,3.44,0,2,4,0,308,0,31,0,1,5
kinlety01,2023,1,COL,NL,0,4,18,0,0,0,5,49,21,11,3,6,17,0.318,6.06,0,1,1,0,76,11,11,1,2,0
kinlety01,2024,1,COL,NL,6,1,67,0,0,0,12,192,61,44,11,33,72,0.248,6.19,2,6,2,0,285,25,44,1,3,2
kinlety01,2025,1,COL,NL,1,3,49,0,0,0,3,143,42,30,5,27,51,0.23,5.66,4,5,2,0,214,15,33,0,2,1
kinlety01,2025,2,ATL,NL,5,0,24,0,0,0,0,75,11,2,1,6,22,0.126,0.72,0,1,1,1,94,5,2,0,0,0
kirbyge01,2023,1,SEA,AL,13,10,31,31,1,0,0,572,179,71,22,19,172,0.246,3.35,1,1,6,0,757,0,74,2,3,18
kirbyge01,2024,1,SEA,AL,14,11,33,33,0,0,0,573,181,75,22,23,179,0.244,3.53,0,5,7,1,778,0,82,2,5,8
kirbyge01,2025,1,SEA,AL,10,8,23,23,0,0,0,378,121,59,15,29,137,0.252,4.21,0,3,7,0,524,0,60,0,8,9
kitchau01,2024,1,MIA,NL,0,1,4,1,0,0,0,21,16,11,1,3,4,0.41,14.14,0,0,0,1,42,1,12,0,0,1
kittran01,2023,1,TBA,AL,2,0,14,0,0,0,1,35,12,4,1,2,10,0.255,3.09,0,0,1,0,50,6,4,0,0,0
kittran01,2024,1,SLN,NL,5,5,74,0,0,0,1,212,60,22,10,20,67,0.228,2.8,2,0,0,0,287,4,26,1,3,6
kittran01,2025,1,BAL,AL,2,2,31,0,0,0,0,94,26,12,4,8,32,0.222,3.45,1,1,0,0,126,9,13,0,1,3
kittran01,2025,2,CHN,NL,2,1,23,0,0,0,5,65,15,8,3,3,32,0.195,3.32,0,0,0,0,82,8,9,1,1,2
kleinwi01,2024,1,KCA,AL,1,0,5,0,0,0,0,17,10,4,0,2,6,0.4,6.35,0,0,0,0,27,2,4,0,0,1
kleinwi01,2024,2,OAK,AL,0,0,3,0,0,0,0,5,2,5,0,4,1,0.333,27,0,1,0,0,11,0,5,0,1,0
kleinwi01,2025,1,LAN,NL,1,1,14,0,0,0,0,46,14,4,0,10,21,0.246,2.35,0,0,2,0,70,5,6,0,1,1
kloffad01,2024,1,SLN,NL,0,0,1,0,0,0,0,3,0,0,0,0,0,0,0,0,0,0,0,3,0,0,0,0,0
klubeco01,2023,1,BOS,AL,3,6,15,9,0,0,1,165,69,43,17,21,42,0.297,7.04,0,1,4,0,257,1,47,0,0,1
knackla01,2024,1,LAN,NL,3,5,15,12,0,0,1,207,58,28,14,18,69,0.22,3.65,0,1,3,1,286,1,28,0,1,1
knackla01,2025,1,LAN,NL,3,2,10,7,0,0,1,127,40,23,10,19,42,0.247,4.89,0,1,2,0,185,1,25,0,2,2
knehrre01,2023,1,SDN,NL,0,1,4,1,0,0,0,17,10,10,3,5,4,0.385,15.88,0,0,0,0,32,3,10,0,1,0
kniznan01,2024,1,TEX,AL,0,0,2,0,0,0,0,9,1,0,0,2,0,0.125,0,0,0,0,0,11,2,0,0,1,1
kochaja01,2024,1,LAA,AL,2,6,11,11,0,0,0,196,68,29,7,10,25,0.275,3.99,1,1,8,0,266,0,30,1,0,16
kochaja01,2025,1,LAA,AL,3,11,23,23,0,0,0,333,136,84,21,58,72,0.309,6.81,4,4,7,1,512,0,89,0,7,18
kochma01,2023,1,COL,NL,3,2,39,1,0,0,0,116,41,22,7,9,27,0.272,5.12,0,0,2,0,163,9,22,0,1,4
kochma01,2024,1,COL,NL,0,0,2,0,0,0,1,1,3,3,1,1,0,0.75,81,0,0,0,0,5,1,4,0,0,0
koenija01,2024,1,MIL,NL,9,4,55,6,0,0,1,186,54,17,4,23,63,0.228,2.47,4,0,4,0,265,5,22,1,0,3
koenija01,2025,1,MIL,NL,6,1,72,0,0,0,2,198,57,21,6,20,68,0.237,2.86,1,1,4,0,268,8,21,2,1,7
kolarad01,2023,1,LAN,NL,0,0,1,0,0,0,0,4,1,0,0,0,2,0.2,0,0,0,0,0,5,0,0,0,0,0
kolarad01,2023,2,NYN,NL,0,0,4,0,0,0,0,14,1,0,0,1,5,0.071,0,0,0,1,0,17,0,0,1,0,0
kolekst01,2024,1,SDN,NL,3,0,42,0,0,0,0,140,59,27,4,12,39,0.301,5.21,0,2,3,0,211,12,30,0,0,2
kolekst01,2025,1,SDN,NL,4,5,14,14,1,1,0,239,78,37,8,26,56,0.262,4.18,1,0,7,0,336,0,40,0,5,17
kolekst01,2025,2,KCA,AL,1,2,5,5,0,0,0,99,20,7,1,5,21,0.167,1.91,0,0,0,0,125,0,9,0,0,2
kopecmi01,2023,1,CHA,AL,5,12,30,27,0,0,0,388,115,78,29,91,134,0.238,5.43,0,9,11,0,591,2,80,0,5,11
kopecmi01,2024,1,CHA,AL,2,8,43,0,0,0,9,131,35,23,8,24,59,0.222,4.74,2,5,5,2,191,26,24,1,3,4
kopecmi01,2024,2,LAN,NL,4,0,24,0,0,0,6,72,9,3,1,10,29,0.118,1.13,0,1,0,0,88,9,3,0,2,2
kopecmi01,2025,1,LAN,NL,0,0,14,0,0,0,0,33,6,3,0,13,12,0.15,2.45,0,3,0,1,53,1,3,0,0,0
kossch01,2025,1,SFN,NL,0,0,4,0,0,0,0,12,4,0,0,0,0,0.25,0,0,0,0,0,16,4,0,0,0,0
kowarja01,2023,1,KCA,AL,2,0,23,0,0,0,0,84,34,20,4,20,29,0.293,6.43,0,5,1,0,137,8,24,0,0,1
kowarja01,2025,1,SEA,AL,2,0,15,0,0,0,0,51,14,8,4,7,15,0.222,4.24,0,2,1,0,71,9,8,0,0,1
kranima01,2025,1,NYN,NL,3,2,24,0,0,0,0,111,34,15,5,5,25,0.239,3.65,0,0,0,0,148,6,15,0,1,0
kraveev01,2024,1,CIN,NL,0,0,1,0,0,0,0,2,0,0,0,0,0,0,0,0,0,0,0,2,0,0,0,0,0
krehbjo01,2023,1,BAL,AL,1,0,6,0,0,0,0,15,2,1,1,2,5,0.118,1.8,0,0,0,0,19,4,1,0,0,0
kremede01,2023,1,BAL,AL,13,5,32,32,0,0,0,518,171,79,27,55,157,0.254,4.12,0,5,5,0,735,0,85,0,2,10
kremede01,2024,1,BAL,AL,8,10,24,24,0,0,0,389,110,59,18,51,123,0.223,4.1,0,1,3,1,553,0,72,1,5,6
kremede01,2025,1,BAL,AL,11,10,31,29,0,0,0,515,163,80,22,45,142,0.248,4.19,0,9,2,1,708,0,83,0,4,13
kriskbr01,2023,1,KCA,AL,0,0,4,0,0,0,0,20,3,3,2,4,6,0.15,4.05,0,0,0,0,25,2,3,0,1,0
kriskbr01,2025,1,CHN,NL,0,0,4,0,0,0,0,18,2,0,0,5,4,0.105,0,1,0,0,0,24,3,0,0,0,0
kriskbr01,2025,2,MIN,AL,0,1,12,0,0,0,0,36,18,15,1,10,14,0.34,11.25,0,1,0,0,64,4,15,0,1,0
kristza01,2024,1,LAA,AL,0,0,1,0,0,0,0,6,3,0,0,2,2,0.375,0,0,0,0,0,11,1,2,0,1,1
krookma01,2023,1,NYA,AL,0,0,4,0,0,0,0,12,8,11,1,6,3,0.4,24.75,0,1,0,0,27,1,11,0,1,0
krookma01,2024,1,BAL,AL,0,0,1,0,0,0,0,3,1,2,1,1,2,0.2,18,0,0,0,0,6,0,3,0,0,0
krookma01,2025,1,ATH,AL,0,0,3,0,0,0,0,10,5,2,0,1,3,0.385,5.4,0,1,0,0,15,0,2,1,0,1
kuhlch01,2023,1,WAS,NL,0,4,16,5,0,0,1,115,47,36,8,28,31,0.313,8.45,2,4,3,0,187,5,38,1,5,5
kuhlch01,2024,1,CHA,AL,0,2,31,1,0,0,1,160,56,30,5,25,54,0.272,5.06,1,6,6,0,240,7,33,2,1,5
kuhnejo01,2023,1,CIN,NL,0,0,2,0,0,0,0,10,6,3,0,2,0,0.4,8.1,0,0,0,0,17,1,3,0,0,1
kuhnejo01,2023,2,HOU,AL,0,0,7,0,0,0,0,29,10,5,2,3,3,0.27,4.66,1,0,1,0,41,5,5,0,0,2
kuhnejo01,2024,1,HOU,AL,0,0,1,0,0,0,0,6,4,4,0,0,1,0.4,18,0,0,1,0,11,0,4,0,0,0
kuhnejo01,2024,2,TBA,AL,0,0,5,0,0,0,0,24,4,1,1,0,4,0.143,1.13,0,0,0,0,28,3,1,0,0,0
lambeji01,2023,1,CHA,AL,2,3,35,1,0,0,1,113,41,22,10,20,41,0.273,5.26,3,0,1,0,172,10,26,1,0,2
lambepe01,2023,1,COL,NL,3,7,25,11,0,0,0,262,93,52,18,28,71,0.273,5.36,0,1,5,0,375,1,54,0,1,5
lambepe01,2024,1,COL,NL,2,5,28,3,0,0,0,184,73,39,7,29,50,0.3,5.72,2,5,2,0,280,7,42,1,5,5
lambja01,2023,1,LAA,AL,0,0,1,0,0,0,0,3,1,0,0,0,0,0.25,0,0,0,0,0,4,1,0,0,0,0
lametdi01,2023,1,COL,NL,1,4,16,4,0,0,0,77,38,33,6,22,31,0.349,11.57,0,4,1,1,134,1,35,0,2,4
lametdi01,2023,2,BOS,AL,0,0,1,0,0,0,0,6,4,3,1,1,1,0.4,13.5,0,1,0,0,11,0,3,0,0,0
lametdi01,2024,1,LAN,NL,0,0,3,0,0,0,1,13,2,1,1,2,3,0.133,2.08,1,1,0,0,18,2,2,0,1,0
langeal01,2023,1,DET,AL,7,5,67,0,0,0,26,198,43,27,6,45,79,0.185,3.68,1,4,6,0,288,45,30,0,4,5
langeal01,2024,1,DET,AL,0,3,21,0,0,0,2,56,16,9,0,17,21,0.232,4.34,0,4,2,0,90,10,16,2,0,2
langeal01,2025,1,DET,AL,0,0,1,0,0,0,0,3,2,0,0,1,1,0.4,0,0,0,0,0,6,1,0,0,0,0
laosa01,2025,1,SEA,AL,0,0,2,0,0,0,0,10,6,3,1,1,4,0.375,8.1,0,0,0,0,17,2,4,0,0,0
laosa01,2025,2,WAS,NL,1,0,6,0,0,0,0,23,8,3,1,1,5,0.267,3.52,0,0,1,0,32,0,3,0,0,1
laraan01,2025,1,WAS,NL,0,0,9,0,0,0,0,43,27,14,2,8,10,0.403,8.79,0,0,1,0,78,6,15,1,1,1
lasorjo01,2023,1,TBA,AL,0,0,2,0,0,0,0,13,3,1,0,3,3,0.188,2.08,0,0,1,0,20,1,1,0,0,0
lasorjo01,2023,2,WAS,NL,1,0,23,0,0,0,0,85,29,15,3,6,25,0.254,4.76,0,0,5,1,125,8,15,0,0,1
lasorjo01,2024,1,WAS,NL,0,0,16,0,0,0,0,53,17,9,4,5,14,0.258,4.58,1,0,1,0,74,6,9,1,1,0
lasorjo01,2025,1,CIN,NL,0,1,5,0,0,0,0,20,13,8,4,2,2,0.419,10.8,0,0,0,0,33,2,9,0,0,2
latzja01,2023,1,TEX,AL,0,0,3,0,0,0,0,19,1,0,0,3,5,0.053,0,0,0,0,0,22,2,0,0,0,1
latzja01,2024,1,TEX,AL,2,3,46,0,0,0,0,131,39,18,6,27,40,0.241,3.71,3,4,1,0,192,9,20,0,2,3
latzja01,2025,1,TEX,AL,2,0,33,8,0,0,1,257,69,27,7,37,76,0.223,2.84,2,2,0,0,348,5,28,0,1,9
lauerer01,2023,1,MIL,NL,4,6,10,9,0,0,0,140,54,34,16,24,43,0.292,6.56,0,0,0,0,211,1,39,0,2,2
lauerer01,2025,1,TOR,AL,9,2,28,15,0,0,0,314,90,37,15,26,102,0.227,3.18,1,0,2,0,426,2,39,1,1,4
lawde01,2023,1,CIN,NL,4,6,54,3,0,0,2,165,50,22,6,26,45,0.239,3.6,0,5,3,0,240,13,24,2,0,7
lawde01,2024,1,WAS,NL,7,4,75,0,0,0,1,270,82,26,7,24,76,0.246,2.6,0,6,1,0,365,8,31,1,6,11
lawerco01,2025,1,MIN,AL,0,1,5,0,0,0,0,23,4,1,0,0,7,0.167,1.17,0,0,0,0,26,2,2,1,1,1
lawreca01,2023,1,SLN,NL,1,0,15,0,0,0,0,82,32,20,7,10,20,0.299,6.59,2,0,2,0,122,7,20,1,2,3
lawreca01,2025,1,SEA,AL,1,2,5,0,0,0,0,45,20,5,2,1,6,0.317,3,0,1,0,0,65,3,12,0,1,2
lawreca01,2025,2,TOR,AL,0,0,1,0,0,0,0,8,6,3,0,0,1,0.429,10.13,0,0,1,0,15,1,3,0,0,0
lawreju01,2023,1,COL,NL,4,7,69,0,0,0,11,225,65,31,5,36,78,0.235,3.72,4,3,7,0,326,29,37,3,3,9
lawreju01,2024,1,COL,NL,4,4,56,0,0,0,2,179,73,43,9,33,45,0.313,6.49,1,3,7,0,279,21,52,2,4,11
lawreju01,2025,1,PIT,NL,1,0,17,0,0,0,0,53,9,1,0,8,23,0.153,0.51,2,2,2,0,69,3,1,0,0,2
lazarma01,2024,1,PHI,NL,0,0,11,0,0,0,0,41,13,7,2,2,9,0.25,4.61,0,0,0,0,54,5,7,0,0,2
lazarma01,2025,1,PHI,NL,1,1,36,0,0,0,1,124,41,22,7,12,26,0.261,4.79,0,3,0,0,170,19,23,0,1,4
leahyky01,2023,1,SLN,NL,0,1,3,0,0,0,0,5,4,4,1,5,2,0.444,21.6,0,0,1,0,15,0,4,0,0,0
leahyky01,2024,1,SLN,NL,1,1,33,0,0,0,1,146,40,22,4,10,33,0.225,4.07,0,3,1,0,191,14,23,0,2,5
leahyky01,2025,1,SLN,NL,4,2,62,1,0,0,1,264,80,30,5,28,80,0.244,3.07,1,5,1,0,363,12,32,0,6,9
leasujo01,2024,1,CHA,AL,0,2,33,0,0,0,2,94,32,22,6,18,26,0.267,6.32,0,3,1,0,142,4,22,1,2,1
leasujo01,2025,1,CHA,AL,5,6,68,1,0,0,7,193,49,28,12,30,81,0.207,3.92,1,3,1,0,269,17,30,0,1,4
leclejo01,2023,1,TEX,AL,0,2,57,0,0,0,4,171,37,17,5,28,67,0.183,2.68,2,2,2,0,233,24,19,0,1,4
leclejo01,2024,1,TEX,AL,6,5,64,0,0,0,1,200,56,32,7,32,89,0.227,4.32,1,5,4,2,288,13,33,3,2,3
leclejo01,2025,1,ATH,AL,0,1,10,0,0,0,0,27,13,6,3,5,8,0.317,6,0,1,0,1,46,1,6,0,0,0
leech02,2025,1,DET,AL,4,1,32,0,0,0,0,112,32,17,7,9,36,0.239,4.1,1,0,2,0,148,7,17,0,3,4
leedy01,2023,1,ATL,NL,1,0,24,1,0,0,0,71,24,11,4,8,24,0.264,4.18,0,0,0,0,101,2,14,2,0,1
leedy01,2024,1,ATL,NL,4,2,52,0,0,0,0,179,49,14,7,17,76,0.222,2.11,4,0,0,0,240,8,19,1,1,3
leedy01,2025,1,ATL,NL,2,4,74,0,0,0,2,205,53,25,13,14,76,0.213,3.29,1,3,0,3,266,6,27,2,1,4
leeko01,2025,1,CHA,AL,0,0,2,0,0,0,0,9,4,1,0,2,0,0.333,3,0,0,0,0,14,2,1,0,0,0
legumca01,2023,1,CIN,NL,1,0,11,0,0,0,0,38,16,8,3,9,11,0.308,5.68,0,1,0,0,61,2,11,0,0,3
legumca01,2024,1,CIN,NL,0,0,6,0,0,0,0,28,15,9,2,2,7,0.341,8.68,0,0,1,0,47,6,11,0,0,1
legumca01,2025,1,SEA,AL,4,6,48,1,0,0,0,149,47,31,7,25,55,0.247,5.62,2,1,2,0,219,17,36,1,1,6
leibrbr01,2024,1,CIN,NL,0,0,2,0,0,0,0,19,11,7,3,2,5,0.367,9.95,0,0,0,0,32,1,7,0,0,0
leiteja01,2024,1,TEX,AL,0,3,9,6,0,0,0,107,44,35,7,17,31,0.295,8.83,0,3,3,0,173,1,39,1,3,2
leiteja01,2025,1,TEX,AL,10,10,29,29,0,0,0,455,127,65,18,67,148,0.222,3.86,0,10,5,1,646,0,69,1,2,8
leitema02,2023,1,CHN,NL,1,3,69,0,0,0,4,193,48,25,7,24,77,0.206,3.5,0,2,8,1,269,12,27,1,3,4
leitema02,2024,1,CHN,NL,2,4,39,0,0,0,0,109,27,17,2,13,53,0.196,4.21,0,2,1,0,152,3,20,0,0,1
leitema02,2024,2,NYA,AL,2,1,21,0,0,0,0,65,28,12,6,9,33,0.301,4.98,1,3,2,0,104,4,14,0,0,1
leitema02,2025,1,NYA,AL,6,7,59,0,0,0,2,145,57,26,5,17,54,0.289,4.84,0,8,4,0,219,11,31,0,1,5
leonedo01,2023,1,NYN,NL,1,3,31,0,0,0,0,92,27,15,7,11,33,0.243,4.4,2,2,1,0,127,6,15,0,4,4
leonedo01,2023,2,LAA,AL,0,0,11,0,0,0,1,39,15,8,2,9,11,0.288,5.54,1,2,0,0,61,3,8,0,0,2
leonedo01,2023,3,SEA,AL,0,0,9,0,0,0,0,31,7,5,5,8,10,0.184,4.35,0,0,1,0,47,7,5,0,0,0
leonedo01,2024,1,CHA,AL,0,2,23,0,0,0,0,57,20,14,4,14,17,0.274,6.63,1,2,0,0,89,4,17,0,2,4
leonsa01,2023,1,TEX,AL,0,0,1,0,0,0,0,3,1,2,1,0,0,0.25,18,0,0,1,0,5,1,2,0,0,0
lestejo02,2023,1,BAL,AL,0,0,1,0,0,0,0,3,1,0,0,1,1,0.25,0,0,0,0,0,5,1,0,0,0,0
liberma01,2023,1,SLN,NL,3,6,22,11,0,0,0,185,66,36,5,25,46,0.274,5.25,1,4,5,0,275,3,42,0,4,4
liberma01,2024,1,SLN,NL,3,4,60,6,0,0,0,258,81,42,11,28,76,0.251,4.4,3,3,2,0,358,8,44,2,3,8
liberma01,2025,1,SLN,NL,8,12,29,29,0,0,0,455,158,71,19,40,122,0.266,4.21,0,6,4,0,648,0,79,3,8,8
lindgje01,2023,1,MIA,NL,0,0,3,0,0,0,0,21,4,4,0,4,1,0.167,5.14,0,0,0,0,28,1,4,0,0,1
litteza01,2023,1,BOS,AL,0,0,2,0,0,0,0,9,3,3,0,3,2,0.25,9,1,0,0,0,15,2,3,0,0,0
litteza01,2023,2,TBA,AL,3,6,26,14,0,0,0,261,91,38,13,9,72,0.261,3.93,0,4,4,0,364,5,40,1,2,4
litteza01,2024,1,TBA,AL,8,10,29,29,0,0,0,469,164,63,22,31,141,0.265,3.63,0,0,5,0,656,0,68,1,0,13
litteza01,2025,1,TBA,AL,8,8,22,22,1,0,0,400,128,53,26,21,89,0.252,3.58,1,2,5,0,537,0,53,0,3,13
litteza01,2025,2,CIN,NL,2,0,10,10,0,0,0,160,46,26,10,11,41,0.222,4.39,0,1,2,0,222,0,28,0,2,2
littlbr02,2024,1,TOR,AL,1,2,49,0,0,0,1,137,41,19,7,19,36,0.238,3.74,2,5,1,0,193,7,21,1,0,8
littlbr02,2025,1,TOR,AL,4,2,79,0,0,0,1,205,48,23,2,45,91,0.196,3.03,4,7,2,1,295,4,28,1,2,5
littlja02,2025,1,LAN,NL,0,0,2,0,0,0,0,9,4,2,0,1,2,0.333,6,0,0,1,0,14,2,2,0,0,1
littllu01,2023,1,CHN,NL,0,0,7,0,0,0,0,20,5,0,0,4,12,0.208,0,0,1,1,0,30,3,0,0,1,0
littllu01,2024,1,CHN,NL,3,1,30,1,0,0,0,78,15,10,1,18,28,0.174,3.46,1,3,4,0,109,7,11,0,1,5
littllu01,2025,1,CHN,NL,0,0,2,0,0,0,0,8,1,1,0,6,4,0.125,3.38,0,0,0,0,15,0,2,1,0,0
livelbe01,2023,1,CIN,NL,4,7,19,12,0,0,0,266,96,53,20,25,79,0.27,5.38,0,1,3,0,383,0,53,0,0,6
livelbe01,2024,1,CLE,AL,13,10,29,29,0,0,0,453,139,64,23,49,118,0.241,3.81,0,2,5,1,632,0,67,0,1,10
livelbe01,2025,1,CLE,AL,2,2,9,9,0,0,0,134,38,16,6,15,29,0.233,3.22,0,0,0,0,178,0,16,0,0,5
llovema01,2023,1,SFN,NL,1,0,5,0,0,0,0,16,4,1,1,2,5,0.222,1.69,0,1,0,0,21,3,1,0,1,1
llovema01,2023,2,BOS,AL,1,3,25,0,0,0,0,89,32,18,2,13,24,0.264,5.46,3,0,4,0,139,12,24,0,1,2
loaisjo01,2023,1,NYA,AL,0,2,17,0,0,0,0,53,14,6,2,1,6,0.219,3.06,1,0,2,0,69,4,7,0,2,1
loaisjo01,2024,1,NYA,AL,1,0,3,0,0,0,0,12,7,0,0,1,3,0.368,0,0,0,0,0,20,0,0,0,0,0
loaisjo01,2025,1,NYA,AL,0,1,30,0,0,0,1,89,34,14,7,10,25,0.279,4.25,3,1,3,0,135,3,15,0,0,2
lodolni01,2023,1,CIN,NL,2,1,7,7,0,0,0,103,50,24,10,10,47,0.34,6.29,1,2,7,0,166,0,24,1,1,4
lodolni01,2024,1,CIN,NL,9,6,21,21,0,0,0,346,101,61,13,37,122,0.231,4.76,0,1,18,0,493,0,62,0,1,4
lodolni01,2025,1,CIN,NL,9,8,29,28,2,1,0,470,138,58,22,31,156,0.233,3.33,1,2,13,1,642,0,60,4,2,6
loftini01,2024,1,KCA,AL,0,0,1,0,0,0,0,3,1,0,0,0,0,0.333,0,0,0,0,0,3,1,0,0,0,1
logueza01,2023,1,DET,AL,0,0,3,0,0,0,0,33,13,9,3,2,10,0.277,7.36,0,0,0,0,49,2,9,0,0,0
logueza01,2024,1,LAN,NL,0,0,2,0,0,0,0,6,6,4,1,0,4,0.5,18,0,0,0,0,12,1,4,0,0,0
longsa01,2023,1,OAK,AL,0,1,40,1,0,0,2,135,49,28,5,21,32,0.282,5.6,3,2,1,0,199,15,29,1,2,5
longsa01,2024,1,KCA,AL,3,3,43,0,0,0,1,128,34,15,5,17,44,0.218,3.16,1,3,1,1,176,5,17,1,1,1
longsa01,2025,1,KCA,AL,2,3,39,0,0,0,0,121,48,24,7,22,33,0.291,5.36,1,5,2,0,189,19,31,0,0,4
lopezja04,2023,1,TBA,AL,1,0,4,1,0,0,1,37,14,6,0,2,8,0.28,4.38,0,1,2,0,54,1,7,0,0,1
lopezja04,2024,1,TBA,AL,0,0,4,1,0,0,0,31,5,6,2,7,8,0.135,5.23,0,0,2,0,46,1,7,0,0,0
lopezja04,2025,1,ATH,AL,7,7,21,17,0,0,0,278,81,42,15,37,113,0.23,4.08,0,0,8,1,399,1,47,2,0,2
lopezjo02,2023,1,MIN,AL,4,2,37,0,0,0,3,106,34,20,7,11,27,0.256,5.09,3,2,8,0,155,12,22,1,2,3
lopezjo02,2023,2,MIA,NL,2,0,12,0,0,0,0,35,20,12,1,9,8,0.4,9.26,0,3,0,0,61,2,13,0,2,1
lopezjo02,2023,3,BAL,AL,0,0,12,0,0,0,0,36,13,7,4,2,14,0.271,5.25,0,0,0,0,50,1,7,0,0,1
lopezjo02,2024,1,NYN,NL,1,2,28,0,0,0,2,79,25,11,3,11,19,0.255,3.76,1,2,2,0,111,8,13,0,0,4
lopezjo02,2024,2,CHN,NL,1,1,24,0,0,0,2,80,21,6,3,8,31,0.214,2.03,0,0,0,0,106,8,6,0,0,3
lopezjo02,2025,1,WAS,NL,6,0,26,0,0,0,1,74,25,18,1,7,17,0.266,6.57,0,3,3,0,106,5,18,0,2,2
lopezjo03,2023,1,TBA,AL,0,0,1,0,0,0,0,6,3,1,0,1,2,0.333,4.5,0,0,0,0,10,0,1,0,0,0
lopezni01,2023,2,ATL,NL,0,0,2,0,0,0,0,7,4,2,1,2,0,0.364,7.71,0,0,0,0,13,2,2,0,0,0
lopezni01,2025,1,LAA,AL,0,0,1,0,0,0,0,1,0,0,0,1,0,0,0,0,0,0,0,2,1,0,0,0,0
lopezpa01,2023,1,MIN,AL,11,8,32,32,1,1,0,582,176,79,24,48,234,0.238,3.66,1,7,9,0,801,0,81,1,4,10
lopezpa01,2024,1,MIN,AL,15,10,32,32,0,0,0,556,180,84,26,41,198,0.251,4.08,0,3,8,0,772,0,90,2,4,11
lopezpa01,2025,1,MIN,AL,5,4,14,14,0,0,0,227,64,23,6,20,73,0.225,2.74,0,1,4,2,312,0,28,0,3,3
lopezre01,2023,1,CHA,AL,2,5,43,0,0,0,4,126,33,20,7,22,52,0.213,4.29,1,2,0,1,178,13,21,0,1,0
lopezre01,2023,2,LAA,AL,0,2,13,0,0,0,2,39,12,4,1,8,19,0.235,2.77,1,1,1,0,60,3,4,0,0,0
lopezre01,2023,3,CLE,AL,1,0,12,0,0,0,0,33,5,0,0,4,12,0.143,0,0,1,0,0,40,0,0,0,0,2
lopezre01,2024,1,ATL,NL,8,5,26,25,0,0,0,407,108,30,10,42,148,0.22,1.99,0,2,2,1,543,0,32,1,6,14
lopezre01,2025,1,ATL,NL,0,0,1,1,0,0,0,15,9,3,1,2,1,0.391,5.4,0,0,0,0,25,0,3,0,0,0
lordbr02,2025,1,WAS,NL,5,10,48,19,0,0,0,392,126,63,17,43,108,0.255,4.34,0,1,3,0,546,2,65,3,3,13
lorenmi01,2023,1,DET,AL,5,7,18,18,0,0,0,317,89,42,11,27,83,0.233,3.58,0,4,2,1,418,0,44,3,3,13
lorenmi01,2023,2,PHI,NL,4,2,11,7,1,1,1,142,49,29,9,20,28,0.265,5.51,0,0,0,0,206,2,32,0,1,6
lorenmi01,2024,1,TEX,AL,5,6,19,18,0,0,0,305,82,43,15,48,75,0.225,3.81,0,3,5,0,419,1,43,0,2,13
lorenmi01,2024,2,KCA,AL,2,0,7,6,0,0,0,86,19,5,2,12,22,0.183,1.57,0,0,1,0,117,0,6,0,0,1
lorenmi01,2025,1,KCA,AL,7,11,27,26,0,0,0,425,149,73,25,39,127,0.268,4.64,0,12,6,0,606,0,76,0,4,9
loupaa01,2023,1,LAA,AL,2,3,55,0,0,0,1,146,65,33,6,20,45,0.313,6.1,4,2,2,1,231,21,37,0,1,1
loutory01,2024,1,SLN,NL,0,0,3,0,0,0,0,7,2,0,0,1,0,0.222,0,0,0,0,0,10,3,0,0,0,0
loutory01,2025,1,LAN,NL,0,0,2,0,0,0,0,9,4,5,1,2,2,0.308,15,0,0,1,0,16,2,5,0,0,0
loutory01,2025,2,WAS,NL,1,0,10,0,0,0,0,27,16,12,3,6,6,0.364,12,0,0,1,0,52,3,16,0,1,0
lovelri01,2023,1,OAK,AL,0,3,27,0,0,0,0,70,15,12,3,10,24,0.188,4.63,0,0,3,0,96,3,13,0,3,2
lovelri01,2024,1,CHN,NL,0,1,7,0,0,0,0,17,9,5,1,2,6,0.346,7.94,0,0,0,0,28,0,5,0,0,0
lovelri01,2024,2,TBA,AL,3,5,28,0,0,0,2,86,25,12,2,9,20,0.236,3.77,1,1,2,0,119,8,13,1,1,3
lovelri01,2025,1,TOR,AL,0,1,2,0,0,0,0,5,2,4,0,2,3,0.333,21.6,0,0,3,0,12,0,4,0,1,0
lovelri01,2025,2,NYN,NL,0,0,8,0,0,0,0,30,10,7,3,4,9,0.256,6.3,0,0,1,0,45,0,8,0,1,1
lowderh01,2024,1,CIN,NL,2,2,6,6,0,0,0,92,25,4,0,14,22,0.219,1.17,0,0,0,0,128,0,4,0,0,2
lucasea01,2023,1,OAK,AL,0,0,6,0,0,0,0,20,10,6,1,4,7,0.323,8.1,1,2,0,0,35,1,6,0,0,0
lucasea01,2024,1,OAK,AL,0,0,3,0,0,0,0,11,8,6,0,3,6,0.4,14.73,0,0,0,0,23,2,7,0,0,0
lucasea01,2024,2,DET,AL,1,0,3,0,0,0,0,10,3,2,0,2,2,0.25,5.4,0,0,1,0,16,0,2,0,1,0
lucasea01,2024,3,TOR,AL,0,0,2,0,0,0,0,14,6,6,1,4,2,0.333,11.57,0,0,0,0,22,0,6,0,0,1
lucasea01,2025,1,TOR,AL,3,3,6,5,0,0,0,73,25,18,5,12,23,0.272,6.66,0,1,0,0,108,0,18,0,4,3
lucchjo01,2023,1,NYN,NL,4,0,9,9,0,0,0,140,44,15,4,17,32,0.251,2.89,0,1,2,1,195,0,17,1,0,7
lucchjo01,2024,1,NYN,NL,0,2,2,2,0,0,0,31,8,6,1,8,7,0.216,5.23,0,1,0,0,46,0,6,1,0,0
lucchjo01,2025,1,SFN,NL,0,1,38,0,0,0,0,115,35,16,4,12,31,0.235,3.76,1,2,2,1,165,4,17,2,0,2
luetglu01,2023,1,ATL,NL,1,0,12,0,0,0,0,41,17,11,2,7,14,0.304,7.24,0,2,1,0,65,5,11,0,1,1
lugose01,2023,1,SDN,NL,8,7,26,26,0,0,0,439,140,58,19,36,140,0.249,3.57,0,3,3,0,604,0,62,0,2,12
lugose01,2024,1,KCA,AL,16,9,33,33,1,0,0,620,177,69,16,48,181,0.229,3,1,4,9,0,836,0,75,2,4,18
lugose01,2025,1,KCA,AL,8,7,26,26,0,0,0,436,133,67,27,55,125,0.244,4.15,1,5,6,0,611,0,70,3,1,9
luplojo01,2023,2,MIN,AL,0,1,2,0,0,0,0,4,1,2,1,0,0,0.2,13.5,0,1,1,0,6,2,3,0,0,0
luzarje01,2023,1,MIA,NL,10,10,32,32,0,0,0,536,162,71,22,55,208,0.239,3.58,1,7,6,1,741,0,79,1,2,18
luzarje01,2024,1,MIA,NL,3,6,12,12,0,0,0,200,61,37,9,22,58,0.246,5,0,3,2,0,274,0,37,1,1,6
luzarje01,2025,1,PHI,NL,15,7,32,32,0,0,0,551,167,80,16,57,216,0.24,3.92,0,2,3,1,758,0,85,0,2,10
lylesjo01,2023,1,KCA,AL,6,17,31,31,3,0,0,533,176,124,39,45,120,0.255,6.28,0,10,6,0,748,0,130,1,5,13
lylesjo01,2024,1,KCA,AL,0,0,5,0,0,0,0,15,2,0,0,2,3,0.118,0,0,0,0,0,19,3,0,0,0,0
lynchda02,2023,1,KCA,AL,3,4,9,9,0,0,0,157,50,27,9,16,34,0.245,4.64,0,1,1,1,223,0,29,0,2,1
lynchda02,2024,1,KCA,AL,2,0,16,3,0,0,1,130,29,16,6,14,39,0.188,3.32,0,0,4,0,174,3,17,0,2,4
lynchda02,2025,1,KCA,AL,6,2,57,2,0,0,1,203,66,23,8,26,45,0.26,3.06,1,1,6,0,289,8,24,2,1,6
lynnla01,2023,1,CHA,AL,6,9,21,21,0,0,0,359,130,86,28,45,144,0.27,6.47,1,3,7,0,535,0,94,0,2,9
lynnla01,2023,2,LAN,NL,7,2,11,11,0,0,0,192,59,31,16,22,47,0.238,4.36,0,0,2,0,273,0,33,0,0,4
lynnla01,2024,1,SLN,NL,7,4,23,23,0,0,0,352,113,50,16,44,109,0.247,3.84,0,3,4,0,511,0,64,1,4,7
machaan02,2023,1,WAS,NL,4,1,44,0,0,0,0,150,53,29,12,13,43,0.282,5.22,2,1,1,1,207,8,29,3,2,8
maciejo01,2024,1,NYA,AL,0,0,4,0,0,0,0,21,4,2,1,2,7,0.16,2.57,0,0,0,0,27,4,2,0,0,0
macivwi01,2025,1,ATH,AL,0,0,2,0,0,0,0,6,4,0,0,0,0,0.4,0,0,0,0,0,10,2,0,0,0,0
maddety01,2024,1,DET,AL,1,1,6,1,0,0,0,69,25,11,2,8,17,0.275,4.3,0,0,1,0,101,0,12,0,1,2
madribl01,2023,1,HOU,AL,0,0,1,0,0,0,0,3,1,1,1,1,0,0.333,9,0,0,0,0,4,1,1,0,0,1
maedake01,2023,1,MIN,AL,6,8,21,20,0,0,0,313,94,49,17,28,117,0.239,4.23,0,2,3,0,428,0,50,0,3,10
maedake01,2024,1,DET,AL,3,7,29,17,0,0,0,337,124,76,22,31,96,0.28,6.09,0,3,5,0,485,2,80,0,6,9
maedake01,2025,1,DET,AL,0,0,7,0,0,0,0,24,9,7,1,6,8,0.265,7.88,0,2,3,0,43,5,8,0,0,0
mahlety01,2023,1,MIN,AL,1,2,5,5,0,0,0,77,22,9,5,5,28,0.227,3.16,0,0,0,0,102,0,11,0,0,2
mahlety01,2024,1,TEX,AL,0,1,3,3,0,0,0,38,14,7,1,4,10,0.28,4.97,0,1,1,0,56,0,7,0,1,1
mahlety01,2025,1,TEX,AL,6,4,16,16,0,0,0,260,69,21,5,29,66,0.218,2.18,0,0,0,1,346,0,21,0,1,8
mailelu01,2023,1,CIN,NL,0,0,4,0,0,0,0,13,12,8,4,0,0,0.5,16.62,0,0,0,0,25,4,8,0,1,0
mailelu01,2024,1,CIN,NL,0,0,3,0,0,0,0,11,6,6,1,0,0,0.353,14.73,0,0,0,0,18,3,6,0,1,0
mailelu01,2025,1,KCA,AL,0,0,1,0,0,0,0,3,0,0,0,1,0,0,0,0,0,0,0,4,1,0,0,0,0
maldoan01,2024,1,MIA,NL,1,1,16,1,0,0,1,57,21,12,1,7,11,0.28,5.68,3,1,0,0,82,6,12,0,0,1
maldoan01,2025,1,ATH,AL,0,0,6,0,0,0,0,18,10,8,3,5,7,0.357,12,1,1,0,0,33,5,8,0,0,0
maldoma01,2023,1,HOU,AL,0,0,1,0,0,0,0,3,5,4,1,1,0,0.714,36,0,0,1,0,10,1,4,0,1,0
manaese01,2023,1,SFN,NL,7,6,37,10,0,0,1,353,104,58,14,42,128,0.234,4.44,0,3,8,0,499,2,68,0,5,12
manaese01,2024,1,NYN,NL,12,6,32,32,0,0,0,545,134,70,21,63,184,0.202,3.47,0,4,9,0,738,0,75,0,3,11
manaese01,2025,1,NYN,NL,2,4,15,12,0,0,0,182,62,38,13,12,75,0.257,5.64,0,2,7,0,263,2,38,2,1,1
mannima01,2023,1,DET,AL,5,4,15,15,0,0,0,234,60,31,11,21,50,0.212,3.58,0,0,5,0,316,0,37,1,5,4
mannima01,2024,1,DET,AL,0,1,5,5,0,0,0,83,31,15,3,12,23,0.287,4.88,0,1,0,0,123,0,15,0,3,1
manoaal01,2023,1,TOR,AL,3,9,19,19,0,0,0,262,93,57,15,59,79,0.269,5.87,1,3,9,3,415,0,61,0,1,7
manoaal01,2024,1,TOR,AL,1,2,5,5,0,0,0,73,17,10,5,8,26,0.189,3.7,0,1,4,0,103,0,16,0,1,2
mantijo01,2023,1,ARI,NL,2,2,35,3,0,0,0,117,35,20,4,9,28,0.236,4.62,1,1,0,0,157,9,22,0,0,4
mantijo01,2024,1,ARI,NL,6,2,75,2,0,0,1,179,52,26,1,18,53,0.231,3.92,7,3,0,1,243,8,27,0,0,6
mantijo01,2025,1,ARI,NL,0,1,10,0,0,0,0,29,26,17,5,3,8,0.481,15.83,1,0,1,0,58,4,17,0,0,0
marinro01,2023,1,NYA,AL,4,5,45,0,0,0,2,142,35,21,6,27,56,0.208,3.99,0,2,7,0,205,9,24,1,1,2
marinro01,2024,1,NYA,AL,1,0,16,0,0,0,0,70,18,10,4,10,25,0.217,3.86,0,0,3,1,99,4,11,1,2,3
marinro01,2025,1,SDN,NL,0,0,7,0,0,0,0,32,6,1,0,4,12,0.162,0.84,0,0,0,0,42,3,1,0,1,0
mariomi01,2023,1,CIN,NL,0,0,1,0,0,0,0,8,4,1,1,1,2,0.333,3.38,0,0,0,0,13,0,1,0,0,0
marquge01,2023,1,COL,NL,2,2,4,4,0,0,0,60,19,11,4,3,17,0.257,4.95,0,0,0,1,80,0,11,0,1,3
marquge01,2024,1,COL,NL,0,0,1,1,0,0,0,12,5,3,1,4,3,0.313,6.75,0,0,0,0,20,0,3,0,0,0
marquge01,2025,1,COL,NL,3,16,26,26,0,0,0,379,168,94,23,48,83,0.316,6.7,1,6,6,0,591,0,106,1,4,10
marshal01,2023,1,KCA,AL,3,9,17,8,0,0,0,223,77,47,16,39,85,0.266,5.69,0,1,9,0,342,1,50,2,1,5
marshal01,2024,1,KCA,AL,9,9,26,25,0,0,0,387,123,65,19,39,123,0.249,4.53,1,3,11,1,548,1,70,0,4,9
martejo01,2023,1,LAA,AL,0,0,10,0,0,0,0,28,14,9,3,7,7,0.359,8.68,0,1,0,0,48,0,10,0,2,2
martejo01,2024,1,LAA,AL,0,0,14,0,0,0,0,58,14,5,1,10,14,0.206,2.33,0,2,1,0,80,3,6,0,1,4
marteyu01,2023,1,PHI,NL,1,1,40,0,0,0,2,118,47,22,6,17,38,0.288,5.03,0,0,1,0,182,8,27,0,1,3
marteyu01,2024,1,PHI,NL,0,0,23,0,0,0,0,78,34,20,5,15,23,0.306,6.92,0,3,0,0,127,5,22,0,1,0
martiad01,2023,1,OAK,AL,0,2,22,1,0,0,0,165,59,29,8,19,47,0.278,4.75,0,4,5,0,241,7,31,0,5,3
martich02,2023,1,BOS,AL,4,1,55,0,0,0,3,154,45,6,2,8,46,0.237,1.05,3,1,0,0,199,12,6,0,1,4
martich02,2024,1,BOS,AL,3,1,45,0,0,0,2,133,47,17,5,3,50,0.275,3.45,1,2,3,0,180,9,22,1,2,5
martich02,2025,1,TEX,AL,2,6,49,0,0,0,2,127,43,14,6,8,43,0.262,2.98,3,2,1,0,174,10,18,0,1,6
martico02,2025,1,BAL,AL,1,0,17,0,0,0,2,54,22,12,4,9,23,0.289,6,0,1,2,1,89,7,15,2,0,0
martida03,2024,1,CHA,AL,0,5,11,10,0,0,0,150,50,24,5,23,47,0.26,4.32,0,2,5,0,220,0,25,0,0,5
martida03,2025,1,CHA,AL,7,10,26,25,0,0,0,428,136,65,20,48,104,0.251,4.1,1,2,6,2,601,0,74,0,5,17
martiju01,2023,1,ARI,NL,0,0,10,0,0,0,1,30,13,14,2,11,14,0.295,12.6,1,1,2,0,57,4,14,0,0,0
martiju01,2024,1,ARI,NL,5,6,64,0,0,0,8,218,59,20,2,36,91,0.221,2.48,6,8,2,1,308,28,26,1,2,5
martiju01,2025,1,ARI,NL,1,2,17,0,0,0,5,46,7,7,1,12,22,0.135,4.11,1,2,3,0,67,9,8,0,0,2
martini01,2023,1,SDN,NL,6,4,63,9,0,0,1,331,99,42,12,40,106,0.24,3.43,1,3,3,0,461,6,45,3,1,8
martini01,2024,1,CIN,NL,10,7,42,16,1,0,0,427,128,49,13,18,116,0.237,3.1,0,4,5,0,570,3,56,4,3,9
martini01,2025,1,CIN,NL,11,14,40,26,0,0,0,497,158,82,22,42,116,0.254,4.45,1,6,6,0,683,2,86,5,9,10
martise01,2023,1,HOU,AL,2,3,35,0,0,0,1,129,45,25,5,19,45,0.265,5.23,2,0,6,0,195,7,29,0,0,2
martise01,2024,1,HOU,AL,3,2,44,0,0,0,1,158,49,21,7,18,36,0.246,3.59,1,0,4,2,222,14,24,1,0,9
martise01,2025,1,MIA,NL,0,0,6,0,0,0,0,20,4,4,2,3,4,0.182,5.4,0,0,0,1,27,0,4,0,2,0
mastrmi01,2023,1,CHN,NL,0,0,1,0,0,0,0,1,4,4,1,0,0,0.8,108,0,0,0,0,5,1,4,0,0,0
mastrmi01,2025,1,SEA,AL,0,0,1,0,0,0,0,3,1,0,0,2,0,0.25,0,0,0,0,0,6,1,0,0,0,0
mateojo01,2025,1,BAL,AL,0,0,1,0,0,0,0,3,5,5,1,2,0,0.625,45,0,0,1,0,11,0,5,0,0,0
matonph01,2023,1,HOU,AL,4,3,68,0,0,0,1,198,49,22,6,25,74,0.207,3,2,1,9,0,274,7,27,1,2,5
matonph01,2024,1,TBA,AL,1,2,40,0,0,0,2,106,29,18,6,18,30,0.225,4.58,1,1,5,0,152,10,19,0,0,4
matonph01,2024,2,NYN,NL,2,1,31,0,0,0,1,86,18,8,1,6,30,0.176,2.51,0,0,4,0,113,6,8,1,0,0
matonph01,2025,1,SLN,NL,1,3,40,0,0,0,2,115,28,10,1,15,48,0.206,2.35,1,1,5,0,158,9,12,1,1,3
matonph01,2025,2,TEX,AL,3,2,23,0,0,0,3,69,14,9,2,8,33,0.179,3.52,1,0,2,0,90,13,9,1,1,2
matsuyu01,2024,1,SDN,NL,4,2,64,0,0,0,0,188,46,26,8,27,69,0.204,3.73,4,8,0,0,257,14,27,0,4,2
matsuyu01,2025,1,SDN,NL,3,1,61,0,0,0,1,190,53,28,10,33,61,0.227,3.98,2,5,1,0,272,19,29,1,4,4
matthze01,2024,1,MIN,AL,1,4,9,9,0,0,0,113,51,28,11,11,43,0.311,6.69,0,1,2,0,177,0,31,0,0,1
matthze01,2025,1,MIN,AL,5,6,16,16,0,0,0,238,94,49,12,24,88,0.291,5.56,0,2,0,0,354,0,50,2,5,5
mattsis01,2024,1,PIT,NL,0,0,3,0,0,0,0,16,1,3,0,5,6,0.059,5.06,0,0,1,0,23,1,3,0,0,0
mattsis01,2025,1,PIT,NL,3,3,44,0,0,0,0,143,35,13,4,19,45,0.203,2.45,2,0,2,0,198,12,14,2,3,2
matzety01,2024,1,ATL,NL,0,0,11,0,0,0,0,30,16,11,3,3,10,0.356,9.9,0,2,0,0,48,1,11,0,0,1
matzety01,2025,1,NYA,AL,0,0,7,0,0,0,0,19,11,3,0,5,7,0.379,4.26,0,0,0,0,35,4,3,0,1,0
matzst01,2023,1,SLN,NL,4,7,25,17,0,0,0,315,108,45,11,32,98,0.263,3.86,0,2,3,2,449,2,48,2,2,8
matzst01,2024,1,SLN,NL,1,2,12,7,0,0,0,133,49,25,7,15,33,0.287,5.08,1,1,2,0,190,2,28,1,1,7
matzst01,2025,1,SLN,NL,5,2,32,2,0,0,1,165,56,21,4,9,47,0.26,3.44,0,2,1,0,227,2,25,1,1,5
matzst01,2025,2,BOS,AL,0,0,21,0,0,0,1,65,17,5,4,2,12,0.215,2.08,0,1,1,0,82,2,6,0,0,2
maxweza01,2025,1,CIN,NL,0,0,8,0,0,0,0,30,10,5,3,4,13,0.256,4.5,0,0,0,0,43,1,5,0,0,1
maydu01,2023,1,LAN,NL,4,1,9,9,0,0,0,144,29,14,1,16,34,0.173,2.63,0,1,2,0,187,0,14,0,1,3
maydu01,2025,1,LAN,NL,6,7,19,18,0,0,0,312,97,56,16,43,97,0.245,4.85,3,1,8,0,451,0,60,2,2,8
maydu01,2025,2,BOS,AL,1,4,6,5,0,0,0,85,35,17,5,13,26,0.307,5.4,0,0,4,0,133,1,18,0,2,4
mayermi01,2023,1,KCA,AL,1,2,6,2,0,0,0,79,34,18,4,10,17,0.315,6.15,0,2,0,0,119,0,19,0,1,4
maytr01,2023,1,OAK,AL,4,4,49,0,0,0,21,140,35,17,4,29,40,0.208,3.28,5,2,3,0,205,35,21,3,2,2
mayzati01,2023,1,TOR,AL,3,1,69,0,0,0,1,160,50,9,2,15,53,0.251,1.52,3,1,0,0,215,8,10,0,1,7
mayzati01,2024,1,TOR,AL,0,1,35,0,0,0,0,74,36,22,3,12,16,0.34,8.03,2,1,0,0,121,8,24,0,3,1
mayzati01,2024,2,NYA,AL,0,1,15,0,0,0,0,54,18,8,2,3,12,0.261,4,0,0,1,0,74,4,10,0,1,1
mayzati01,2025,1,PIT,NL,0,0,7,0,0,0,0,28,9,3,1,1,8,0.243,2.89,0,0,1,0,40,4,3,0,1,0
mayzati01,2025,2,PHI,NL,0,0,8,0,0,0,0,22,8,4,1,4,7,0.276,4.91,0,1,1,0,34,1,4,0,0,1
mazurad01,2024,1,SDN,NL,1,3,8,8,0,0,0,101,40,28,6,21,22,0.301,7.49,0,0,2,0,158,0,28,0,2,5
mazurad01,2025,1,MIA,NL,0,4,6,6,0,0,0,90,33,16,4,12,19,0.264,4.8,0,2,1,0,139,0,21,0,1,2
mcallza01,2023,1,NYA,AL,0,0,7,0,0,0,0,16,9,6,2,2,5,0.346,10.13,0,0,1,0,29,2,7,0,0,1
mcartja01,2023,1,KCA,AL,1,0,18,2,0,0,4,70,20,12,2,2,23,0.235,4.63,0,1,1,0,90,6,12,0,2,2
mcartja01,2024,1,KCA,AL,5,7,57,0,0,0,18,170,68,31,8,14,49,0.298,4.92,2,1,3,0,247,38,36,1,1,6
mccanja02,2023,1,BAL,AL,0,0,1,0,0,0,0,3,2,0,0,0,0,0.4,0,0,0,0,0,5,1,0,0,0,0
mccanja02,2024,1,BAL,AL,0,0,1,0,0,0,0,3,2,2,1,0,0,0.4,18,0,0,0,0,5,1,2,0,0,0
mccauda01,2023,1,SEA,AL,0,0,3,0,0,0,0,15,7,3,1,3,10,0.292,5.4,0,0,0,0,27,3,5,0,0,0
mccauda01,2024,1,MIA,NL,0,0,10,5,0,0,2,108,44,23,7,9,27,0.297,5.75,0,1,6,0,165,4,26,0,2,1
mccauda01,2024,2,CLE,AL,0,0,2,0,0,0,0,18,9,6,2,6,1,0.391,9,0,1,0,0,30,1,6,0,1,1
mccauda01,2025,1,MIN,AL,0,0,3,0,0,0,0,16,5,1,0,1,6,0.227,1.69,0,0,0,0,23,1,1,0,0,0
mcclash01,2023,1,TBA,AL,11,2,21,21,0,0,0,345,95,42,15,41,121,0.222,3.29,0,1,0,0,469,0,42,0,0,9
mccorch01,2025,1,HOU,AL,0,0,3,0,0,0,0,9,3,2,0,2,1,0.273,6,0,0,2,0,15,3,2,0,0,1
mcculla02,2025,1,HOU,AL,2,5,16,13,0,0,0,166,61,40,10,39,61,0.268,6.51,0,1,7,0,274,2,45,0,0,2
mcdanga01,2025,1,LAA,AL,0,0,10,0,0,0,0,32,13,7,2,8,6,0.317,5.91,0,2,1,0,50,4,8,0,0,3
mcderch01,2024,1,BAL,AL,0,0,1,1,0,0,0,12,5,3,1,2,3,0.333,6.75,0,0,0,0,18,0,3,0,1,1
mcderch01,2025,1,BAL,AL,0,1,4,1,0,0,0,26,12,15,3,12,9,0.333,15.58,0,2,1,1,51,0,15,1,1,0
mcdontr01,2024,1,SFN,NL,0,0,1,0,0,0,0,9,0,0,0,1,1,0,0,0,0,0,0,10,1,0,0,0,0
mcdontr01,2025,1,SFN,NL,1,0,3,2,0,0,0,45,13,3,1,2,14,0.228,1.8,0,1,0,0,60,0,6,1,0,1
mcfartj01,2023,1,NYN,NL,0,1,3,0,0,0,0,5,4,1,0,1,2,0.444,5.4,0,0,1,0,11,1,2,0,0,0
mcfartj01,2024,1,OAK,AL,2,4,79,0,0,0,0,170,53,24,4,17,39,0.252,3.81,5,0,4,0,235,12,28,1,3,10
mcfartj01,2025,1,ATH,AL,0,0,27,0,0,0,0,47,26,12,2,3,7,0.377,6.89,0,1,1,0,74,5,12,0,1,3
mcgeeea01,2023,1,SEA,AL,0,0,1,1,0,0,0,20,1,0,0,1,2,0.048,0,0,0,0,0,22,0,0,0,0,0
mcgeeea01,2025,1,MIL,NL,0,0,9,0,0,0,0,44,15,9,1,5,13,0.268,5.52,1,0,0,0,62,8,9,0,1,2
mcgousc01,2023,1,ARI,NL,2,7,63,1,0,0,9,211,60,37,14,30,86,0.226,4.73,2,3,2,0,301,24,40,0,3,3
mcgousc01,2024,1,ARI,NL,1,3,26,2,0,0,0,98,34,27,6,21,25,0.274,7.44,0,1,1,1,150,7,30,0,4,4
mcgousc01,2025,1,ARI,NL,0,0,7,0,0,0,0,21,6,5,1,6,5,0.214,6.43,0,0,1,0,35,2,5,0,0,0
mcgousc01,2025,2,ATH,AL,0,0,6,0,0,0,0,27,12,7,3,1,11,0.308,7,0,0,0,0,40,5,7,0,0,0
mcgremi01,2024,1,SLN,NL,3,0,4,3,0,0,0,69,16,5,1,2,18,0.193,1.96,0,0,1,0,86,1,5,0,0,3
mcgremi01,2025,1,SLN,NL,8,4,17,16,0,0,0,287,100,47,12,20,58,0.268,4.42,0,0,3,1,400,1,50,2,2,10
mcguire01,2025,1,CHN,NL,0,0,1,0,0,0,0,3,2,1,1,1,0,0.4,9,0,0,0,0,6,1,1,0,0,0
mchugco01,2023,1,ATL,NL,4,1,41,1,0,0,0,176,70,28,5,22,47,0.293,4.3,1,0,4,0,268,6,34,2,0,5
mckenry01,2023,1,BAL,AL,0,0,1,0,0,0,0,3,4,2,0,0,0,0.667,18,0,0,0,0,6,1,2,0,0,1
mckentr01,2023,1,CLE,AL,0,3,4,4,0,0,0,48,12,9,1,13,16,0.2,5.06,0,1,0,0,73,0,9,0,0,0
mckentr01,2024,1,CLE,AL,3,5,16,16,0,0,0,227,69,43,19,49,74,0.239,5.11,1,5,1,0,340,0,46,0,1,8
mckentr01,2025,1,CLE,AL,0,0,4,0,0,0,0,17,7,7,1,7,4,0.318,11.12,0,3,0,0,30,3,7,0,1,0
mckinza01,2023,1,DET,AL,0,0,1,0,0,0,0,3,3,2,1,0,0,0.5,18,0,0,0,0,6,1,2,0,0,0
mckinza01,2024,1,DET,AL,0,0,3,0,0,0,0,6,1,2,1,1,0,0.143,9,0,0,0,0,8,3,2,0,0,0
mckinza01,2025,1,DET,AL,0,0,1,0,0,0,0,1,0,0,0,0,0,0,0,0,0,0,0,1,1,0,0,0,0
mcleano01,2025,1,NYN,NL,5,1,8,8,0,0,0,144,34,11,4,16,57,0.2,2.06,0,2,2,0,188,0,13,0,0,4
mcmiljo01,2023,1,KCA,AL,0,0,4,0,0,0,0,12,1,1,1,0,8,0.077,2.25,0,0,0,0,13,3,1,0,0,0
mcmiljo01,2024,1,MIA,NL,2,1,10,0,0,0,0,36,7,2,1,5,13,0.171,1.5,0,0,0,0,47,5,4,1,0,1
meansjo01,2023,1,BAL,AL,1,2,4,4,0,0,0,71,13,7,4,4,10,0.159,2.66,0,0,1,0,88,0,7,0,1,0
meansjo01,2024,1,BAL,AL,2,0,4,4,0,0,0,62,16,6,2,2,16,0.211,2.61,0,0,1,0,80,0,6,0,1,0
mearsni01,2023,1,COL,NL,0,1,16,0,0,0,0,58,14,8,1,14,21,0.194,3.72,0,1,1,1,87,5,8,0,0,1
mearsni01,2024,1,COL,NL,1,4,41,0,0,0,0,136,47,28,2,21,57,0.264,5.56,1,3,0,0,203,11,30,0,4,3
mearsni01,2024,2,MIL,NL,0,1,13,0,0,0,0,37,14,10,5,3,18,0.28,7.3,0,0,0,0,53,1,10,0,0,0
mearsni01,2025,1,MIL,NL,5,3,63,0,0,0,1,170,42,22,7,13,46,0.213,3.49,1,2,1,0,221,4,25,1,9,3
medervi01,2023,1,LAA,AL,0,0,3,0,0,0,0,9,5,3,0,3,3,0.417,9,0,0,1,0,17,2,3,0,1,1
medervi01,2024,1,LAA,AL,0,1,4,0,0,0,0,16,7,7,1,6,5,0.333,11.81,0,0,0,0,27,1,7,0,0,1
medervi01,2025,1,LAA,AL,0,2,5,3,0,0,0,51,18,14,4,12,14,0.277,7.41,0,1,3,0,81,1,14,0,1,2
medinlu02,2023,1,OAK,AL,3,10,23,17,0,0,0,329,109,66,14,57,106,0.255,5.42,2,11,8,2,495,0,73,0,3,9
medinlu02,2024,1,OAK,AL,2,4,8,8,0,0,0,120,43,23,4,20,32,0.276,5.18,1,5,1,0,180,0,24,0,3,2
meekeja01,2024,1,MIL,NL,0,0,1,0,0,0,0,3,1,0,0,1,0,0.333,0,0,0,0,0,4,1,0,0,0,1
megiltr01,2023,1,MIL,NL,1,0,31,2,0,0,0,104,35,14,2,12,52,0.265,3.63,0,2,1,0,148,9,14,0,3,2
megiltr01,2024,1,MIL,NL,1,3,48,0,0,0,21,139,33,14,4,14,50,0.2,2.72,4,4,1,0,183,26,16,1,2,4
megiltr01,2025,1,MIL,NL,6,3,50,0,0,0,30,141,36,13,3,17,60,0.209,2.49,3,2,0,0,192,44,16,0,3,2
megilty01,2023,1,NYN,NL,9,8,25,25,0,0,0,379,141,66,18,58,105,0.282,4.7,0,8,6,0,567,0,76,0,2,19
megilty01,2024,1,NYN,NL,4,5,16,15,0,0,0,234,70,35,8,32,91,0.234,4.04,0,4,4,0,337,0,39,0,2,3
megilty01,2025,1,NYN,NL,5,5,14,14,0,0,0,205,60,30,6,33,89,0.23,3.95,0,3,7,0,305,0,37,1,3,2
mejiaje02,2023,1,MIL,NL,1,0,9,0,0,0,0,34,15,7,2,3,13,0.326,5.56,0,1,1,0,50,6,7,0,0,3
mejiaju01,2025,1,COL,NL,2,2,55,0,0,0,1,184,52,27,6,25,68,0.23,3.96,1,2,6,0,261,16,34,1,3,5
meltotr01,2025,1,DET,AL,3,2,16,4,0,0,0,137,31,14,7,15,36,0.191,2.76,0,2,1,0,180,0,15,1,1,3
menacr01,2024,1,ARI,NL,0,0,1,1,0,0,0,9,4,4,2,3,2,0.333,12,0,0,0,1,15,0,4,0,0,0
menacr01,2025,1,ARI,NL,1,0,3,0,0,0,0,20,3,1,1,3,8,0.13,1.35,0,1,0,0,26,0,1,0,0,0
mendida01,2023,1,NYN,NL,0,0,2,0,0,0,0,6,9,8,2,0,0,0.6,36,0,0,0,0,15,2,8,0,0,0
mendida01,2024,1,CHA,AL,0,0,1,0,0,0,0,3,2,0,0,0,0,0.5,0,0,0,0,0,4,1,0,0,0,1
mercami01,2024,1,PHI,NL,1,2,5,2,0,0,0,39,16,16,9,9,10,0.296,11.08,0,1,1,0,64,0,16,0,0,0
mercami01,2025,1,PHI,NL,0,0,3,0,0,0,0,9,7,5,1,4,4,0.467,15,0,0,0,0,20,2,5,0,1,0
merryju01,2023,1,CHN,NL,5,1,69,0,0,0,2,216,58,27,8,36,98,0.219,3.38,0,3,1,0,303,15,28,0,1,4
merryju01,2024,1,CHN,NL,1,1,15,0,0,0,0,45,18,11,0,9,14,0.295,6.6,0,2,3,0,74,4,11,0,1,1
merryju01,2025,1,CHN,NL,0,1,21,0,0,0,0,56,23,12,2,11,15,0.303,5.79,2,1,0,0,88,2,13,0,1,2
mervima01,2024,1,CHN,NL,0,0,1,0,0,0,0,2,7,6,0,0,0,0.778,81,0,0,0,0,9,0,6,0,0,0
messipa01,2025,1,CLE,AL,3,1,7,7,0,0,0,119,46,12,4,6,38,0.289,2.72,0,2,0,1,165,0,12,0,0,4
meyerma01,2024,1,MIA,NL,3,5,11,11,0,0,0,171,62,36,14,19,46,0.276,5.68,0,0,3,0,248,0,38,0,1,5
meyerma01,2025,1,MIA,NL,3,5,12,12,0,0,0,194,72,34,12,20,68,0.276,4.73,0,0,2,1,285,0,39,0,2,2
meylu01,2025,1,CIN,NL,2,0,23,0,0,0,0,63,17,8,3,17,21,0.221,3.43,0,2,1,0,96,7,8,0,1,1
middlke01,2023,1,CHA,AL,2,2,39,0,0,0,2,109,33,16,7,16,47,0.239,3.96,0,1,1,0,156,6,17,1,0,1
middlke01,2023,2,NYA,AL,0,0,12,0,0,0,0,43,7,3,1,7,17,0.143,1.88,0,1,0,0,56,5,3,0,0,2
mikolmi01,2023,1,SLN,NL,9,13,35,35,0,0,0,604,226,107,26,39,137,0.282,4.78,0,4,8,0,860,0,110,1,8,14
mikolmi01,2024,1,SLN,NL,10,11,32,32,0,0,0,515,194,102,26,25,122,0.284,5.35,0,0,5,1,720,0,106,0,6,18
mikolmi01,2025,1,SLN,NL,8,11,31,31,0,0,0,469,169,84,29,37,100,0.272,4.84,1,1,3,0,669,0,87,2,5,9
mileywa01,2023,1,MIL,NL,9,4,23,23,0,0,0,361,99,42,16,38,79,0.223,3.14,0,2,3,0,490,0,44,0,3,14
mileywa01,2024,1,MIL,NL,0,1,2,2,0,0,0,21,6,5,1,4,2,0.25,6.43,0,0,1,1,30,0,5,1,0,2
mileywa01,2025,1,CIN,NL,1,0,3,2,0,0,0,36,15,9,3,6,7,0.313,6.75,0,0,1,0,55,1,9,0,0,2
millebo05,2023,1,LAN,NL,11,4,22,22,0,0,0,373,105,52,12,32,119,0.226,3.76,0,10,6,0,505,0,53,0,3,9
millebo05,2024,1,LAN,NL,2,4,13,13,0,0,0,168,69,53,17,30,52,0.305,8.52,0,7,2,0,258,0,53,0,0,9
millebo05,2025,1,LAN,NL,0,0,2,1,0,0,0,15,11,7,2,2,7,0.44,12.6,1,0,1,0,28,1,7,0,0,0
millebr02,2023,1,TEX,AL,0,0,1,0,0,0,0,6,2,3,1,2,0,0.333,13.5,0,0,0,0,9,1,3,0,1,1
millebr04,2023,1,SEA,AL,8,7,25,25,0,0,0,394,124,63,18,26,119,0.248,4.32,0,2,7,0,537,0,64,1,2,9
millebr04,2024,1,SEA,AL,12,8,31,31,0,0,0,541,131,59,21,45,171,0.2,2.94,1,2,3,0,704,0,62,0,2,6
millebr04,2025,1,SEA,AL,4,6,18,18,0,0,0,271,93,57,17,34,74,0.266,5.68,0,2,3,0,392,0,57,1,5,5
milleer01,2024,1,SFN,NL,4,5,73,10,0,0,0,202,50,29,7,38,87,0.205,3.88,0,1,1,0,284,11,33,0,1,5
milleer01,2025,1,SFN,NL,4,1,36,0,0,0,0,90,24,5,0,20,22,0.238,1.5,4,1,3,0,128,2,5,2,2,6
millema03,2023,1,OAK,AL,0,3,10,6,0,0,0,100,24,14,2,16,38,0.203,3.78,0,3,3,0,139,0,15,0,2,1
millema03,2024,1,OAK,AL,2,2,55,0,0,0,28,195,36,18,6,21,104,0.16,2.49,3,2,1,0,249,44,23,0,2,3
millema03,2025,1,ATH,AL,1,2,38,0,0,0,20,115,21,16,4,18,59,0.163,3.76,2,3,1,1,151,32,17,2,1,4
millema03,2025,2,SDN,NL,0,0,22,0,0,0,2,70,7,2,1,10,45,0.096,0.77,0,0,0,0,83,5,2,0,0,3
milleow01,2024,1,MIL,NL,0,0,1,0,0,0,0,6,5,4,1,1,0,0.5,18,0,0,0,0,12,1,4,0,1,0
millery01,2024,1,LAA,AL,0,1,13,0,0,0,0,39,13,6,2,8,11,0.26,4.15,2,0,0,0,58,5,7,0,0,2
millesh01,2023,1,LAN,NL,3,0,36,1,0,0,1,126,19,8,3,19,42,0.135,1.71,2,1,2,0,163,12,8,1,0,1
millesh01,2024,1,DET,AL,6,8,51,0,0,0,2,167,41,28,9,13,49,0.202,4.53,0,1,5,0,225,18,31,0,4,2
millesh01,2025,1,ARI,NL,3,3,37,0,0,0,10,109,24,8,3,11,40,0.19,1.98,3,0,3,0,143,21,11,0,3,2
millesh01,2025,2,MIL,NL,1,0,11,0,0,0,0,29,9,6,2,4,14,0.237,5.59,1,1,1,0,43,2,6,0,0,1
millety01,2023,1,MIL,NL,0,0,7,0,0,0,0,28,9,6,2,3,7,0.25,5.79,0,1,1,0,41,6,6,0,1,0
millety01,2023,2,LAN,NL,0,0,1,0,0,0,0,6,3,2,0,1,1,0.375,9,0,1,0,0,9,0,2,0,0,0
millety01,2023,3,NYN,NL,1,0,1,0,0,0,0,6,0,0,0,2,0,0,0,0,0,0,0,8,0,0,0,0,0
millety01,2023,4,LAN,NL,0,0,1,0,0,0,0,6,1,0,0,0,2,0.167,0,0,0,0,0,6,0,0,0,0,1
millety01,2024,1,SEA,AL,0,0,9,0,0,0,0,35,8,4,2,1,12,0.186,3.09,0,0,1,0,45,2,5,0,0,1
millety01,2024,2,CHN,NL,5,1,49,0,0,0,1,151,31,12,5,10,42,0.178,2.15,0,0,4,0,190,9,13,1,1,3
millsal02,2023,1,CIN,NL,0,0,1,0,0,0,0,3,4,2,1,1,0,0.5,18,0,1,1,0,10,0,5,0,0,0
milneho01,2023,1,MIL,NL,2,1,73,0,0,0,0,193,49,13,5,13,59,0.209,1.82,0,1,2,0,252,6,16,0,2,7
milneho01,2024,1,MIL,NL,5,1,61,1,0,0,1,194,63,34,6,14,64,0.258,4.73,2,0,2,0,268,11,38,4,4,7
milneho01,2025,1,TEX,AL,3,4,73,0,0,0,0,211,68,30,5,21,58,0.256,3.84,3,0,2,0,293,10,35,1,3,9
milonto01,2023,1,SEA,AL,0,1,2,2,0,0,0,27,7,2,1,6,3,0.212,2,0,0,0,0,40,0,3,0,1,1
minteaj01,2023,1,ATL,NL,3,6,70,0,0,0,10,194,56,27,6,21,82,0.236,3.76,2,1,0,1,260,19,28,0,2,6
minteaj01,2024,1,ATL,NL,5,4,39,0,0,0,1,103,24,10,6,11,35,0.198,2.62,1,0,1,0,134,10,10,1,0,3
minteaj01,2025,1,NYN,NL,0,0,13,0,0,0,0,33,6,2,0,5,14,0.154,1.64,0,0,0,1,44,1,2,0,0,0
misiean01,2023,1,ARI,NL,1,0,7,0,0,0,0,24,11,5,1,3,6,0.333,5.63,0,2,0,0,37,1,5,0,1,1
misiean01,2023,2,DET,AL,0,0,1,0,0,0,0,1,4,3,1,0,0,0.8,81,0,0,0,0,5,1,3,0,0,0
misiean01,2023,3,NYA,AL,1,0,3,0,0,0,0,8,2,1,0,3,2,0.2,3.38,0,1,0,0,13,1,3,0,0,0
misiean01,2024,1,NYA,AL,0,0,1,0,0,0,0,3,2,0,0,1,1,0.4,0,0,0,0,0,6,0,0,0,0,0
misiean01,2025,1,MIN,AL,0,0,5,0,0,0,0,14,5,5,2,4,5,0.263,9.64,0,2,0,0,23,1,5,0,0,0
misioja01,2025,1,MIL,NL,5,3,15,14,0,0,0,198,51,32,8,31,87,0.213,4.36,0,1,3,0,273,0,34,0,0,7
mizeca01,2024,1,DET,AL,2,6,22,20,0,0,0,307,121,51,11,29,78,0.29,4.49,0,2,2,1,452,0,57,0,4,13
mizeca01,2025,1,DET,AL,14,6,28,28,0,0,0,447,153,64,21,36,139,0.263,3.87,1,2,3,0,627,0,68,1,6,7
mlodzca01,2023,1,PIT,NL,3,3,35,1,0,0,1,108,28,9,3,18,34,0.214,2.25,1,0,1,0,152,6,14,0,2,1
mlodzca01,2024,1,PIT,NL,5,5,40,4,0,0,0,152,41,19,3,19,46,0.223,3.38,1,1,2,0,209,5,22,0,4,2
mlodzca01,2025,1,PIT,NL,5,8,34,12,0,0,0,297,102,39,8,27,89,0.265,3.55,0,5,4,0,419,7,42,3,0,9
molinan01,2024,1,COL,NL,1,1,35,1,0,0,0,179,72,45,5,22,41,0.305,6.79,1,5,2,0,264,17,46,0,4,6
molinan01,2025,1,COL,NL,1,1,17,1,0,0,0,104,52,28,12,6,24,0.347,7.27,0,1,2,1,160,5,30,1,1,4
mollsa01,2023,1,OAK,AL,0,3,45,1,0,0,1,113,34,19,1,19,46,0.239,4.54,4,4,7,0,170,10,20,0,2,4
mollsa01,2023,2,CIN,NL,2,0,25,0,0,0,0,74,13,2,1,11,22,0.151,0.73,4,0,0,0,98,3,2,1,0,2
mollsa01,2024,1,CIN,NL,3,2,48,0,0,0,0,113,27,14,3,14,38,0.201,3.35,2,0,2,0,152,7,16,0,2,3
mollsa01,2025,1,CIN,NL,1,0,23,0,0,0,0,55,16,13,4,10,22,0.229,6.38,0,4,0,0,81,3,16,1,0,1
montafr01,2023,1,NYA,AL,1,0,1,0,0,0,0,4,2,0,0,1,1,0.333,0,0,0,0,0,7,0,0,0,0,0
montafr01,2024,1,CIN,NL,4,8,19,19,0,0,0,280,93,52,14,41,78,0.256,5.01,0,3,5,0,411,0,56,0,2,4
montafr01,2024,2,MIL,NL,3,3,11,11,0,0,0,172,47,29,10,25,70,0.22,4.55,0,0,1,0,244,0,33,1,3,2
montafr01,2025,1,NYN,NL,3,2,9,7,0,0,0,116,48,27,8,14,32,0.298,6.28,0,1,1,0,178,1,29,1,1,3
montech01,2025,1,ARI,NL,0,0,1,0,0,0,0,8,0,0,0,1,2,0,0,0,0,0,0,9,0,0,0,0,0
monteke01,2024,1,DET,AL,6,6,19,16,1,1,0,295,100,52,19,31,77,0.265,4.76,0,2,3,0,412,1,54,0,0,12
monteke01,2025,1,DET,AL,5,3,20,12,0,0,0,272,95,44,16,31,72,0.268,4.37,0,2,2,0,389,1,46,1,0,7
montepa01,2025,1,MIA,NL,0,0,1,0,0,0,0,11,9,4,0,1,4,0.474,9.82,0,0,0,0,20,0,4,0,0,1
montera01,2023,1,HOU,AL,3,3,68,0,0,0,1,202,74,38,11,29,79,0.279,5.08,0,0,3,0,298,21,40,0,1,6
montera01,2024,1,HOU,AL,1,2,41,0,0,0,0,115,35,20,8,19,23,0.248,4.7,0,0,3,0,164,7,21,0,1,7
montera01,2025,1,HOU,AL,0,0,3,0,0,0,0,12,3,2,0,2,5,0.214,4.5,0,0,0,0,16,2,2,0,0,0
montera01,2025,2,ATL,NL,0,1,36,0,0,0,0,103,27,21,3,21,34,0.211,5.5,2,0,0,0,150,11,22,0,1,2
montera01,2025,3,DET,AL,1,1,20,0,0,0,0,66,12,7,2,14,19,0.164,2.86,0,0,0,0,87,10,10,0,0,4
montgjo01,2023,1,SLN,NL,6,9,21,21,0,0,0,363,116,46,12,35,108,0.25,3.42,0,3,4,0,509,0,54,2,4,13
montgjo01,2023,2,TEX,AL,4,2,11,11,0,0,0,203,61,21,6,13,58,0.24,2.79,0,3,0,0,268,0,21,0,1,7
montgjo01,2024,1,ARI,NL,8,7,25,21,0,0,1,351,149,81,14,44,83,0.311,6.23,3,7,2,0,532,3,83,3,4,9
montgma01,2024,1,TBA,AL,0,0,9,0,0,0,0,29,6,2,0,5,17,0.188,1.86,0,0,0,0,37,1,2,0,0,3
montgma01,2025,1,TBA,AL,1,3,57,0,0,0,1,138,49,29,6,27,63,0.277,5.67,0,1,1,0,209,11,32,2,2,4
moorema02,2023,1,LAA,AL,4,1,41,0,0,0,0,132,33,13,6,12,49,0.208,2.66,2,1,2,0,175,4,14,1,1,5
moorema02,2023,2,CLE,AL,0,0,5,0,0,0,0,14,9,2,1,2,8,0.391,3.86,0,0,0,0,25,0,2,0,0,0
moorema02,2023,3,MIA,NL,1,0,4,0,0,0,0,12,4,0,0,1,3,0.25,0,1,0,1,0,18,0,0,0,0,0
moorema02,2024,1,LAA,AL,5,3,51,0,0,0,1,145,39,27,11,26,41,0.218,5.03,2,1,2,0,210,12,31,3,0,0
mooremc01,2023,1,PHI,NL,0,0,3,0,0,0,0,10,5,7,1,5,2,0.357,18.9,0,0,2,0,21,0,7,0,0,1
morallu01,2025,1,ATH,AL,4,3,10,9,0,0,0,146,38,17,8,18,43,0.212,3.14,0,2,1,0,199,0,18,0,1,1
moranjo01,2023,1,MIN,AL,2,2,43,0,0,0,0,127,35,25,3,27,48,0.226,5.31,1,2,0,0,184,11,27,2,0,4
moranjo01,2025,1,BOS,AL,0,0,2,0,0,0,0,12,5,3,0,3,5,0.294,6.75,0,0,0,0,20,1,3,0,0,0
morejad01,2023,1,SDN,NL,0,0,8,1,0,0,0,27,14,7,1,5,8,0.368,7,0,1,0,0,44,1,7,1,0,2
morejad01,2024,1,SDN,NL,3,2,60,0,0,0,2,191,63,20,4,21,71,0.256,2.83,2,7,1,1,272,12,24,1,3,3
morejad01,2025,1,SDN,NL,13,6,75,0,0,0,3,221,49,17,2,17,70,0.186,2.08,3,2,0,0,286,9,23,5,1,6
moretda01,2023,1,PIT,NL,5,2,55,0,0,0,1,174,39,24,4,24,76,0.187,3.72,1,3,3,0,239,11,26,0,3,3
moretda01,2025,1,PIT,NL,1,1,18,0,0,0,0,50,16,6,2,7,19,0.267,3.24,1,0,0,0,68,6,8,0,1,2
morgada01,2025,1,SDN,NL,1,2,41,2,0,0,0,142,35,14,4,23,50,0.208,2.66,1,2,2,0,193,15,14,0,0,7
morgael01,2023,1,CLE,AL,5,2,61,0,0,0,1,202,73,30,9,24,75,0.267,4.01,1,2,1,1,299,14,37,0,1,1
morgael01,2024,1,CLE,AL,3,0,32,0,0,0,0,126,30,9,4,11,34,0.197,1.93,1,0,1,0,167,9,11,2,1,0
morgael01,2025,1,CHN,NL,0,1,7,0,0,0,0,22,12,10,3,3,4,0.375,12.27,1,0,0,0,35,2,10,0,0,1
morilju02,2025,1,ARI,NL,0,3,42,0,0,0,1,103,38,16,2,20,36,0.297,4.19,0,3,1,0,152,6,19,2,1,7
moronre01,2023,1,LAA,AL,0,0,2,0,0,0,0,4,4,1,1,3,2,0.5,6.75,0,1,0,0,11,0,1,0,0,0
morrico01,2023,1,CLE,AL,0,0,6,0,0,0,0,24,10,6,3,6,9,0.313,6.75,0,0,0,0,38,1,6,0,0,1
mortoch02,2023,1,ATL,NL,14,12,30,30,0,0,0,490,150,66,14,83,183,0.244,3.64,2,4,12,2,716,0,70,2,3,15
mortoch02,2024,1,ATL,NL,8,10,30,30,0,0,0,496,154,77,23,65,167,0.251,4.19,1,2,18,1,701,0,85,1,4,20
mortoch02,2025,1,BAL,AL,7,8,23,17,0,0,0,304,110,61,16,48,101,0.276,5.42,1,1,9,1,464,1,63,2,6,6
mortoch02,2025,2,DET,AL,2,3,9,9,0,0,0,118,40,31,7,23,47,0.258,7.09,1,2,5,1,184,0,31,1,0,3
mortoch02,2025,3,ATL,NL,0,0,1,1,0,0,0,4,2,0,0,1,1,0.4,0,0,0,0,0,6,0,0,0,0,1
muckeza01,2023,1,NYN,NL,0,0,3,0,0,0,0,18,11,4,0,2,3,0.407,6,0,0,1,0,31,1,4,0,1,1
mulleky01,2023,1,OAK,AL,1,5,21,13,0,0,0,231,112,65,16,39,56,0.346,7.6,1,3,3,1,372,1,65,2,4,6
mulleky01,2024,1,OAK,AL,0,1,21,0,0,0,0,148,48,22,6,10,36,0.255,4.01,3,1,1,0,202,9,25,0,3,4
munozan01,2023,1,SEA,AL,4,7,52,0,0,0,13,147,40,16,2,22,67,0.217,2.94,3,4,5,2,211,21,20,0,0,3
munozan01,2024,1,SEA,AL,3,7,60,0,0,0,22,178,31,14,6,26,77,0.153,2.12,3,3,3,1,232,41,16,0,1,4
munozan01,2025,1,SEA,AL,3,3,64,0,0,0,38,187,36,12,2,28,83,0.166,1.73,3,7,4,0,254,47,18,2,3,3
munozro01,2024,1,MIA,NL,2,7,18,17,0,0,0,248,89,60,26,42,70,0.272,6.53,0,4,5,1,379,0,66,0,5,4
munozro01,2025,1,SLN,NL,0,0,9,0,0,0,0,33,9,10,4,9,14,0.225,8.18,0,1,0,0,51,6,10,1,1,0
munozro02,2025,1,ATL,NL,0,0,3,0,0,0,0,11,4,5,1,5,5,0.286,12.27,0,1,2,0,21,0,5,0,0,1
murdono01,2025,1,ATH,AL,1,1,14,0,0,0,0,51,26,25,0,20,21,0.347,13.24,3,0,2,1,98,2,25,0,1,1
murfepe01,2023,1,SEA,AL,1,2,16,0,0,0,0,42,5,2,1,10,16,0.109,1.29,3,0,1,1,58,3,5,1,0,0
murfepe01,2025,1,CHA,AL,0,1,15,0,0,0,0,38,19,11,3,5,13,0.333,7.82,0,0,1,0,63,4,11,0,0,0
murphch01,2023,1,BOS,AL,1,2,20,0,0,0,1,143,50,26,5,17,49,0.263,4.91,0,4,1,0,212,6,27,2,2,3
murphch01,2025,1,BOS,AL,3,0,23,0,0,0,0,104,21,12,4,20,30,0.172,3.12,1,1,5,0,148,12,12,0,1,3
murraja01,2025,1,HOU,AL,0,0,9,1,0,0,0,35,10,2,0,3,8,0.227,1.54,0,0,0,0,47,2,2,0,0,0
musgrjo01,2023,1,SDN,NL,10,3,17,17,0,0,0,292,90,33,10,21,97,0.247,3.05,1,2,9,1,399,0,35,0,4,11
musgrjo01,2024,1,SDN,NL,6,5,19,19,0,0,0,299,94,43,14,23,101,0.251,3.88,0,0,10,0,410,0,44,0,2,11
mushipa01,2023,1,HOU,AL,0,0,14,0,0,0,0,44,19,9,5,4,15,0.311,5.52,0,0,4,0,69,2,9,0,0,2
mushipa01,2024,1,HOU,AL,0,0,10,0,0,0,0,33,11,8,1,5,3,0.256,6.55,0,1,1,0,50,2,10,0,1,1
myersto01,2024,1,MIL,NL,9,6,27,25,0,0,0,414,126,46,18,36,127,0.242,3,0,4,5,5,569,0,52,3,5,11
myersto01,2025,1,MIL,NL,1,2,22,6,0,0,0,152,54,20,5,15,38,0.269,3.55,0,0,2,1,220,8,21,0,2,3
naileja01,2023,1,SLN,NL,0,0,10,0,0,0,0,46,27,15,1,9,7,0.38,8.8,0,0,0,0,80,6,19,0,0,2
nanceto01,2024,1,TOR,AL,0,3,20,0,0,0,0,66,18,10,2,9,19,0.222,4.09,2,2,1,0,93,6,12,1,1,4
nanceto01,2025,1,TOR,AL,2,0,30,0,0,0,0,95,25,7,0,7,32,0.214,1.99,0,1,1,0,126,9,11,0,1,5
nardian01,2023,1,MIA,NL,8,1,63,0,0,0,3,172,45,17,7,21,73,0.213,2.67,2,0,4,0,237,10,18,1,0,3
nardian01,2024,1,MIA,NL,3,2,59,0,0,0,0,149,44,28,7,18,70,0.234,5.07,1,1,1,0,210,4,29,1,2,2
nastrni01,2024,1,CHA,AL,0,7,9,8,0,0,0,107,32,28,7,36,26,0.234,7.07,0,3,1,0,174,0,33,0,0,3
naughpa01,2023,1,SLN,NL,0,0,4,0,0,0,0,15,2,0,0,1,5,0.125,0,0,0,0,0,17,2,0,0,0,1
navared01,2023,1,CHA,AL,0,0,8,0,0,0,0,26,11,7,2,2,9,0.314,7.27,0,0,2,0,39,6,7,0,0,1
nealza01,2023,1,OAK,AL,1,1,14,2,0,0,0,81,30,20,8,14,25,0.28,6.67,1,0,2,0,124,10,22,1,0,2
neelyja01,2024,1,CHN,NL,0,0,6,0,0,0,0,18,8,6,2,2,7,0.308,9,0,1,0,0,28,6,6,0,0,0
nelsoky01,2023,1,ARI,NL,7,4,68,2,0,0,0,168,59,26,12,14,67,0.267,4.18,1,1,1,0,239,8,30,3,0,2
nelsoky01,2024,1,ARI,NL,0,0,11,0,0,0,0,32,8,5,2,4,8,0.216,4.22,1,0,0,0,42,4,5,0,1,1
nelsoky01,2025,1,ARI,NL,0,0,3,0,0,0,1,6,1,2,1,4,2,0.143,9,0,1,0,0,11,1,2,0,0,0
nelsoni01,2023,1,PHI,NL,1,0,1,0,0,0,0,16,2,1,1,2,3,0.111,1.69,0,0,0,0,20,0,1,0,0,0
nelsoni01,2024,1,PHI,NL,0,0,4,0,0,0,0,16,8,3,0,2,8,0.348,5.06,0,0,1,0,26,4,3,0,0,0
nelsory01,2023,1,ARI,NL,8,8,29,27,0,0,0,432,159,85,24,46,96,0.284,5.31,0,6,1,1,619,1,87,2,10,15
nelsory01,2024,1,ARI,NL,10,6,28,25,0,0,1,452,155,71,17,34,126,0.265,4.24,2,4,5,0,630,1,73,0,7,18
nelsory01,2025,1,ARI,NL,7,3,33,23,0,0,1,462,124,58,17,41,132,0.217,3.39,0,1,4,0,619,4,62,0,2,12
nerishe01,2023,1,HOU,AL,6,3,71,0,0,0,2,205,41,13,7,31,77,0.174,1.71,0,3,3,0,273,7,16,1,1,5
nerishe01,2024,1,CHN,NL,8,4,46,0,0,0,17,132,41,19,4,26,46,0.246,3.89,2,1,1,3,196,33,20,1,1,2
nerishe01,2024,2,HOU,AL,2,1,16,0,0,0,1,46,14,8,4,2,18,0.237,4.7,0,1,1,1,64,3,11,1,1,1
nerishe01,2025,1,ATL,NL,0,1,2,0,0,0,0,3,5,5,1,1,1,0.714,45,0,0,0,0,8,1,5,0,0,0
nerishe01,2025,2,LAA,AL,3,0,21,0,0,0,0,42,11,8,2,7,19,0.216,5.14,0,3,1,0,60,3,9,1,0,1
nerishe01,2025,3,HOU,AL,0,1,12,0,0,0,0,35,13,7,3,8,15,0.283,5.4,1,1,0,1,56,4,11,1,1,0
newcose01,2023,1,OAK,AL,1,1,7,2,0,0,0,45,8,5,1,9,17,0.16,3,0,1,2,0,61,1,5,0,0,3
newcose01,2024,1,OAK,AL,1,0,7,0,0,0,0,30,9,7,2,8,7,0.257,6.3,1,0,1,0,45,3,7,1,0,1
newcose01,2025,1,BOS,AL,0,4,12,5,0,0,0,123,55,18,3,17,41,0.325,3.95,0,2,2,0,190,5,24,1,1,7
newcose01,2025,2,ATH,AL,2,1,36,0,0,0,2,154,39,10,2,14,50,0.214,1.75,2,0,3,0,201,6,12,1,1,6
newmake01,2025,1,LAA,AL,0,0,2,0,0,0,0,12,4,3,2,0,0,0.25,6.75,0,0,0,0,16,2,3,0,0,0
nicolky01,2023,1,PIT,NL,0,0,4,0,0,0,0,16,7,7,1,4,7,0.333,11.81,0,1,1,0,26,0,7,0,0,1
nicolky01,2024,1,PIT,NL,2,2,51,0,0,0,0,164,51,24,4,31,55,0.249,3.95,1,7,4,1,243,20,30,0,3,5
nicolky01,2025,1,PIT,NL,1,2,31,0,0,0,0,114,34,20,3,18,34,0.233,4.74,0,1,2,0,167,5,21,0,1,3
nidoto01,2025,1,DET,AL,0,0,1,0,0,0,0,5,0,0,0,0,0,0,0,0,0,1,0,6,1,0,0,1,0
nikhado01,2025,1,CLE,AL,0,1,2,1,0,0,0,12,5,6,0,6,5,0.294,13.5,0,1,0,0,23,1,6,0,0,0
nittovi01,2023,1,NYN,NL,0,0,3,0,0,0,0,11,4,1,0,0,3,0.286,2.45,0,0,1,1,15,3,1,0,0,0
nittovi01,2024,1,OAK,AL,0,1,7,0,0,0,0,24,8,2,1,2,5,0.267,2.25,0,0,0,0,32,1,2,0,0,2
nittovi01,2024,2,BAL,AL,0,0,2,0,0,0,0,12,2,0,0,0,3,0.143,0,0,0,0,0,14,1,0,0,0,0
nogosst01,2023,1,NYN,NL,0,1,13,0,0,0,0,77,28,16,6,14,25,0.28,5.61,0,2,2,0,118,1,16,0,2,2
nolaaa01,2023,1,PHI,NL,12,9,32,32,0,0,0,581,178,96,32,45,202,0.24,4.46,0,2,1,0,793,0,105,2,4,15
nolaaa01,2024,1,PHI,NL,14,8,33,33,1,1,0,598,189,79,30,50,197,0.247,3.57,0,2,3,0,820,0,84,0,3,10
nolaaa01,2025,1,PHI,NL,5,10,17,17,0,0,0,283,99,63,18,28,97,0.267,6.01,0,1,4,0,404,0,65,1,0,5
nolaau01,2025,1,COL,NL,0,0,1,0,0,0,0,3,8,8,2,0,0,0.889,72,0,0,0,0,11,1,8,0,2,0
nolinse01,2023,1,MIA,NL,0,0,1,0,0,0,0,9,7,6,2,2,2,0.438,18,0,0,0,0,18,1,6,0,0,0
norrida01,2023,1,CLE,AL,0,0,7,0,0,0,0,38,10,8,3,12,11,0.204,5.68,0,0,1,0,63,3,11,0,1,1
nunezde01,2024,1,NYN,NL,2,0,25,0,0,0,1,105,24,9,3,8,48,0.189,2.31,1,1,0,2,135,3,11,0,0,3
nunezde01,2025,1,NYN,NL,0,0,10,0,0,0,0,29,6,5,1,6,11,0.171,4.66,0,1,0,0,41,3,5,0,0,0
nunezed03,2025,1,SDN,NL,0,0,4,0,0,0,0,14,4,2,1,4,2,0.25,3.86,0,1,1,0,21,2,2,0,0,1
nunezed03,2025,2,ATH,AL,1,0,6,0,0,0,0,24,9,8,1,7,9,0.31,9,0,1,2,0,39,1,8,0,1,1
oberba01,2023,1,MIN,AL,8,6,26,26,0,0,0,433,125,55,22,29,146,0.232,3.43,0,1,7,0,577,0,58,0,2,8
oberba01,2024,1,MIN,AL,12,9,31,31,1,0,0,536,136,79,27,43,191,0.208,3.98,0,1,6,0,709,0,81,1,4,9
oberba01,2025,1,MIN,AL,6,9,27,27,1,0,0,439,159,83,30,31,120,0.275,5.1,0,1,5,2,624,0,84,2,7,9
obrieri01,2024,1,SLN,NL,0,0,8,0,0,0,0,24,13,10,2,8,11,0.361,11.25,0,1,1,0,46,4,10,0,1,0
obrieri01,2025,1,SLN,NL,3,1,42,0,0,0,6,144,33,11,2,22,45,0.196,2.06,2,3,7,0,199,15,13,1,1,6
ogasash01,2025,1,WAS,NL,1,1,23,2,0,0,0,116,43,30,9,17,30,0.289,6.98,0,1,3,0,173,7,30,0,4,4
ohlpi01,2025,1,MIN,AL,0,3,14,3,0,0,0,90,38,17,5,7,27,0.302,5.1,0,0,0,0,133,3,22,0,0,2
ohtansh01,2023,1,LAA,AL,10,5,23,23,1,1,0,396,85,46,18,55,167,0.184,3.14,0,12,11,0,531,0,50,0,1,16
ohtansh01,2025,1,LAN,NL,1,1,14,14,0,0,0,141,40,15,3,9,62,0.227,2.87,0,10,0,0,188,0,15,0,3,3
okertst01,2023,1,MIA,NL,3,2,64,2,0,0,0,176,50,29,9,24,73,0.229,4.45,0,1,2,1,247,10,31,2,1,2
okertst01,2024,1,MIN,AL,3,2,44,1,0,0,1,106,37,20,6,16,33,0.266,5.09,3,2,3,0,160,8,22,1,1,0
okertst01,2025,1,HOU,AL,3,2,68,1,0,0,1,215,45,24,6,19,84,0.181,3.01,1,0,2,0,276,7,25,3,4,4
ollerad01,2023,1,OAK,AL,1,1,9,1,0,0,0,59,29,22,5,12,13,0.341,10.07,0,1,1,0,101,2,24,0,3,0
ollerad01,2024,1,MIA,NL,2,4,8,8,0,0,0,127,43,25,7,22,36,0.261,5.31,0,1,2,0,189,0,25,0,0,5
olougja01,2024,1,OAK,AL,0,0,4,0,0,0,0,29,13,5,1,5,6,0.31,4.66,0,1,0,0,47,1,5,0,0,0
olsonre01,2023,1,DET,AL,5,7,21,18,0,0,0,311,83,46,14,33,103,0.215,3.99,0,4,1,1,422,0,49,0,2,9
olsonre01,2024,1,DET,AL,4,8,22,22,0,0,0,337,100,44,7,33,101,0.238,3.53,0,4,4,0,465,0,51,0,7,9
olsonre01,2025,1,DET,AL,4,4,13,13,0,0,0,206,58,24,5,25,65,0.228,3.15,2,2,5,0,285,0,24,1,0,7
ortegol01,2023,1,MIN,AL,0,1,10,0,0,0,0,44,11,7,2,7,14,0.204,4.3,0,1,1,0,63,1,7,0,1,0
ortizlu02,2023,1,PHI,NL,0,0,14,0,0,0,1,57,23,7,1,5,16,0.311,3.32,0,0,0,0,80,10,7,1,0,3
ortizlu02,2024,1,PHI,NL,0,0,1,0,0,0,0,2,3,2,0,0,0,0.75,27,0,0,0,0,4,0,2,0,0,1
ortizlu03,2023,1,PIT,NL,5,5,18,15,0,0,0,260,99,46,13,48,59,0.288,4.78,0,3,2,0,400,0,50,0,6,11
ortizlu03,2024,1,PIT,NL,7,6,37,15,0,0,1,407,109,50,16,42,107,0.218,3.32,3,2,9,1,556,2,56,0,5,14
ortizlu03,2025,1,CLE,AL,4,9,16,16,0,0,0,266,80,43,12,42,96,0.237,4.36,0,0,1,0,382,0,44,0,2,9
ortka01,2023,1,BOS,AL,1,2,21,2,0,0,0,69,27,16,6,9,24,0.29,6.26,1,2,1,0,107,7,19,3,1,1
ortka01,2024,1,HOU,AL,1,1,22,0,0,0,0,74,16,7,7,4,26,0.18,2.55,0,1,0,0,93,6,7,0,0,0
ortka01,2025,1,HOU,AL,2,2,49,0,0,0,1,138,35,25,8,27,49,0.211,4.89,1,2,0,0,194,17,26,0,1,6
orzeer01,2024,1,NYN,NL,0,1,2,0,0,0,0,5,3,4,1,2,1,0.375,21.6,0,0,1,0,11,0,4,0,0,0
orzeer01,2025,1,TBA,AL,1,1,33,0,0,0,3,125,38,14,4,19,40,0.244,3.02,1,0,3,0,178,12,16,0,0,2
otanemi01,2024,1,OAK,AL,1,0,36,0,0,0,1,102,27,13,2,20,55,0.214,3.44,0,6,3,0,151,6,15,0,2,1
otanemi01,2025,1,ATH,AL,0,0,6,0,0,0,0,16,7,8,2,5,6,0.318,13.5,0,0,1,0,28,1,8,0,0,1
ottavad01,2023,1,NYN,NL,1,7,66,0,0,0,12,185,46,22,7,29,62,0.208,3.21,3,5,8,3,261,36,24,2,1,6
ottavad01,2024,1,NYN,NL,2,2,60,0,0,0,1,168,49,27,6,23,70,0.229,4.34,1,5,7,0,245,9,29,0,1,2
ottavad01,2025,1,NYA,AL,0,0,3,0,0,0,0,5,0,0,0,4,3,0,0,0,0,0,0,9,0,0,0,0,0
ottogl01,2023,1,TEX,AL,0,0,6,0,0,0,0,32,14,12,6,6,11,0.311,10.13,0,0,0,0,51,2,12,0,0,0
overtco01,2023,1,CIN,NL,0,1,3,3,0,0,0,33,19,14,3,7,9,0.404,11.45,0,0,0,0,55,0,14,0,1,1
oviedjo01,2023,1,PIT,NL,9,14,32,32,1,1,0,533,161,85,19,83,158,0.237,4.31,1,7,13,3,781,0,91,1,4,12
oviedjo01,2025,1,PIT,NL,2,1,9,9,0,0,0,121,26,16,6,23,42,0.182,3.57,0,1,3,1,170,0,17,0,1,3
owensty01,2025,1,DET,AL,0,0,3,0,0,0,0,9,3,1,0,3,1,0.25,3,0,0,0,0,15,2,1,0,0,0
owingch01,2023,1,PIT,NL,0,0,1,0,0,0,0,3,2,0,0,0,0,0.333,0,0,0,0,0,6,1,0,0,0,0
paddach01,2023,1,MIN,AL,1,0,3,0,0,0,0,15,6,3,1,1,8,0.286,5.4,0,1,0,0,22,0,3,0,0,0
paddach01,2024,1,MIN,AL,5,3,17,17,0,0,0,265,102,49,14,21,79,0.283,4.99,0,3,1,0,384,0,50,0,2,5
paddach01,2025,1,MIN,AL,3,9,21,21,0,0,0,333,115,61,17,27,83,0.266,4.95,0,3,3,0,472,0,65,2,8,8
paddach01,2025,2,DET,AL,2,3,12,7,0,0,1,141,51,33,14,10,29,0.273,6.32,0,2,0,0,198,3,33,0,1,2
padilni01,2023,1,CHA,AL,0,1,3,0,0,0,0,14,9,3,1,1,6,0.409,5.79,0,0,0,0,23,0,3,0,0,0
paganem01,2023,1,MIN,AL,5,2,66,1,0,0,1,208,45,23,5,21,65,0.181,2.99,2,2,1,0,273,15,26,1,2,2
paganem01,2024,1,CIN,NL,4,5,38,1,0,0,1,114,40,19,6,11,44,0.278,4.5,0,0,0,1,158,5,20,0,3,4
paganem01,2025,1,CIN,NL,2,4,70,0,0,0,32,206,41,22,10,22,81,0.168,2.88,0,1,2,1,270,56,26,0,2,0
palenda01,2023,1,CHN,NL,5,3,27,0,0,0,0,85,22,14,3,14,33,0.216,4.45,0,5,2,0,119,7,16,1,0,0
palenda01,2024,1,CHN,NL,0,1,10,0,0,0,1,44,14,10,0,12,16,0.25,6.14,0,0,1,0,69,3,11,0,0,1
palenda01,2025,1,CHN,NL,1,6,54,0,0,0,22,158,44,17,5,16,61,0.224,2.91,1,2,2,0,215,38,19,0,1,6
palisja01,2025,1,CHA,AL,0,0,1,0,0,0,0,3,3,2,0,0,0,0.5,18,0,0,0,0,6,1,2,0,0,0
pallaan01,2023,1,SLN,NL,4,1,62,0,0,0,0,204,76,36,6,30,43,0.286,4.76,0,6,3,1,302,9,37,1,2,8
pallaan01,2024,1,SLN,NL,8,8,29,20,0,0,0,364,110,51,8,48,94,0.24,3.78,0,12,2,2,509,1,55,1,0,12
pallaan01,2025,1,SLN,NL,6,15,31,31,0,0,0,488,173,96,21,62,111,0.27,5.31,0,12,5,2,715,0,109,2,5,12
palmqca01,2025,1,COL,NL,0,4,9,7,0,0,0,103,45,34,10,25,27,0.321,8.91,0,1,3,0,175,0,35,1,6,0
pannoth01,2023,1,MIL,NL,0,0,1,0,0,0,0,8,5,2,0,1,4,0.385,6.75,0,2,0,0,14,0,2,0,0,0
pareden01,2024,1,MIL,NL,1,0,17,0,0,0,1,62,13,4,0,10,14,0.181,1.74,0,2,2,0,84,8,4,0,0,1
pareden01,2024,2,CHN,NL,0,0,1,0,0,0,0,3,0,0,0,0,2,0,0,0,0,0,0,3,1,0,0,0,0
parkemi01,2024,1,WAS,NL,7,10,29,29,0,0,0,453,154,72,18,43,133,0.259,4.29,0,7,2,0,646,0,82,1,5,9
parkemi01,2025,1,WAS,NL,9,16,33,30,0,0,1,494,178,104,25,58,103,0.273,5.68,0,3,4,0,725,2,116,1,9,13
parsowe01,2023,1,TOR,AL,0,1,1,1,0,0,0,12,10,9,2,3,3,0.455,20.25,0,2,1,0,26,0,9,0,0,0
parsowe01,2024,1,TOR,AL,0,0,2,0,0,0,0,15,6,6,2,2,2,0.286,10.8,0,0,0,1,23,2,6,0,0,1
parsowe01,2024,2,CLE,AL,0,0,2,0,0,0,0,12,4,0,0,0,5,0.267,0,0,0,0,0,15,1,0,0,0,0
patinlu01,2023,1,TBA,AL,0,0,2,0,0,0,0,12,5,4,2,2,5,0.294,9,0,0,0,0,19,1,4,0,0,0
patinlu01,2023,2,CHA,AL,0,1,7,1,0,0,0,53,16,7,1,12,13,0.235,3.57,0,2,0,0,80,1,8,0,0,1
patrich01,2025,1,MIL,NL,3,8,27,23,0,0,0,359,113,47,13,40,127,0.248,3.53,1,1,4,0,503,0,49,2,2,6
pattosp01,2023,1,OAK,AL,0,0,12,0,0,0,0,37,13,7,3,6,7,0.277,5.11,1,0,0,0,55,5,7,0,2,0
paxtoja01,2023,1,BOS,AL,7,5,19,19,0,0,0,288,93,48,18,33,101,0.25,4.5,0,5,2,0,411,0,51,0,2,6
paxtoja01,2024,1,LAN,NL,8,2,18,18,0,0,0,268,82,44,11,48,64,0.246,4.43,0,4,1,0,390,0,45,2,5,7
paxtoja01,2024,2,BOS,AL,1,1,3,3,0,0,0,33,13,5,1,2,9,0.289,4.09,0,0,0,0,47,0,8,0,0,2
payamjo01,2023,1,MIL,NL,7,5,69,0,0,0,3,212,57,20,8,17,77,0.219,2.55,1,2,5,2,287,10,24,2,2,4
payamjo01,2024,1,MIL,NL,3,7,68,0,0,0,6,177,39,20,7,18,59,0.184,3.05,4,0,2,0,235,18,23,2,1,1
payamjo01,2025,1,MIL,NL,0,1,28,0,0,0,1,71,29,19,3,9,22,0.309,7.23,1,0,2,0,108,11,19,0,3,2
payamjo01,2025,2,ATL,NL,0,0,2,0,0,0,0,8,2,1,1,0,2,0.222,3.38,0,0,0,0,9,0,1,0,0,1
pearsna01,2023,1,TOR,AL,5,2,35,0,0,0,1,128,36,23,7,18,43,0.226,4.85,2,5,3,0,182,8,25,0,2,2
pearsna01,2024,1,TOR,AL,0,1,41,0,0,0,2,120,45,25,8,17,51,0.285,5.63,0,2,2,0,182,12,26,0,5,2
pearsna01,2024,2,CHN,NL,2,1,19,1,0,0,0,79,22,8,4,4,23,0.227,2.73,0,0,1,0,103,5,8,0,1,2
pearsna01,2025,1,CHN,NL,0,1,11,0,0,0,0,44,22,15,2,10,7,0.361,9.2,1,1,1,0,75,4,15,0,3,1
pegueel01,2023,1,MIL,NL,4,5,59,0,0,0,1,184,49,23,4,26,54,0.222,3.38,1,1,4,0,252,7,25,0,1,9
pegueel01,2024,1,MIL,NL,7,4,52,0,0,0,2,154,52,17,4,27,47,0.264,2.98,3,6,2,1,227,8,22,0,1,10
pegueel01,2025,1,MIL,NL,0,0,6,0,0,0,0,22,8,4,1,4,5,0.258,4.91,0,1,1,0,36,2,6,0,0,0
pegueel01,2025,2,CHA,AL,0,0,2,1,0,0,0,6,4,3,0,2,3,0.444,13.5,0,0,0,0,11,0,3,0,0,0
peguejo01,2025,1,SFN,NL,3,1,17,0,0,0,0,67,15,6,2,8,17,0.197,2.42,1,0,0,1,86,4,7,1,1,2
penniwa01,2024,1,KCA,AL,0,0,1,0,0,0,0,2,0,0,0,0,1,0,0,0,0,0,0,2,1,0,0,0,0
penniwa01,2024,2,TEX,AL,1,0,15,1,0,0,0,52,19,6,1,11,16,0.275,3.12,0,1,2,0,82,2,7,0,0,1
penroza01,2024,1,BOS,AL,0,0,7,0,0,0,0,12,3,1,0,4,3,0.2,2.25,0,1,1,0,20,0,2,0,0,0
pepiory01,2023,1,LAN,NL,2,1,8,3,0,0,0,126,27,10,7,5,38,0.179,2.14,0,0,3,0,159,0,10,0,0,1
pepiory01,2024,1,TBA,AL,8,8,26,26,0,0,0,390,102,52,17,48,142,0.212,3.6,0,4,7,0,539,0,58,0,2,6
pepiory01,2025,1,TBA,AL,11,12,31,31,0,0,0,503,134,72,26,61,167,0.221,3.86,0,5,6,0,679,0,77,2,3,13
peralfr01,2023,1,MIL,NL,12,10,30,30,0,0,0,497,131,71,26,54,210,0.212,3.86,0,6,6,1,680,0,77,1,1,7
peralfr01,2024,1,MIL,NL,11,9,32,32,0,0,0,521,143,71,26,68,200,0.224,3.68,0,8,10,1,725,0,74,4,4,8
peralfr01,2025,1,MIL,NL,17,6,33,33,0,0,0,530,124,53,21,66,204,0.193,2.7,0,4,9,2,723,0,54,3,1,8
perallu01,2024,1,COL,NL,0,0,15,0,0,0,0,37,7,1,0,5,14,0.175,0.73,0,2,2,0,49,1,1,1,1,2
perallu01,2025,1,COL,NL,1,3,22,0,0,0,0,57,26,20,6,18,16,0.325,9.47,0,1,2,1,101,2,22,0,1,2
peralsa01,2023,1,CHA,AL,2,0,16,0,0,0,0,60,19,9,2,11,18,0.241,4.05,0,0,0,0,90,7,11,0,0,1
peralsa01,2024,1,CHA,AL,0,0,9,0,0,0,0,45,21,8,2,7,11,0.323,4.8,0,0,0,1,72,4,9,0,0,1
peralsa01,2025,1,LAA,AL,0,1,5,0,0,0,0,32,14,9,0,6,8,0.318,7.59,3,0,0,0,52,5,12,0,2,0
peralwa01,2023,1,NYA,AL,4,2,63,0,0,0,4,162,36,17,7,30,51,0.19,2.83,0,1,6,3,227,11,19,1,1,4
peralwa01,2024,1,SDN,NL,3,2,46,0,0,0,0,115,33,17,6,13,22,0.231,3.99,0,2,5,0,162,10,19,0,1,6
peralwa01,2025,1,SDN,NL,6,1,71,1,0,0,0,215,66,25,5,30,63,0.238,3.14,3,1,2,1,313,17,29,2,2,4
perazos02,2025,2,LAA,AL,0,0,2,0,0,0,0,7,9,8,1,0,0,0.6,30.86,0,0,1,0,16,1,8,0,0,1
perdoan01,2023,1,PIT,NL,3,2,30,0,0,0,0,87,21,12,3,11,44,0.208,3.72,3,0,3,0,117,8,14,2,0,2
perdoan01,2025,1,ATH,AL,0,0,4,0,0,0,0,10,2,2,0,3,2,0.167,5.4,0,0,1,0,16,0,2,0,0,0
peredjh01,2024,1,MIA,NL,0,0,1,0,0,0,0,1,0,0,0,0,0,0,0,0,0,0,0,1,1,0,0,0,0
peredjh01,2025,1,ATH,AL,0,0,3,0,0,0,0,9,9,7,1,2,3,0.529,21,0,0,0,0,20,3,7,0,1,0
perezca02,2023,1,OAK,AL,0,0,2,0,0,0,0,5,4,2,1,2,0,0.5,10.8,0,0,0,0,10,2,2,0,0,1
perezci01,2023,1,BAL,AL,4,2,65,0,0,0,3,160,56,21,2,27,44,0.264,3.54,3,0,4,1,247,13,30,3,1,5
perezci01,2024,1,BAL,AL,2,0,62,0,0,0,2,161,47,27,0,28,46,0.232,4.53,0,6,5,0,238,9,29,1,1,3
perezci01,2025,1,BAL,AL,0,0,19,0,0,0,0,65,28,20,3,18,21,0.322,8.31,1,1,2,1,110,6,22,2,1,5
perezeu02,2023,1,MIA,NL,5,6,19,19,0,0,0,274,72,32,15,31,108,0.214,3.15,0,6,2,1,374,0,35,2,2,5
perezeu02,2025,1,MIA,NL,7,6,20,20,0,0,0,286,68,45,12,32,105,0.195,4.25,0,9,3,2,385,0,47,0,1,2
perezfr01,2023,1,OAK,AL,1,2,17,1,0,0,0,50,17,11,0,8,14,0.266,5.94,1,1,1,0,74,8,12,0,1,1
perezhe02,2023,1,TBA,AL,0,0,1,0,0,0,0,1,3,1,0,1,0,0.75,27,0,0,0,0,5,0,1,0,0,0
perezma02,2023,1,TEX,AL,10,4,35,20,0,0,0,425,150,70,21,49,93,0.274,4.45,1,2,4,3,608,3,74,3,5,18
perezma02,2024,1,PIT,NL,2,5,16,16,0,0,0,249,105,48,13,32,63,0.312,5.2,0,2,3,1,373,0,51,1,0,14
perezma02,2024,2,SDN,NL,3,1,10,10,0,0,0,156,46,20,9,17,44,0.235,3.46,0,0,2,0,217,0,20,1,1,4
perezma02,2025,1,CHA,AL,1,6,11,10,0,0,0,168,40,22,6,22,44,0.198,3.54,0,0,2,0,228,0,23,0,2,6
perkija01,2025,1,ATH,AL,3,2,12,4,0,0,3,116,27,18,4,18,37,0.193,4.19,0,3,2,0,161,5,18,0,1,3
peterda01,2023,1,NYN,NL,3,8,27,21,1,0,0,333,124,62,16,50,128,0.287,5.03,0,6,6,0,492,0,64,1,3,14
peterda01,2024,1,NYN,NL,10,3,21,21,0,0,0,363,110,39,8,46,101,0.243,2.9,0,4,7,1,510,0,44,1,3,11
peterda01,2025,1,NYN,NL,9,6,30,30,1,1,0,506,166,79,11,65,150,0.258,4.22,1,3,7,1,723,0,84,4,3,20
peterja01,2023,1,OAK,AL,0,0,2,0,0,0,0,6,3,2,1,3,1,0.333,9,0,0,0,0,12,2,2,0,0,0
petermi01,2024,1,LAN,NL,3,0,11,0,0,0,0,42,14,10,3,8,11,0.259,6.43,0,0,1,1,64,3,10,0,1,0
petermi01,2024,2,MIA,NL,0,1,5,0,0,0,0,17,7,3,0,3,3,0.318,4.76,1,0,0,0,26,2,4,0,1,0
petermi01,2025,1,ATL,NL,0,0,4,0,0,0,0,20,7,3,1,2,5,0.269,4.05,0,1,0,0,28,2,3,0,0,1
petermi01,2025,2,MIA,NL,0,0,11,0,0,0,0,34,11,5,2,5,12,0.244,3.97,2,1,0,0,51,2,8,1,0,0
pettych02,2025,1,CIN,NL,0,3,3,2,0,0,0,18,14,13,3,8,7,0.452,19.5,0,0,1,0,40,1,14,0,0,1
pfaadbr01,2023,1,ARI,NL,3,9,19,18,0,0,0,288,109,61,22,26,94,0.282,5.72,0,0,3,0,421,1,63,1,5,5
pfaadbr01,2024,1,ARI,NL,11,10,32,32,0,0,0,545,183,95,24,42,185,0.258,4.71,1,1,4,0,760,0,103,1,5,16
pfaadbr01,2025,1,ARI,NL,13,9,33,33,0,0,0,530,198,103,26,37,147,0.278,5.25,2,3,12,0,767,0,107,1,6,10
phillbr02,2023,1,LAA,AL,0,0,1,0,0,0,0,1,1,0,0,1,0,0.5,0,0,0,0,0,3,1,0,0,0,0
phillco01,2023,1,CIN,NL,1,1,5,5,0,0,0,62,18,16,5,13,26,0.22,6.97,0,2,1,0,96,0,16,0,0,0
phillco01,2025,1,CIN,NL,5,0,21,0,0,0,0,75,11,8,3,12,32,0.133,2.88,0,2,2,0,98,5,9,0,1,1
phillev01,2023,1,LAN,NL,2,4,62,0,0,0,24,184,38,14,6,13,66,0.177,2.05,2,1,3,0,234,36,19,2,1,6
phillev01,2024,1,LAN,NL,5,1,61,0,0,0,18,164,48,22,6,17,63,0.232,3.62,1,1,1,0,228,28,30,1,2,3
phillev01,2025,1,LAN,NL,0,0,7,0,0,0,1,17,4,0,0,2,6,0.2,0,0,0,0,0,22,1,0,0,0,0
phillty01,2024,1,PHI,NL,4,1,8,7,1,1,0,110,45,28,9,7,28,0.3,6.87,0,0,2,0,160,1,28,0,1,4
phillty01,2025,1,MIA,NL,2,1,54,1,0,0,4,233,65,24,8,24,52,0.226,2.78,0,6,2,0,313,19,26,0,0,11
pilkiko01,2023,1,CLE,AL,0,0,1,0,0,0,0,6,1,0,0,1,2,0.143,0,0,0,0,0,8,1,0,0,0,0
pilkiko01,2025,1,WAS,NL,2,0,32,0,0,0,0,85,22,14,7,17,34,0.216,4.45,0,2,2,0,123,4,16,0,2,1
pinaro01,2025,1,MIA,NL,0,0,1,0,0,0,0,3,1,1,1,0,0,0.25,9,0,0,0,0,4,0,1,0,0,0
pinaro01,2025,2,TOR,AL,0,0,1,0,0,0,0,4,4,1,0,1,1,0.444,6.75,0,0,0,0,10,0,3,0,0,0
pintajo01,2025,1,NYN,NL,0,0,1,0,0,0,0,2,2,2,0,2,1,0.5,27,0,0,0,0,6,0,2,0,0,0
pintore02,2023,1,TBA,AL,0,0,1,0,0,0,0,3,5,5,3,0,0,0.625,45,0,0,0,0,8,0,5,0,0,0
pintori01,2024,1,PHI,NL,0,0,6,0,0,0,1,32,19,13,2,5,8,0.373,10.97,0,0,2,0,59,5,14,0,1,0
pintri01,2023,1,COL,NL,0,0,1,0,0,0,0,1,1,1,0,3,0,0.5,27,0,0,0,0,5,0,1,0,0,0
pintri01,2024,1,COL,NL,0,0,4,0,0,0,0,10,5,8,2,5,7,0.333,21.6,0,4,2,0,22,1,8,0,0,0
pivetni01,2023,1,BOS,AL,10,9,38,16,0,0,1,428,110,64,23,50,183,0.208,4.04,1,5,6,1,587,3,69,0,2,7
pivetni01,2024,1,BOS,AL,6,12,27,26,0,0,0,437,128,67,28,36,172,0.231,4.14,1,4,1,0,595,0,70,0,4,8
pivetni01,2025,1,SDN,NL,13,5,31,31,0,0,0,545,129,58,22,50,190,0.195,2.87,1,1,3,0,721,0,63,2,6,6
plassmi01,2023,1,PHI,NL,0,1,1,1,0,0,0,11,8,9,3,0,4,0.4,22.09,0,0,3,0,23,0,10,0,0,0
plesaza01,2023,1,CLE,AL,1,1,5,5,0,0,0,64,37,18,3,5,14,0.374,7.59,0,0,0,0,105,0,20,1,0,1
plesaza01,2024,1,LAA,AL,1,1,3,3,0,0,0,36,12,11,4,7,5,0.255,8.25,0,0,0,0,54,0,11,0,0,0
pocheco01,2023,1,TBA,AL,12,3,66,0,0,0,1,182,42,15,4,24,61,0.194,2.23,1,3,1,0,246,6,17,2,3,2
pocheco01,2024,1,TBA,AL,1,2,43,0,0,0,2,112,30,16,7,13,33,0.217,3.86,2,1,0,0,153,7,16,0,2,3
pocheco01,2025,1,WAS,NL,1,2,13,0,0,0,0,26,10,11,1,12,10,0.313,11.42,0,1,0,0,46,0,12,0,2,1
pocheco01,2025,2,NYN,NL,0,0,1,0,0,0,0,2,2,2,0,2,1,0.5,27,0,0,0,0,6,1,2,0,0,0
pomerdr01,2025,1,CHN,NL,2,2,57,4,0,0,1,149,38,12,5,15,57,0.21,2.17,1,1,5,0,203,11,14,1,1,3
popeau01,2025,1,ARI,NL,0,0,1,0,0,0,0,6,2,0,0,1,1,0.25,0,0,0,0,0,9,0,0,0,0,0
popza01,2023,1,TOR,AL,1,1,15,0,0,0,0,41,11,10,4,6,14,0.22,6.59,0,1,0,0,56,2,11,0,0,2
popza01,2024,1,TOR,AL,2,4,58,0,0,0,1,145,45,30,9,19,33,0.243,5.59,4,1,2,1,209,12,36,1,2,7
popza01,2025,1,SEA,AL,0,0,4,0,0,0,0,16,10,8,3,2,3,0.37,13.5,0,0,1,0,30,1,9,0,0,0
popza01,2025,2,NYN,NL,0,1,1,0,0,0,0,4,5,3,1,0,0,0.556,20.25,0,0,0,0,9,0,3,0,0,0
portelo01,2025,1,SFN,NL,0,0,1,0,0,0,0,3,2,1,1,0,0,0.4,9,0,0,0,0,5,1,1,0,0,0
poteeco01,2024,1,NYA,AL,3,0,5,4,0,0,0,73,18,6,2,8,16,0.207,2.22,0,1,1,0,96,0,7,0,0,4
poteeco01,2025,1,BAL,AL,0,0,1,0,0,0,0,8,6,5,0,2,1,0.429,16.88,0,0,0,0,16,0,5,0,0,0
poulipj01,2025,1,WAS,NL,2,1,28,0,0,0,1,74,23,10,2,13,27,0.247,3.65,0,0,2,0,110,6,10,0,2,3
povicca01,2024,1,BAL,AL,3,9,16,16,0,0,0,239,80,46,12,34,69,0.256,5.2,1,1,3,0,352,0,49,0,2,4
povicca01,2025,1,BAL,AL,3,8,22,20,0,0,0,337,125,65,17,43,118,0.285,5.21,2,6,1,0,488,0,70,1,4,14
prattni01,2024,1,KCA,AL,0,0,1,0,0,0,0,3,1,0,0,0,1,0.25,0,0,1,0,0,4,1,0,0,0,0
pressry01,2023,1,HOU,AL,4,5,65,0,0,0,31,196,54,26,8,16,74,0.22,3.58,0,2,1,0,268,56,33,0,5,3
pressry01,2024,1,HOU,AL,2,3,59,0,0,0,4,170,58,22,4,18,58,0.262,3.49,0,7,2,0,244,8,25,1,2,5
pressry01,2025,1,CHN,NL,2,3,44,0,0,0,5,124,46,20,6,17,28,0.286,4.35,0,0,2,0,182,17,24,2,0,7
priesqu01,2023,1,PIT,NL,3,3,10,8,0,0,0,150,58,43,12,27,36,0.29,7.74,0,5,3,0,234,0,43,1,3,4
priesqu01,2024,1,PIT,NL,2,6,10,6,0,0,0,134,52,25,7,13,31,0.283,5.04,0,1,2,0,201,1,29,0,2,2
priesqu01,2024,2,BOS,AL,1,0,1,1,0,0,0,15,4,1,0,1,2,0.222,1.8,0,0,1,0,20,0,1,0,0,1
priesqu01,2025,1,MIL,NL,13,3,29,24,0,0,0,472,145,58,18,50,132,0.245,3.32,0,4,6,0,653,2,62,2,2,18
pruitau01,2023,1,OAK,AL,2,6,38,6,0,0,0,145,44,16,5,12,30,0.243,2.98,1,1,1,0,196,8,18,0,2,4
pruitau01,2024,1,TEX,AL,0,0,4,0,0,0,0,13,8,6,3,3,1,0.4,12.46,1,0,0,0,24,3,6,0,1,0
pukaj01,2023,1,MIA,NL,7,5,58,0,0,0,15,170,54,25,10,13,78,0.241,3.97,2,1,2,0,242,31,29,1,2,1
pukaj01,2024,1,MIA,NL,4,8,32,4,0,0,1,132,36,21,3,23,45,0.218,4.3,0,2,1,1,191,4,27,1,1,2
pukaj01,2024,2,ARI,NL,0,1,30,0,0,0,2,82,15,4,2,5,43,0.155,1.32,2,0,1,0,103,5,4,0,0,0
pukaj01,2025,1,ARI,NL,0,0,8,0,0,0,4,24,8,3,2,2,12,0.25,3.38,0,1,1,0,35,5,3,0,0,0
quantca01,2023,1,CLE,AL,4,7,19,19,0,0,0,299,111,58,11,35,58,0.279,5.24,0,6,7,0,444,0,59,0,4,10
quantca01,2024,1,COL,NL,8,11,29,29,0,0,0,445,156,82,23,69,110,0.273,4.98,0,6,11,1,656,0,83,2,3,17
quantca01,2025,1,MIA,NL,4,10,24,24,0,0,0,329,122,67,17,30,82,0.281,5.5,0,3,5,0,470,0,69,0,1,10
quantca01,2025,2,ATL,NL,0,2,2,2,0,0,0,24,14,12,5,5,3,0.368,13.5,0,0,0,0,43,0,12,0,0,0
quezajo01,2023,1,MIA,NL,0,0,1,0,0,0,0,2,1,3,0,5,0,0.5,40.5,0,0,0,0,8,0,3,0,1,0
quijajo01,2023,1,LAA,AL,0,1,10,0,0,0,4,27,8,6,0,3,8,0.222,6,0,0,2,0,41,4,7,0,0,0
quijajo01,2024,1,LAA,AL,2,2,22,0,0,0,0,58,12,7,1,17,24,0.19,3.26,0,0,2,1,84,5,9,1,1,5
quijajo01,2025,1,LAA,AL,0,0,2,0,0,0,0,4,1,0,0,2,3,0.167,0,0,0,0,0,8,0,0,0,0,0
quintjo01,2023,1,NYN,NL,3,6,13,13,0,0,0,227,75,30,5,24,60,0.26,3.57,0,2,1,0,319,0,33,1,4,9
quintjo01,2024,1,NYN,NL,10,10,31,31,0,0,0,511,150,71,22,63,135,0.237,3.75,0,7,11,0,717,0,73,4,5,19
quintjo01,2025,1,MIL,NL,11,7,24,24,0,0,0,395,120,58,18,50,89,0.241,3.96,0,1,5,1,556,0,65,1,3,12
raganco01,2023,1,TEX,AL,2,3,17,0,0,0,0,73,20,16,4,14,24,0.225,5.92,1,2,1,0,106,1,17,0,2,2
raganco01,2023,2,KCA,AL,5,2,12,12,0,0,0,215,50,21,3,27,89,0.195,2.64,0,4,1,0,286,0,23,0,1,6
raganco01,2024,1,KCA,AL,11,9,32,32,1,0,0,559,146,65,15,67,223,0.213,3.14,1,11,6,0,762,0,71,3,1,11
raganco01,2025,1,KCA,AL,3,3,13,13,0,0,0,185,53,32,7,20,98,0.228,4.67,0,3,2,0,257,0,33,1,2,1
ragsdca01,2025,1,BAL,AL,0,0,2,0,0,0,0,15,10,8,1,1,4,0.417,14.4,0,0,0,0,25,1,8,0,0,0
raineta01,2023,1,WAS,NL,0,0,1,0,0,0,0,3,1,0,0,1,1,0.25,0,0,1,0,0,5,1,0,0,0,0
raineta01,2024,1,WAS,NL,0,0,50,0,0,0,0,153,47,27,8,29,44,0.239,4.76,1,5,4,0,231,30,28,0,1,2
raineta01,2025,1,PIT,NL,0,1,11,0,0,0,0,23,7,9,0,6,9,0.25,10.57,0,0,1,0,37,0,9,1,1,0
raineta01,2025,2,DET,AL,0,0,2,0,0,0,0,6,1,3,0,3,2,0.143,13.5,0,0,0,1,10,1,3,0,0,0
raleybr01,2023,1,NYN,NL,1,2,66,0,0,0,3,164,44,17,4,25,61,0.217,2.8,3,0,6,0,236,11,19,1,1,5
raleybr01,2024,1,NYN,NL,1,0,8,0,0,0,0,21,2,0,0,3,9,0.095,0,0,0,0,0,25,1,0,0,1,1
raleybr01,2025,1,NYN,NL,3,1,30,0,0,0,0,77,14,7,0,6,25,0.154,2.45,0,0,2,0,99,1,7,0,0,0
raleylu01,2023,1,TBA,AL,0,0,2,0,0,0,0,8,11,9,2,0,1,0.579,30.38,0,0,0,0,19,1,9,0,0,0
ramirem01,2024,1,MIA,NL,0,1,15,0,0,0,0,62,21,16,3,8,21,0.263,6.97,0,2,3,0,92,2,17,0,1,1
ramirer02,2023,1,WAS,NL,2,3,23,0,0,0,0,81,36,19,4,6,13,0.321,6.33,0,0,3,1,126,5,20,0,5,2
ramirer02,2023,2,TBA,AL,1,0,15,2,0,0,0,100,46,24,7,7,30,0.333,6.48,0,2,1,0,148,5,27,0,2,3
ramirer02,2024,1,TBA,AL,3,0,13,0,0,0,1,62,12,10,5,10,15,0.164,4.35,1,2,1,0,85,10,12,0,1,2
ramirer02,2025,1,MIN,AL,0,1,9,0,0,0,1,33,10,3,2,2,5,0.256,2.45,1,1,0,0,42,8,4,0,1,3
ramirni01,2023,1,NYA,AL,1,2,32,0,0,0,1,122,41,12,1,9,28,0.256,2.66,0,0,1,1,172,12,17,1,1,3
ramirni01,2024,1,LAN,NL,0,0,8,0,0,0,0,40,18,9,0,7,5,0.333,6.08,1,2,0,0,63,7,11,0,2,1
ramiryo01,2023,1,PIT,NL,1,0,26,0,0,0,0,103,34,14,3,14,31,0.26,3.67,1,3,10,0,155,9,17,0,0,8
ramiryo01,2023,2,CHA,AL,0,0,5,0,0,0,0,12,5,4,0,3,4,0.313,9,0,0,1,0,21,1,4,0,1,0
ramiryo01,2024,1,NYN,NL,0,1,5,0,0,0,0,25,11,7,1,4,11,0.306,7.56,1,3,0,1,41,1,7,0,1,0
ramiryo01,2024,2,BAL,AL,0,0,5,0,0,0,0,18,3,4,0,2,6,0.158,6,0,3,3,0,24,2,4,0,0,0
ramiryo01,2024,3,LAN,NL,0,4,27,0,0,0,1,88,32,18,3,11,27,0.283,5.52,1,1,7,0,134,8,21,2,1,5
ramiryo01,2024,4,BOS,AL,0,0,1,0,0,0,0,4,3,2,0,0,1,0.429,13.5,0,1,2,0,9,0,3,0,0,0
ramiryo01,2025,1,PIT,NL,3,3,24,0,0,0,0,100,33,20,4,16,45,0.246,5.4,1,4,4,0,155,5,25,0,1,1
ramsela01,2023,1,CHA,AL,1,0,21,0,0,0,0,60,25,13,1,9,18,0.313,5.85,0,3,0,0,92,7,13,1,2,2
rangeal01,2025,1,PHI,NL,0,0,5,0,0,0,1,33,10,3,1,6,8,0.25,2.45,0,0,0,1,46,3,3,0,0,2
raqueni01,2025,1,SLN,NL,0,0,2,0,0,0,0,6,0,0,0,1,1,0,0,0,0,0,0,7,0,0,0,0,0
rashita01,2025,1,ARI,NL,0,1,10,0,0,0,2,49,16,8,0,8,22,0.25,4.41,0,1,0,0,72,5,8,0,0,0
rasmudr01,2023,1,TBA,AL,4,2,8,8,0,0,0,134,36,13,2,11,47,0.221,2.62,0,2,1,0,177,0,13,1,1,4
rasmudr01,2024,1,TBA,AL,0,2,16,4,0,0,1,86,25,9,0,6,35,0.229,2.83,0,1,0,0,116,5,10,0,1,1
rasmudr01,2025,1,TBA,AL,10,5,31,31,0,0,0,450,116,46,18,37,127,0.214,2.76,1,3,5,0,585,0,47,1,1,16
rayro02,2023,1,SEA,AL,0,1,1,1,0,0,0,10,4,3,0,5,3,0.308,8.1,0,1,0,0,19,0,5,0,1,0
rayro02,2024,1,SFN,NL,3,2,7,7,0,0,0,92,20,16,6,15,43,0.187,4.7,0,4,6,0,129,0,16,0,1,1
rayro02,2025,1,SFN,NL,11,8,32,32,1,0,0,547,148,74,22,73,186,0.221,3.65,0,7,4,1,755,0,81,1,6,8
reaco01,2023,1,MIL,NL,6,6,26,22,0,0,0,374,110,63,23,38,110,0.235,4.55,0,2,4,1,517,1,65,3,4,9
reaco01,2024,1,MIL,NL,12,6,32,27,0,0,1,503,169,80,29,43,135,0.258,4.29,1,2,10,0,714,1,83,1,4,13
reaco01,2025,1,CHN,NL,11,7,32,27,0,0,1,478,155,70,20,44,127,0.258,3.95,0,2,6,0,662,3,73,4,7,11
reedja02,2023,1,LAN,NL,0,0,1,0,0,0,0,2,5,6,1,1,1,0.833,81,0,0,0,0,7,0,6,0,0,0
reidfse01,2023,1,NYN,NL,0,1,8,0,0,0,0,23,4,3,0,6,16,0.148,3.52,0,0,0,0,34,1,3,0,1,0
reidfse01,2024,1,NYN,NL,1,2,23,0,0,0,0,65,13,4,0,14,25,0.173,1.66,0,1,0,0,90,9,10,0,1,1
reyesde02,2023,1,NYN,NL,0,2,9,3,0,0,0,59,25,17,3,8,17,0.309,7.78,0,0,1,0,90,1,17,0,0,2
reyesge01,2023,1,LAA,AL,0,0,8,0,0,0,0,29,11,8,2,6,10,0.275,7.45,0,2,2,0,49,1,9,0,1,0
reyesge01,2024,1,OAK,AL,0,0,3,0,0,0,0,12,4,2,0,3,2,0.267,4.5,0,1,0,0,18,2,3,0,0,0
reyespa01,2023,1,BOS,AL,0,0,2,0,0,0,0,6,3,1,0,4,0,0.333,4.5,0,1,0,0,13,2,1,0,0,0
reyespa01,2024,1,BOS,AL,0,0,1,0,0,0,0,3,1,0,0,1,0,0.25,0,0,0,0,0,5,1,0,0,0,0
reyespa01,2025,1,NYA,AL,0,0,1,0,0,0,0,3,5,3,1,0,0,0.625,27,0,0,0,0,8,1,3,0,0,0
reynose01,2024,1,SDN,NL,0,0,9,0,0,0,0,33,10,1,0,5,21,0.238,0.82,0,0,1,0,49,3,1,0,1,0
reynose01,2025,1,SDN,NL,0,1,19,1,0,0,0,81,20,16,4,17,25,0.206,5.33,0,1,3,0,117,4,16,0,0,3
ribalor01,2024,1,WAS,NL,0,0,4,0,0,0,0,10,10,5,0,2,3,0.5,13.5,0,0,1,0,23,3,5,0,0,0
ribalor01,2025,1,WAS,NL,0,0,22,0,0,0,0,73,28,19,6,17,25,0.277,7.03,0,0,1,1,120,7,19,0,1,1
richaly01,2023,1,CIN,NL,0,2,4,4,0,0,0,50,17,16,6,15,12,0.258,8.64,0,0,0,0,81,0,16,0,0,2
richaly01,2024,1,CIN,NL,0,0,1,0,0,0,0,2,2,2,1,1,1,0.5,27,0,0,0,0,5,0,2,0,0,0
richaly01,2025,1,CIN,NL,0,3,34,0,0,0,0,113,37,19,2,21,30,0.255,4.54,4,0,2,0,172,11,25,0,4,4
richatr01,2023,1,TOR,AL,2,1,56,3,0,0,0,218,63,40,13,35,105,0.228,4.95,3,5,2,0,315,6,41,0,2,3
richatr01,2024,1,TOR,AL,2,1,45,2,0,0,0,157,36,27,7,24,49,0.188,4.64,0,6,0,0,218,4,30,1,2,0
richatr01,2024,2,MIN,AL,0,1,10,0,0,0,1,39,8,6,0,11,13,0.182,4.15,0,7,2,0,59,3,6,0,2,0
richatr01,2025,1,KCA,AL,0,0,3,0,0,0,0,9,7,4,0,2,2,0.467,12,0,3,0,0,18,2,4,0,1,0
richatr01,2025,2,ARI,NL,0,0,2,0,0,0,0,8,4,1,0,0,3,0.4,3.38,0,1,0,0,11,1,1,1,0,0
riosya01,2023,1,OAK,AL,0,0,3,0,0,0,0,5,3,7,1,6,2,0.375,37.8,0,2,0,0,14,2,7,0,0,0
rivasle01,2024,1,SEA,AL,0,0,2,0,0,0,0,6,2,0,0,0,0,0.222,0,0,0,0,0,9,2,1,0,0,0
rivasle01,2025,1,SEA,AL,0,0,1,0,0,0,0,3,3,0,0,1,0,0.6,0,0,0,0,0,6,1,0,0,0,1
riverem01,2024,1,MIA,NL,0,0,4,0,0,0,0,12,7,4,1,0,0,0.368,9,0,0,1,0,20,4,4,0,0,0
riverem01,2025,1,BAL,AL,0,0,1,0,0,0,0,3,8,8,1,2,0,0.727,72,0,0,0,0,13,1,8,0,0,0
roach01,2025,1,MIA,NL,0,0,2,0,0,0,0,9,1,0,0,3,3,0.111,0,0,0,0,0,12,1,0,0,0,1
roberda08,2023,1,NYN,NL,4,2,40,0,0,0,14,132,31,10,5,13,48,0.199,2.05,1,4,2,0,172,26,13,1,0,5
roberda08,2023,2,MIA,NL,2,4,22,0,0,0,4,64,22,12,2,12,30,0.262,5.06,1,1,1,0,97,10,15,0,0,2
roberda08,2024,1,TEX,AL,3,4,68,0,0,0,2,216,53,24,5,27,99,0.202,3,4,8,5,1,296,8,25,0,1,4
roberda08,2025,1,PHI,NL,2,0,20,0,0,0,2,53,18,8,4,8,22,0.257,4.08,1,0,0,0,78,4,9,0,0,0
roberda11,2024,1,TEX,AL,1,0,4,0,0,0,0,17,6,2,1,2,6,0.273,3.18,0,0,2,0,26,0,2,0,0,1
roberda11,2025,1,PHI,NL,0,0,15,0,0,0,0,39,11,6,2,10,15,0.224,4.15,0,0,0,0,59,5,7,0,0,1
roberet01,2024,1,CHN,NL,1,1,21,0,0,0,0,80,31,11,3,10,26,0.29,3.71,0,1,1,0,118,6,11,0,0,2
roberet01,2025,1,CHN,NL,1,0,10,0,0,0,0,27,10,6,3,2,6,0.286,6,0,1,1,0,39,3,6,0,1,0
roberni01,2023,1,LAN,NL,0,1,9,0,0,0,0,31,17,7,1,4,13,0.37,6.1,0,0,0,0,50,2,10,0,0,3
roberni01,2023,2,BOS,AL,0,0,9,1,0,0,0,36,13,8,2,5,13,0.265,6,2,0,0,0,56,4,9,0,1,0
roberni01,2024,1,SLN,NL,0,0,8,0,0,0,0,37,15,6,3,2,14,0.306,4.38,0,0,0,0,52,6,6,0,1,1
roberni01,2024,2,TOR,AL,0,0,1,0,0,0,0,3,0,0,0,0,0,0,0,0,0,0,0,3,1,0,0,0,0
rockeku01,2024,1,TEX,AL,0,2,3,3,0,0,0,35,12,5,1,6,14,0.267,3.86,0,1,1,0,55,0,6,1,2,0
rockeku01,2025,1,TEX,AL,4,5,14,14,0,0,0,193,71,41,11,23,56,0.277,5.74,0,6,4,0,287,0,42,1,3,4
rockjo01,2025,1,TBA,AL,0,0,3,0,0,0,0,23,7,2,1,2,11,0.226,2.35,0,0,2,0,35,2,2,0,0,0
rodonca01,2023,1,NYA,AL,3,8,14,14,0,0,0,193,65,49,15,28,64,0.261,6.85,0,9,4,0,286,0,51,0,4,3
rodonca01,2024,1,NYA,AL,16,9,32,32,0,0,0,525,157,77,31,57,195,0.235,3.96,0,3,10,2,736,0,81,0,2,8
rodonca01,2025,1,NYA,AL,18,9,33,33,0,0,0,586,132,67,22,73,203,0.188,3.09,0,4,9,0,789,0,74,3,3,12
rodribr01,2025,1,SDN,NL,1,0,7,0,0,0,0,23,4,1,0,3,9,0.16,1.17,1,0,3,0,31,3,1,0,0,2
rodrica02,2024,1,MIL,NL,0,3,3,3,0,0,0,37,19,10,3,3,9,0.365,7.3,0,0,0,0,57,0,11,1,1,0
rodrica02,2025,1,MIL,NL,1,0,4,0,0,0,0,29,13,7,1,9,11,0.317,6.52,0,1,0,0,50,3,7,0,0,1
rodride01,2023,1,MIN,AL,0,0,1,0,0,0,0,2,1,1,0,1,0,0.5,13.5,0,0,0,0,4,1,1,0,1,0
rodride01,2023,2,ATL,NL,0,0,3,0,0,0,0,14,8,8,2,4,1,0.364,15.43,0,1,0,0,26,2,8,0,0,0
rodried05,2023,1,DET,AL,13,9,26,26,0,0,0,458,128,56,15,48,143,0.227,3.3,0,3,3,0,621,0,59,1,6,11
rodried05,2024,1,ARI,NL,3,4,10,10,0,0,0,150,56,28,8,19,47,0.277,5.04,1,0,1,0,224,0,29,1,1,2
rodried05,2025,1,ARI,NL,9,9,29,29,0,0,0,463,178,86,25,60,143,0.285,5.02,2,4,1,1,694,0,94,4,5,8
rodriel02,2023,1,TBA,AL,0,0,1,0,0,0,0,10,0,0,0,0,5,0,0,0,0,0,0,10,1,0,0,0,0
rodriel02,2025,1,MIL,NL,0,2,6,2,0,0,0,56,23,18,7,7,17,0.303,8.68,0,0,1,0,84,3,18,0,0,1
rodriel02,2025,2,BAL,AL,0,0,1,0,0,0,0,3,3,2,2,0,1,0.5,18,0,0,0,0,6,1,2,0,0,0
rodrigr01,2023,1,BAL,AL,7,4,23,23,0,0,0,366,121,59,16,42,129,0.259,4.35,0,4,2,0,515,0,62,0,3,14
rodrigr01,2024,1,BAL,AL,13,4,20,20,0,0,0,350,109,50,15,36,130,0.243,3.86,0,6,5,0,491,0,52,0,1,10
rodrijo04,2023,1,BOS,AL,0,0,11,0,0,0,0,33,13,8,2,6,14,0.289,6.55,0,0,0,0,51,1,9,0,0,0
rodrijo04,2024,1,BOS,AL,0,1,14,0,0,0,0,41,19,9,3,2,12,0.317,5.93,0,1,1,0,64,2,13,0,1,1
rodrijo06,2023,1,SEA,AL,0,0,1,0,0,0,0,9,3,3,0,1,1,0.273,9,0,0,0,0,12,1,3,0,0,0
rodrima01,2024,1,TBA,AL,3,4,40,0,0,0,2,113,29,9,3,11,34,0.209,2.15,1,2,5,0,158,12,13,2,1,4
rodrima01,2025,1,TBA,AL,1,2,31,0,0,0,0,91,26,7,2,6,25,0.232,2.08,0,1,1,0,121,4,9,1,1,4
rodrira02,2024,1,SFN,NL,3,2,35,1,0,0,0,157,47,25,4,18,53,0.239,4.3,0,4,3,0,221,8,29,1,2,3
rodrira02,2025,1,SFN,NL,3,5,50,0,0,0,4,152,34,10,4,11,67,0.187,1.78,0,2,4,0,198,15,12,0,1,3
rodriya01,2024,1,TOR,AL,1,8,21,21,0,0,0,260,74,43,11,40,85,0.228,4.47,0,0,3,2,368,0,46,0,1,6
rodriya01,2025,1,TOR,AL,3,2,66,1,0,0,2,219,50,25,8,34,66,0.196,3.08,3,2,6,2,298,17,26,2,1,7
rodriye01,2023,1,TEX,AL,0,1,13,1,0,0,0,41,20,12,1,6,15,0.339,7.9,1,1,0,0,66,8,12,0,1,0
rodriye01,2024,1,TEX,AL,1,0,12,0,0,0,0,51,16,13,5,11,12,0.242,6.88,1,2,1,0,78,4,13,0,0,1
rodriye01,2024,2,TOR,AL,0,0,4,0,0,0,0,14,10,8,2,2,5,0.455,15.43,0,0,1,0,27,2,9,0,2,0
rogerja03,2025,1,DET,AL,0,0,4,0,0,0,0,11,5,1,0,0,0,0.357,2.45,0,0,1,0,16,4,1,0,1,1
rogerjo01,2024,1,COL,NL,2,0,6,0,0,0,0,33,15,8,1,3,3,0.349,6.55,1,0,2,0,50,2,8,0,2,2
rogerta01,2023,1,SFN,NL,6,4,60,0,0,0,2,155,39,22,6,25,64,0.211,3.83,3,3,3,0,216,12,27,1,2,5
rogerta01,2024,1,SFN,NL,1,4,64,0,0,0,0,180,53,16,7,22,64,0.237,2.4,0,0,2,0,249,16,22,0,1,8
rogerta01,2025,1,CIN,NL,2,2,40,0,0,0,0,99,29,9,3,19,34,0.24,2.45,2,0,2,0,146,4,15,1,3,3
rogerta01,2025,2,CHN,NL,1,0,17,0,0,0,0,53,18,10,4,4,19,0.261,5.09,0,0,1,0,75,4,10,0,1,1
rogertr01,2023,1,MIA,NL,1,2,4,4,0,0,0,54,16,8,2,6,19,0.229,4,0,0,3,0,79,0,9,0,0,0
rogertr01,2024,1,MIA,NL,2,9,21,21,0,0,0,316,115,53,12,46,85,0.276,4.53,2,1,3,1,472,0,58,0,6,6
rogertr01,2024,2,BAL,AL,0,2,4,4,0,0,0,57,25,15,2,10,12,0.338,7.11,0,0,1,0,90,0,16,1,4,2
rogertr01,2025,1,BAL,AL,9,3,18,18,1,0,0,329,70,22,6,29,103,0.18,1.81,0,0,2,1,423,0,23,2,2,9
rogerty01,2023,1,SFN,NL,4,5,68,0,0,0,2,222,66,25,7,19,60,0.236,3.04,2,0,3,0,309,8,27,3,2,5
rogerty01,2024,1,SFN,NL,3,4,77,0,0,0,1,211,67,22,7,6,51,0.245,2.82,2,1,7,0,290,13,23,1,2,7
rogerty01,2025,1,SFN,NL,4,3,53,0,0,0,0,150,39,10,3,4,38,0.212,1.8,0,0,0,0,188,9,11,0,0,2
rogerty01,2025,2,NYN,NL,0,3,28,0,0,0,0,82,27,7,1,3,10,0.257,2.3,0,0,1,0,111,4,9,0,2,2
rojasjo01,2023,1,ARI,NL,0,0,2,0,0,0,0,6,6,4,0,1,1,0.5,18,0,0,0,0,13,2,4,0,0,0
rojasjo01,2024,1,SEA,AL,0,0,2,0,0,0,0,6,1,2,1,2,0,0.167,9,0,0,0,0,8,2,2,0,0,1
rojasmi02,2023,1,LAN,NL,0,0,3,0,0,0,0,9,3,2,0,1,0,0.25,6,0,0,1,0,14,3,2,0,0,1
rojasmi02,2024,1,LAN,NL,0,0,1,0,0,0,0,3,1,0,0,0,0,0.25,0,0,0,0,0,4,0,0,0,0,0
rojasmi02,2025,1,LAN,NL,0,0,4,0,0,0,0,15,11,7,3,2,0,0.44,12.6,0,0,1,0,28,4,7,0,0,1
rolisry01,2025,1,COL,NL,1,0,31,1,0,0,0,127,55,33,11,20,25,0.324,7.02,0,1,0,1,193,10,35,1,2,8
romanjo03,2023,1,TOR,AL,5,7,59,0,0,0,36,177,48,19,6,24,72,0.218,2.9,5,0,2,1,248,49,20,2,0,3
romanjo03,2024,1,TOR,AL,1,2,15,0,0,0,8,41,16,10,4,4,13,0.286,6.59,1,0,1,0,62,14,10,1,0,0
romanjo03,2025,1,PHI,NL,2,4,49,0,0,0,8,128,45,39,10,17,47,0.276,8.23,1,0,3,1,187,14,40,0,4,2
romdr01,2023,1,SLN,NL,1,4,8,8,0,0,0,101,51,30,7,19,32,0.34,8.02,0,1,0,0,170,0,34,0,1,2
romerjo01,2023,1,SLN,NL,4,2,27,0,0,0,3,110,29,15,1,10,42,0.216,3.68,0,2,1,0,147,13,17,1,1,5
romerjo01,2024,1,SLN,NL,7,3,65,0,0,0,1,177,52,22,8,16,51,0.236,3.36,0,1,5,0,243,7,23,1,1,5
romerjo01,2025,1,SLN,NL,4,6,65,0,0,0,8,183,47,14,2,29,55,0.216,2.07,5,2,2,0,255,16,21,3,3,6
roonejo01,2025,1,HOU,AL,0,0,1,0,0,0,0,4,1,1,1,1,2,0.2,6.75,0,0,0,0,6,0,1,0,0,0
rortvbe01,2024,1,TBA,AL,0,0,1,0,0,0,0,6,3,1,1,2,1,0.333,4.5,0,0,0,0,11,1,1,0,0,0
rosaram01,2025,1,WAS,NL,0,0,1,0,0,0,0,3,5,4,1,2,0,0.625,36,0,0,0,0,10,1,4,0,0,0
rosenke01,2023,1,LAA,AL,2,2,7,3,0,0,0,99,35,14,3,14,29,0.267,3.82,1,0,1,1,146,1,14,0,0,1
rosenke01,2024,1,LAA,AL,0,1,7,1,0,0,0,72,28,16,5,8,17,0.292,6,1,2,0,0,104,3,17,0,0,3
rossjo01,2024,1,MIL,NL,3,6,25,10,0,0,0,222,72,31,7,29,66,0.25,3.77,1,1,1,0,321,8,35,0,3,3
rossjo01,2025,1,PHI,NL,2,1,37,1,0,0,0,153,57,29,8,18,39,0.282,5.12,1,0,3,0,228,9,30,1,4,2
rouppla01,2024,1,SFN,NL,1,2,23,4,0,0,0,151,43,20,2,26,47,0.226,3.58,0,3,1,2,217,3,21,0,0,3
rouppla01,2025,1,SFN,NL,7,7,22,22,0,0,0,320,113,45,11,45,102,0.268,3.8,1,7,3,1,476,0,55,2,4,6
roycrch01,2024,1,SLN,NL,1,2,27,0,0,0,0,103,31,16,2,17,33,0.238,4.19,0,1,4,0,155,13,19,1,3,3
roycrch01,2025,1,SLN,NL,1,3,20,0,0,0,0,62,26,18,2,12,15,0.306,7.84,1,3,1,0,101,10,21,1,2,0
rucindr01,2023,1,OAK,AL,0,4,4,4,0,0,0,54,27,18,5,14,6,0.346,9,0,0,1,0,95,0,22,0,2,2
ruckemi01,2023,1,CHN,NL,2,1,35,0,0,0,0,121,39,22,6,19,40,0.257,4.91,0,1,3,0,176,12,22,0,2,6
ruizjo01,2023,1,CHA,AL,0,0,4,0,0,0,0,11,8,9,3,4,3,0.421,22.09,0,0,2,1,25,1,9,0,0,0
ruizjo01,2023,2,ARI,NL,2,1,34,1,0,0,0,122,44,20,7,17,36,0.277,4.43,1,3,4,0,182,13,22,0,2,4
ruizjo01,2024,1,PHI,NL,5,1,52,0,0,0,1,153,51,21,8,17,52,0.26,3.71,1,0,1,0,217,16,23,0,3,6
ruizjo01,2025,1,PHI,NL,1,0,16,0,0,0,0,43,21,13,3,6,12,0.35,8.16,0,0,0,0,68,2,14,0,2,0
ruizjo01,2025,2,ATL,NL,0,0,2,0,0,0,0,6,2,3,0,3,3,0.25,13.5,0,0,0,1,11,0,3,0,0,0
rutleja01,2023,1,WAS,NL,1,1,4,4,0,0,0,60,24,15,4,6,12,0.304,6.75,0,1,2,0,88,0,15,0,1,1
rutleja01,2024,1,WAS,NL,0,0,3,1,0,0,0,25,8,3,1,2,9,0.258,3.24,0,0,1,0,34,1,3,0,0,1
rutleja01,2025,1,WAS,NL,4,2,63,0,0,0,0,220,87,47,16,24,65,0.297,5.77,0,6,7,0,330,17,49,1,5,6
ryanjo04,2023,1,MIN,AL,11,10,29,29,1,1,0,485,155,81,32,34,197,0.248,4.51,0,3,6,0,672,0,83,0,6,7
ryanjo04,2024,1,MIN,AL,7,7,23,23,0,0,0,405,110,54,19,23,147,0.217,3.6,0,2,5,1,538,0,59,0,3,6
ryanjo04,2025,1,MIN,AL,13,10,31,30,0,0,0,513,138,65,26,39,194,0.218,3.42,0,0,12,2,689,0,69,1,4,6
ryanri01,2024,1,LAN,NL,1,0,4,4,0,0,0,61,15,3,1,9,18,0.208,1.33,0,0,0,0,81,0,4,0,0,2
ryanry01,2023,1,SEA,AL,0,0,1,0,0,0,0,3,0,0,0,1,2,0,0,0,0,0,0,4,0,0,0,0,0
ryanry01,2024,1,PIT,NL,1,0,15,0,0,0,0,62,21,13,2,9,17,0.266,5.66,0,0,3,0,93,5,14,0,2,3
ryuhy01,2023,1,TOR,AL,3,3,11,11,0,0,0,156,53,20,9,14,38,0.257,3.46,0,1,1,0,224,0,25,2,1,4
saalfan01,2023,1,ARI,NL,0,0,10,0,0,0,0,31,7,0,0,4,6,0.189,0,1,0,0,0,41,0,2,0,0,2
saalfan01,2024,1,ARI,NL,0,0,2,0,0,0,0,3,2,4,0,4,0,0.5,36,1,1,0,0,8,1,4,0,0,0
saalfan01,2025,1,ARI,NL,2,1,28,0,0,0,3,87,19,4,1,10,19,0.188,1.24,1,2,0,0,113,10,5,0,2,2
sabroer01,2024,1,CLE,AL,0,0,8,0,0,0,1,38,6,0,0,4,19,0.14,0,0,1,0,0,47,4,0,0,0,1
sabroer01,2025,1,CLE,AL,0,1,33,0,0,0,0,88,14,6,2,21,42,0.144,1.84,0,0,3,0,121,3,8,0,0,2
salazce01,2025,1,HOU,AL,0,0,1,0,0,0,0,3,0,0,0,0,0,0,0,0,0,1,0,4,1,0,0,0,0
salazed01,2023,1,CIN,NL,1,0,8,0,0,0,0,37,16,11,0,5,5,0.327,8.03,0,1,4,0,61,3,11,0,3,0
salazed01,2024,1,LAN,NL,0,0,1,0,0,0,0,6,3,0,0,2,3,0.375,0,0,0,0,0,10,1,1,0,0,1
salazed01,2024,2,WAS,NL,0,1,25,0,0,0,0,82,31,9,2,12,24,0.282,2.96,0,1,1,0,123,2,10,0,0,2
salazed01,2025,1,WAS,NL,0,1,30,0,0,0,0,87,47,27,7,16,23,0.359,8.38,0,3,1,1,150,9,29,1,1,4
salech01,2023,1,BOS,AL,6,5,20,20,0,0,0,308,87,49,15,29,125,0.227,4.3,0,3,8,0,425,0,52,1,3,7
salech01,2024,1,ATL,NL,18,3,29,29,0,0,0,533,141,47,9,39,225,0.216,2.38,0,4,8,1,702,0,48,2,1,9
salech01,2025,1,ATL,NL,7,5,21,20,0,0,0,377,102,36,11,32,165,0.22,2.58,0,3,11,0,510,0,38,2,2,2
sammobr01,2024,1,DET,AL,1,1,6,0,0,0,0,82,16,11,6,9,18,0.17,3.62,0,0,1,0,104,0,11,0,0,2
sanchal04,2025,1,TOR,AL,0,0,1,0,0,0,0,3,3,2,0,0,1,0.6,18,0,0,0,0,6,1,2,0,1,0
sanchcr01,2023,1,PHI,NL,3,5,19,18,0,0,0,298,88,38,16,16,96,0.235,3.44,0,3,3,0,396,1,44,1,1,13
sanchcr01,2024,1,PHI,NL,11,9,31,31,2,1,0,545,182,67,11,44,153,0.258,3.32,0,7,0,1,754,0,76,3,1,18
sanchcr01,2025,1,PHI,NL,13,5,32,32,1,0,0,606,171,56,12,44,212,0.227,2.5,0,6,6,1,807,0,58,2,1,20
sanchga02,2025,1,BAL,AL,0,0,1,0,0,0,0,3,2,4,1,1,0,0.4,36,0,0,1,0,7,1,4,0,0,0
sanchsi01,2024,1,MIA,NL,0,3,14,7,0,0,0,107,43,24,3,14,17,0.303,6.06,0,1,3,1,162,2,29,2,1,6
sandeca01,2025,1,PIT,NL,0,0,6,0,0,0,0,20,9,6,2,5,4,0.31,8.1,0,0,0,0,34,2,6,0,0,0
sandlni01,2023,1,CLE,AL,5,5,61,0,0,0,0,180,38,25,12,24,66,0.182,3.75,1,0,2,0,239,7,28,2,2,4
sandlni01,2024,1,CLE,AL,8,0,68,1,0,0,1,173,46,24,12,27,68,0.222,3.75,2,1,6,0,246,7,29,3,3,6
sandlni01,2025,1,TOR,AL,0,2,19,0,0,0,1,49,11,4,2,8,16,0.186,2.2,0,1,2,0,69,4,7,0,0,2
sandopa02,2023,1,LAA,AL,7,13,28,28,0,0,0,434,145,66,12,74,128,0.256,4.11,2,5,4,0,652,0,89,3,3,12
sandopa02,2024,1,LAA,AL,2,8,16,16,0,0,0,239,85,45,8,35,81,0.272,5.08,2,6,3,2,353,0,49,1,2,11
sandrja01,2025,1,NYA,AL,0,0,1,0,0,0,0,2,1,2,1,2,2,0.333,27,0,0,1,0,6,0,2,0,0,0
sandsco01,2023,1,MIN,AL,0,0,15,0,0,0,0,65,20,9,4,13,21,0.235,3.74,0,3,0,0,98,12,10,0,0,1
sandsco01,2024,1,MIN,AL,9,1,62,0,0,0,4,214,59,26,6,12,85,0.221,3.28,0,3,6,1,292,11,30,1,6,2
sandsco01,2025,1,MIN,AL,4,6,69,3,0,0,3,216,65,36,7,19,64,0.242,4.5,2,3,4,0,299,18,41,3,4,5
sanmare01,2023,1,CIN,NL,1,0,14,0,0,0,0,42,17,11,2,10,13,0.288,7.07,0,2,0,0,70,3,13,0,1,0
sanmare01,2025,1,CIN,NL,0,0,1,0,0,0,0,5,2,0,0,1,2,0.286,0,1,1,0,0,8,0,1,0,0,0
sanojja01,2025,1,MIA,NL,0,0,8,0,0,0,0,28,24,17,4,5,1,0.49,16.39,0,0,0,0,54,8,17,0,0,2
sanomi01,2024,1,LAA,AL,0,0,1,0,0,0,0,1,0,0,0,0,0,0,0,0,0,0,0,1,1,0,0,0,0
santade01,2023,1,NYN,NL,1,0,9,0,0,0,0,32,10,7,2,7,12,0.244,5.91,0,1,1,0,50,4,7,0,1,0
santade01,2024,1,NYA,AL,2,0,23,0,0,0,2,82,27,19,2,10,19,0.262,6.26,0,1,1,2,115,7,19,1,0,4
santade01,2024,2,PIT,NL,1,1,39,0,0,0,1,133,30,12,2,11,50,0.192,2.44,0,0,3,0,172,13,14,0,2,2
santade01,2025,1,PIT,NL,4,5,70,0,0,0,16,211,44,17,5,17,60,0.179,2.18,0,0,3,0,270,34,18,0,4,2
santito01,2023,1,CIN,NL,1,0,3,0,0,0,0,10,4,1,0,5,1,0.308,2.7,1,0,0,0,18,1,1,0,0,1
santito01,2024,1,CIN,NL,3,3,29,1,0,0,0,90,21,10,4,9,46,0.186,3,0,1,0,0,122,2,11,0,0,1
santito01,2025,1,CIN,NL,1,5,80,0,0,0,7,221,53,20,7,29,75,0.199,2.44,0,4,5,0,301,16,23,0,1,9
santogr01,2023,1,CHA,AL,2,2,60,0,0,0,5,199,69,25,2,17,66,0.258,3.39,1,2,5,1,289,17,29,0,0,2
santogr01,2024,1,SEA,AL,0,1,8,0,0,0,0,22,7,4,0,1,6,0.241,4.91,0,0,1,1,31,1,4,0,0,1
santogr01,2025,1,SEA,AL,1,1,8,0,0,0,0,21,8,4,0,8,0,0.296,5.14,2,2,0,0,36,2,6,1,0,1
sasakro01,2025,1,LAN,NL,1,1,10,8,0,0,0,109,30,18,6,22,28,0.221,4.46,0,2,3,0,161,0,18,0,0,1
sauceta01,2023,1,SEA,AL,3,2,52,0,0,0,1,143,41,19,2,23,43,0.234,3.59,1,1,6,0,207,17,20,3,0,8
sauceta01,2024,1,SEA,AL,2,0,53,0,0,0,3,116,35,15,3,18,38,0.24,3.49,3,1,2,0,166,11,15,0,0,4
sauceta01,2025,1,SEA,AL,0,0,10,0,0,0,0,40,19,11,2,6,12,0.322,7.43,0,0,1,0,66,5,12,0,0,0
sauerma01,2024,1,KCA,AL,0,0,14,0,0,0,0,49,23,14,3,11,9,0.324,7.71,0,1,1,0,84,8,14,0,1,0
sauerma01,2025,1,LAN,NL,2,1,10,1,0,0,1,89,35,21,6,8,24,0.299,6.37,0,1,2,0,129,4,23,0,2,4
sborzjo01,2023,1,TEX,AL,6,7,44,0,0,0,0,157,43,32,8,17,66,0.219,5.5,0,3,1,0,215,7,33,0,0,3
sborzjo01,2024,1,TEX,AL,2,2,17,0,0,0,0,49,16,7,1,4,17,0.246,3.86,0,2,0,0,69,3,8,0,0,0
scherma01,2023,1,NYN,NL,9,4,19,19,0,0,0,323,98,48,23,30,121,0.24,4.01,0,1,3,0,444,0,49,0,2,6
scherma01,2023,2,TEX,AL,4,2,8,8,0,0,0,135,28,16,5,15,53,0.174,3.2,0,1,1,0,177,0,16,0,0,2
scherma01,2024,1,TEX,AL,2,4,9,9,0,0,0,130,40,19,7,10,40,0.242,3.95,0,2,1,0,177,0,20,0,1,0
scherma01,2025,1,TOR,AL,5,5,17,17,0,0,0,255,87,49,19,23,82,0.262,5.19,0,2,2,0,358,0,49,0,1,2
schlica01,2025,1,NYA,AL,4,3,14,14,0,0,0,219,58,24,8,31,84,0.217,2.96,0,3,5,0,304,0,24,0,1,4
schmicl01,2023,1,NYA,AL,9,9,33,32,0,0,0,477,169,82,24,46,149,0.268,4.64,0,11,11,2,694,1,91,0,7,13
schmicl01,2024,1,NYA,AL,5,5,16,16,0,0,0,256,71,27,8,30,93,0.23,2.85,0,2,9,0,353,0,31,0,5,9
schmicl01,2025,1,NYA,AL,4,4,14,14,0,0,0,236,56,29,9,30,73,0.199,3.32,0,2,1,2,316,0,29,1,2,4
scholje01,2023,1,CHA,AL,1,9,26,11,0,0,1,255,100,50,15,30,58,0.292,5.29,1,1,2,0,377,8,54,0,2,8
scholje01,2025,1,TBA,AL,0,1,2,0,0,0,0,25,9,5,1,3,12,0.265,5.4,0,1,0,0,38,1,7,0,1,0
schoojo01,2023,1,DET,AL,0,0,1,0,0,0,0,4,1,0,0,0,1,0.2,0,0,0,0,0,5,1,0,0,0,0
schrejo01,2023,1,BOS,AL,2,1,46,2,0,0,1,140,41,20,6,25,53,0.237,3.86,2,1,4,0,204,6,22,0,2,4
schrejo01,2024,1,KCA,AL,4,3,59,0,0,0,2,155,48,21,1,20,46,0.242,3.66,1,1,4,0,224,5,23,0,2,7
schrejo01,2025,1,KCA,AL,3,3,74,0,0,0,1,192,57,27,10,19,62,0.234,3.8,1,2,1,0,265,8,29,1,0,4
schulpa01,2025,1,TOR,AL,0,0,13,2,0,0,0,74,27,12,4,8,28,0.276,4.38,0,0,1,0,110,4,16,0,3,0
schwesp01,2024,1,ATL,NL,8,7,21,21,0,0,0,371,106,46,14,23,127,0.226,3.35,1,3,6,0,500,0,49,2,1,7
schwesp01,2025,1,ATL,NL,7,4,17,17,1,0,0,332,89,38,13,18,108,0.217,3.09,1,2,2,0,434,0,44,1,3,5
scottch01,2024,1,NYN,NL,0,3,9,9,0,0,0,142,45,24,8,12,39,0.249,4.56,0,0,2,0,197,0,24,1,1,4
scottta01,2023,1,MIA,NL,9,5,74,0,0,0,12,234,53,20,3,24,104,0.191,2.31,3,1,4,0,307,26,22,0,2,10
scottta01,2024,1,MIA,NL,6,5,44,0,0,0,18,137,19,6,2,27,53,0.127,1.18,2,0,1,0,182,35,10,4,0,3
scottta01,2024,2,SDN,NL,3,1,28,0,0,0,4,79,26,8,1,9,31,0.252,2.73,2,0,0,0,112,6,10,0,0,2
scottta01,2025,1,LAN,NL,1,4,61,0,0,0,23,171,54,30,11,18,60,0.254,4.74,2,2,4,0,238,33,33,1,2,6
scottta02,2023,1,LAN,NL,0,0,6,0,0,0,0,18,6,6,0,4,8,0.25,9,2,0,1,0,30,1,6,0,1,0
scottta02,2023,2,BOS,AL,0,0,4,1,0,0,0,11,6,2,1,4,2,0.4,4.91,0,1,1,0,20,1,3,0,0,1
scottta02,2023,3,OAK,AL,0,0,8,1,0,0,0,24,11,3,2,2,7,0.314,3.38,0,0,1,0,38,1,3,0,0,0
scottta02,2024,1,HOU,AL,7,3,62,1,0,0,0,206,45,17,7,35,71,0.188,2.23,1,0,4,0,282,11,21,0,3,1
scottta02,2025,1,HOU,AL,1,2,18,0,0,0,0,55,21,15,3,14,17,0.296,7.36,0,0,1,0,90,1,16,2,2,0
scottta02,2025,2,ARI,NL,0,0,6,0,0,0,0,27,13,9,3,4,7,0.325,9,0,0,0,0,44,3,9,0,0,0
seaboco01,2023,1,COL,NL,1,7,27,13,0,0,0,262,116,73,19,28,67,0.317,7.52,1,5,7,0,408,7,76,2,5,5
seaboco01,2025,1,TBA,AL,0,0,3,0,0,0,0,20,7,1,0,3,5,0.28,1.35,0,0,0,0,29,3,1,0,1,0
seaboco01,2025,2,ATL,NL,0,0,4,0,0,0,0,11,5,4,1,3,5,0.313,9.82,0,1,0,0,19,2,4,0,0,0
searsjp01,2023,1,OAK,AL,5,14,32,32,0,0,0,517,165,87,34,53,161,0.249,4.54,2,2,16,0,735,0,90,1,3,9
searsjp01,2024,1,OAK,AL,11,13,32,32,0,0,0,542,172,88,28,49,137,0.251,4.38,0,0,14,1,758,0,93,2,7,15
searsjp01,2025,1,ATH,AL,7,9,22,22,0,0,0,333,112,61,23,29,97,0.258,4.95,0,1,5,0,472,0,63,1,3,6
searsjp01,2025,2,SDN,NL,2,2,5,5,0,0,0,74,31,15,7,7,20,0.31,5.47,0,0,1,0,111,0,16,2,1,2
seiglan01,2025,1,MIL,NL,0,0,1,0,0,0,0,3,1,0,0,0,0,0.25,0,0,0,0,0,4,1,0,0,0,0
selbyco01,2023,1,PIT,NL,2,2,21,5,0,0,0,72,29,24,4,15,30,0.296,9,1,3,0,0,114,3,24,1,0,2
selbyco01,2024,1,KCA,AL,0,0,2,0,0,0,0,9,2,2,0,2,0,0.182,6,0,1,0,0,13,1,3,0,0,0
selbyco01,2024,2,BAL,AL,0,0,3,0,0,0,0,12,1,0,0,2,5,0.083,0,0,0,1,0,15,1,0,0,0,1
selbyco01,2025,1,BAL,AL,0,2,11,0,0,0,0,42,16,5,2,2,14,0.276,3.21,0,0,0,0,60,5,5,0,0,0
sengako01,2023,1,NYN,NL,12,7,29,29,0,0,0,499,126,55,17,77,202,0.208,2.98,0,14,5,1,694,0,60,1,4,13
sengako01,2024,1,NYN,NL,1,0,1,1,0,0,0,16,2,2,1,1,9,0.111,3.38,0,0,1,0,20,0,2,0,0,0
sengako01,2025,1,NYN,NL,7,6,22,22,0,0,0,340,94,38,12,55,109,0.223,3.02,0,5,3,0,482,0,44,0,2,11
senzaan01,2023,1,COL,NL,0,1,2,2,0,0,0,23,7,4,3,2,4,0.25,4.7,0,0,0,0,30,0,4,0,0,0
senzaan01,2024,1,COL,NL,0,1,3,3,0,0,0,37,15,9,3,8,7,0.326,6.57,0,0,0,1,54,0,10,0,0,3
senzaan01,2025,1,COL,NL,4,15,30,23,0,0,0,390,192,96,22,47,73,0.346,6.65,2,9,8,1,618,0,103,3,5,17
severlu01,2023,1,NYA,AL,4,8,19,18,0,0,0,268,113,66,23,34,79,0.301,6.65,1,1,5,3,417,0,73,1,1,3
severlu01,2024,1,NYN,NL,11,7,31,31,1,1,0,546,166,79,23,60,161,0.242,3.91,0,6,11,2,761,0,86,3,1,15
severlu01,2025,1,ATH,AL,8,11,29,29,0,0,0,488,162,82,16,50,124,0.257,4.54,1,3,16,0,705,0,93,2,7,9
sewalpa01,2023,1,SEA,AL,3,1,45,0,0,0,21,129,30,14,5,14,60,0.196,2.93,1,1,0,0,169,31,15,1,1,3
sewalpa01,2023,2,ARI,NL,0,1,20,0,0,0,13,53,16,7,3,10,20,0.235,3.57,0,0,1,0,80,16,8,1,0,0
sewalpa01,2024,1,ARI,NL,1,2,42,0,0,0,16,119,35,19,6,10,43,0.232,4.31,1,0,3,0,165,34,19,0,1,1
sewalpa01,2025,1,CLE,AL,1,1,18,0,0,0,2,46,14,8,3,4,18,0.246,4.7,0,0,0,0,62,3,9,0,1,0
sewalpa01,2025,2,DET,AL,0,0,4,0,0,0,0,13,4,2,1,2,2,0.25,4.15,0,0,0,0,19,2,2,0,1,0
seymoca01,2025,1,SFN,NL,1,3,16,3,0,0,0,108,37,19,9,13,26,0.262,4.75,0,0,1,0,156,7,21,1,0,4
seymoia01,2025,1,TBA,AL,4,3,19,5,0,0,0,171,48,23,5,19,64,0.221,3.63,1,0,3,0,242,7,33,1,2,4
shawbr01,2023,1,CHA,AL,0,0,38,0,0,0,4,137,39,21,3,17,40,0.235,4.14,0,1,6,0,190,17,21,0,1,9
shawbr01,2024,1,CHA,AL,0,1,5,0,0,0,0,12,8,4,1,4,4,0.4,9,1,1,0,0,24,3,5,0,0,1
sheehem01,2023,1,LAN,NL,4,1,13,11,0,0,1,181,46,33,11,26,64,0.21,4.92,0,1,1,0,248,1,33,0,2,5
sheehem01,2025,1,LAN,NL,6,3,15,12,0,0,0,220,49,23,7,22,89,0.185,2.82,0,2,2,0,291,0,29,0,2,1
sherrry01,2023,1,BOS,AL,0,0,5,0,0,0,0,20,6,2,0,2,5,0.24,2.7,0,0,1,0,29,1,2,0,1,0
shortza01,2023,1,DET,AL,0,0,6,0,0,0,0,18,12,4,0,1,1,0.4,6,0,0,1,0,32,6,4,0,0,0
shrevch01,2023,1,DET,AL,1,2,47,0,0,0,0,124,45,22,6,12,42,0.278,4.79,0,3,1,0,180,10,24,1,4,3
shrevch01,2023,2,CIN,NL,0,0,3,0,0,0,0,10,1,1,1,2,3,0.091,2.7,0,0,0,0,13,0,1,0,0,0
shrevch01,2024,1,COL,NL,0,0,1,0,0,0,0,3,1,0,0,0,0,0.25,0,0,0,0,0,4,0,0,0,0,0
shugach01,2024,1,BOS,AL,0,0,6,0,0,0,1,26,8,4,1,3,8,0.242,4.15,0,0,0,0,36,4,4,0,0,1
shugach01,2025,1,PIT,NL,4,3,35,0,0,0,0,135,33,17,6,17,31,0.206,3.4,2,3,1,0,181,11,18,0,3,2
shustja01,2023,1,ATL,NL,4,3,11,11,0,0,0,158,53,34,7,26,30,0.264,5.81,0,3,1,0,230,0,34,0,2,4
shustja01,2024,1,CHA,AL,2,5,39,4,0,0,0,220,74,35,9,33,56,0.261,4.3,0,3,0,0,321,14,38,0,5,6
shustja01,2025,1,CHA,AL,0,0,12,2,0,0,0,47,27,14,0,5,12,0.365,8.04,2,1,2,0,82,4,15,0,1,1
silsech01,2023,1,LAA,AL,4,1,16,8,0,0,0,157,41,23,9,26,56,0.212,3.96,0,5,2,1,221,3,26,0,0,6
silsech01,2024,1,LAA,AL,0,1,2,2,0,0,0,24,8,6,3,4,12,0.235,6.75,0,0,0,0,38,0,7,0,0,0
silsech01,2025,1,LAA,AL,0,0,10,0,0,0,0,33,10,2,1,6,13,0.244,1.64,1,1,1,0,49,0,2,0,1,0
simpsjo02,2025,1,MIA,NL,4,2,31,0,0,0,0,92,34,25,5,22,36,0.27,7.34,2,3,3,0,151,10,28,0,0,2
simslu01,2023,1,CIN,NL,7,3,67,0,0,0,3,183,33,21,5,39,72,0.163,3.1,1,3,10,1,258,5,23,2,5,3
simslu01,2024,1,CIN,NL,1,4,43,0,0,0,1,106,30,14,6,20,40,0.231,3.57,0,1,1,0,154,5,14,1,2,2
simslu01,2024,2,BOS,AL,0,2,15,0,0,0,0,42,11,10,2,10,9,0.224,6.43,0,1,1,0,61,1,10,0,1,2
simslu01,2025,1,WAS,NL,1,0,18,0,0,0,0,37,14,19,2,14,13,0.275,13.86,0,3,7,0,72,2,19,0,0,0
singebr01,2023,1,KCA,AL,8,11,29,29,0,0,0,479,182,98,20,49,133,0.287,5.52,0,3,8,0,702,0,102,1,10,13
singebr01,2024,1,KCA,AL,9,13,32,32,0,0,0,539,175,74,22,54,170,0.253,3.71,0,2,10,0,762,0,77,4,1,14
singebr01,2025,1,CIN,NL,14,12,32,32,0,0,0,509,150,76,19,60,163,0.238,4.03,0,3,14,0,716,0,80,2,9,13
siskev01,2025,1,KCA,AL,0,0,5,0,0,0,0,16,5,1,0,5,11,0.238,1.69,0,1,0,1,26,1,1,0,0,0
siskev01,2025,2,PIT,NL,1,1,14,0,0,0,0,37,11,6,1,5,14,0.244,4.38,0,2,2,0,54,4,6,1,1,0
skenepa01,2024,1,PIT,NL,11,3,23,23,0,0,0,399,94,29,10,32,170,0.198,1.96,0,2,6,1,514,0,31,0,1,15
skenepa01,2025,1,PIT,NL,10,10,32,32,1,0,0,563,136,41,11,42,216,0.199,1.97,0,2,6,0,733,0,45,0,1,13
skubata01,2023,1,DET,AL,7,3,15,15,0,0,0,241,58,25,4,14,102,0.199,2.8,0,1,3,0,310,0,28,0,1,8
skubata01,2024,1,DET,AL,18,4,31,31,0,0,0,576,142,51,15,35,228,0.201,2.39,0,2,9,0,753,0,54,1,3,12
skubata01,2025,1,DET,AL,13,6,31,31,1,1,0,586,141,48,18,33,241,0.2,2.21,0,3,5,2,748,0,55,2,2,10
slateau01,2025,2,NYA,AL,0,0,1,0,0,0,0,2,1,0,0,0,0,0.333,0,0,0,0,0,3,1,0,0,0,0
slateju01,2024,1,BOS,AL,6,2,44,0,0,0,2,166,47,18,4,9,58,0.223,2.93,0,4,2,0,224,8,21,0,2,3
slateju01,2025,1,BOS,AL,2,4,36,0,0,0,3,102,27,16,3,10,25,0.214,4.24,2,1,0,0,137,8,19,0,1,3
smallet01,2023,1,MIL,NL,0,0,2,0,0,0,1,12,9,5,1,2,6,0.429,11.25,0,1,0,0,23,1,5,0,0,0
smeltde01,2023,1,MIA,NL,0,1,9,1,0,0,0,67,29,16,7,4,16,0.315,6.45,0,1,4,0,100,5,18,0,0,2
smithaj01,2023,1,ATL,NL,1,0,6,5,0,0,0,76,17,12,7,11,20,0.183,4.26,0,3,1,0,105,0,14,0,0,1
smithaj01,2024,1,ATL,NL,0,0,1,1,0,0,0,13,3,0,0,2,4,0.188,0,0,0,0,0,18,0,0,0,0,0
smithaj01,2025,1,ATL,NL,3,2,9,9,0,0,0,133,42,19,4,21,42,0.249,3.86,0,3,1,0,192,0,20,1,0,3
smithbu03,2024,1,MIA,NL,2,0,25,0,0,0,0,89,39,14,1,9,23,0.322,4.25,0,3,1,1,135,8,15,2,2,3
smithbu03,2024,2,BAL,AL,2,1,25,0,0,0,0,80,25,17,5,3,23,0.248,5.74,0,0,1,0,106,5,19,1,0,3
smithca05,2024,1,CLE,AL,6,1,74,0,0,0,1,226,51,16,1,17,103,0.19,1.91,0,0,3,1,289,2,16,0,1,7
smithca05,2025,1,CLE,AL,8,5,76,0,0,0,16,221,55,24,4,19,104,0.201,2.93,3,3,4,2,300,30,31,1,2,1
smithch10,2023,1,OAK,AL,1,2,10,0,0,0,0,41,15,10,2,7,9,0.294,6.59,0,1,2,0,60,5,10,0,0,1
smithdo02,2024,1,BOS,AL,0,0,3,0,0,0,0,9,2,0,0,1,0,0.2,0,0,0,0,0,11,3,0,0,0,1
smithdr01,2023,1,NYN,NL,4,6,63,0,0,0,3,169,50,26,7,29,60,0.24,4.15,0,2,5,0,244,16,31,0,2,7
smithdr01,2024,1,NYN,NL,1,1,19,0,0,0,2,53,18,6,2,9,23,0.265,3.06,0,3,0,0,79,4,7,0,2,1
smithdy01,2025,1,DET,AL,1,0,7,0,0,0,0,39,6,2,0,5,4,0.15,1.38,0,0,3,0,48,5,2,0,0,4
smithpa04,2024,1,ARI,NL,0,0,1,0,0,0,0,3,0,0,0,1,0,0,0,0,0,1,0,5,1,0,0,0,1
smithsh02,2025,1,CHA,AL,7,8,29,29,0,0,0,439,117,62,17,58,145,0.216,3.81,1,8,12,0,616,0,70,2,2,12
smithwi04,2023,1,TEX,AL,2,7,60,0,0,0,22,172,44,28,5,17,55,0.211,4.4,4,1,0,0,226,41,31,0,0,3
smithwi04,2024,1,KCA,AL,0,4,45,0,0,0,1,124,45,30,7,15,29,0.273,6.53,2,0,3,0,186,13,31,2,1,0
smylydr01,2023,1,CHN,NL,11,11,41,23,0,0,0,427,147,79,26,56,141,0.265,5,0,9,6,1,626,4,89,3,7,10
smylydr01,2024,1,CHN,NL,4,8,50,0,0,0,0,176,57,25,10,25,56,0.252,3.84,3,5,3,0,257,8,29,2,1,3
sneadki01,2023,1,OAK,AL,1,2,15,0,0,0,0,35,14,6,1,6,9,0.28,4.63,1,3,0,0,56,2,7,0,0,1
sneadki01,2024,1,SEA,AL,0,0,11,0,0,0,0,31,12,5,0,7,7,0.293,4.35,0,0,0,0,48,2,5,0,0,0
snellbl01,2023,1,SDN,NL,14,9,32,32,0,0,0,540,115,45,15,99,234,0.181,2.25,0,13,3,2,742,0,47,0,3,13
snellbl01,2024,1,SFN,NL,5,3,20,20,1,1,0,312,65,36,6,44,145,0.174,3.12,0,8,1,0,418,0,38,0,0,2
snellbl01,2025,1,LAN,NL,5,4,11,11,0,0,0,184,51,16,3,26,72,0.23,2.35,1,7,0,0,254,0,21,3,3,4
snideco01,2023,1,KCA,AL,0,0,20,1,0,0,1,61,24,11,3,13,11,0.296,4.87,0,0,0,0,95,2,12,0,1,3
snideco01,2024,1,SEA,AL,3,4,42,0,0,0,0,125,36,9,5,13,47,0.231,1.94,2,1,0,0,169,9,14,0,0,4
snideco01,2025,1,SEA,AL,2,1,24,0,0,0,0,79,32,16,3,6,24,0.299,5.47,1,1,2,0,119,4,20,2,2,3
solompe01,2023,1,ARI,NL,0,0,5,0,0,0,0,40,17,18,2,11,6,0.309,12.15,0,1,1,0,67,2,18,0,0,1
sommedr01,2025,1,DET,AL,0,1,4,0,0,0,0,9,7,6,1,3,3,0.467,18,0,0,1,0,19,2,6,0,0,0
soriage01,2023,1,MIA,NL,0,0,26,1,0,0,1,156,46,22,6,23,52,0.234,3.81,1,0,5,1,228,4,26,1,2,4
soriage01,2024,1,MIA,NL,1,1,22,0,0,0,1,88,27,22,7,13,29,0.241,6.75,0,3,4,0,131,11,23,0,2,1
soriage01,2025,1,MIA,NL,2,0,24,0,0,0,1,110,46,34,10,19,36,0.305,8.35,1,3,2,1,173,12,36,0,1,2
soriajo02,2023,1,LAA,AL,1,3,38,0,0,0,0,126,33,17,4,23,56,0.214,3.64,2,2,7,1,185,6,22,1,0,2
soriajo02,2024,1,LAA,AL,6,7,22,20,0,0,0,339,91,43,8,45,97,0.223,3.42,1,7,9,0,468,1,50,1,5,16
soriajo02,2025,1,LAA,AL,10,11,31,31,0,0,0,507,158,80,12,78,152,0.249,4.26,0,8,5,0,724,0,89,4,2,30
sorokmi01,2023,1,ATL,NL,2,2,7,6,0,0,0,97,36,23,9,12,29,0.281,6.4,0,2,4,0,145,0,23,1,0,4
sorokmi01,2024,1,CHA,AL,0,10,25,9,0,0,0,239,66,42,13,44,84,0.224,4.74,1,2,3,2,347,7,49,2,4,2
sorokmi01,2025,1,WAS,NL,3,8,16,16,0,0,0,244,68,44,11,24,87,0.224,4.87,0,2,14,1,343,0,44,0,1,4
sorokmi01,2025,2,CHN,NL,0,0,6,1,0,0,0,25,4,1,1,5,8,0.133,1.08,0,0,1,0,36,1,5,0,0,0
sotogr01,2023,1,PHI,NL,3,4,69,0,0,0,3,181,47,31,6,22,65,0.21,4.62,0,5,2,0,250,13,34,0,2,4
sotogr01,2024,1,PHI,NL,2,4,43,0,0,0,2,106,36,16,2,20,44,0.265,4.08,2,3,6,0,165,13,19,1,2,2
sotogr01,2024,2,BAL,AL,1,1,23,0,0,0,0,53,20,10,2,7,21,0.286,5.09,1,1,2,1,79,5,11,0,0,1
sotogr01,2025,1,BAL,AL,0,2,45,0,0,0,1,109,29,16,2,18,44,0.216,3.96,1,7,5,0,160,10,17,1,2,3
sotogr01,2025,2,NYN,NL,1,3,25,0,0,0,0,72,33,12,2,6,26,0.308,4.5,0,3,6,0,119,3,16,0,0,0
sousabe01,2023,1,MIL,NL,0,0,2,0,0,0,0,8,5,4,1,2,2,0.417,13.5,0,0,0,0,14,2,4,0,0,1
sousabe01,2023,2,HOU,AL,0,0,5,0,0,0,0,19,1,0,0,0,8,0.05,0,0,0,0,0,20,2,0,0,0,0
sousabe01,2025,1,HOU,AL,5,1,44,0,0,0,4,152,37,16,4,15,59,0.204,2.84,0,4,0,0,199,13,18,1,2,4
speasal01,2023,1,TEX,AL,0,2,3,0,0,0,0,6,2,3,0,5,4,0.286,13.5,1,1,0,0,12,1,3,0,0,0
speasal01,2024,1,HOU,AL,0,0,1,0,0,0,0,6,2,1,1,1,2,0.286,4.5,0,0,0,0,8,1,1,0,0,1
speiega01,2023,1,SEA,AL,2,2,69,0,0,0,1,164,47,23,7,11,64,0.235,3.79,4,2,3,0,216,8,24,0,2,8
speiega01,2024,1,SEA,AL,0,2,29,0,0,0,0,71,19,15,2,14,33,0.226,5.7,1,1,2,0,104,3,15,1,3,2
speiega01,2025,1,SEA,AL,4,3,76,0,0,0,0,186,43,18,5,11,82,0.192,2.61,1,1,5,0,243,4,19,0,3,0
spencmi01,2024,1,OAK,AL,8,10,35,24,0,0,0,454,165,77,20,44,126,0.276,4.58,0,8,6,1,651,2,79,1,2,12
spencmi01,2025,1,ATH,AL,3,6,32,8,0,0,1,254,96,48,16,26,66,0.28,5.1,2,1,4,0,375,3,57,0,2,6
spierca01,2023,1,CIN,NL,0,1,4,2,0,0,1,39,18,10,1,7,12,0.321,6.92,0,0,0,0,64,1,12,0,1,1
spierca01,2024,1,CIN,NL,5,7,22,10,0,0,0,272,112,55,20,27,80,0.297,5.46,0,0,5,0,410,4,59,0,1,8
spierca01,2025,1,CIN,NL,0,2,3,2,0,0,0,40,13,9,3,7,11,0.26,6.08,0,0,1,0,60,1,9,1,1,0
sprinje01,2023,1,TBA,AL,2,0,3,3,0,0,0,48,4,1,1,4,24,0.08,0.56,0,0,0,0,55,0,1,0,0,1
sprinje01,2024,1,TBA,AL,2,2,7,7,0,0,0,99,34,12,5,11,37,0.264,3.27,0,0,1,0,142,0,12,0,1,2
sprinje01,2025,1,ATH,AL,11,11,32,30,0,0,0,513,153,78,28,54,138,0.236,4.11,0,0,3,3,713,0,90,1,8,8
sproabr01,2025,1,NYN,NL,0,2,4,4,0,0,0,62,18,11,0,7,17,0.243,4.79,0,0,2,0,84,0,11,0,1,4
stallja01,2023,1,MIA,NL,0,0,7,0,0,0,0,24,12,4,1,0,1,0.364,4.5,0,0,2,0,36,7,4,0,1,2
stallja01,2025,1,COL,NL,0,0,1,0,0,0,0,6,2,1,0,0,1,0.25,4.5,0,0,0,0,8,1,1,0,0,0
stanery01,2023,1,HOU,AL,3,1,55,0,0,0,0,152,42,23,8,21,51,0.221,4.09,1,2,1,1,213,15,24,0,1,3
stanery01,2024,1,SEA,AL,6,3,46,0,0,0,7,117,35,19,5,17,44,0.23,4.38,2,1,2,0,172,12,21,0,1,2
stanery01,2024,2,NYN,NL,1,0,17,0,0,0,0,49,13,11,3,8,23,0.217,6.06,0,2,1,0,69,2,11,0,0,3
stanery01,2025,1,NYN,NL,4,6,65,0,0,0,3,168,56,33,7,32,58,0.253,5.3,0,5,0,0,255,17,39,0,2,2
staumjo01,2023,1,KCA,AL,0,0,21,1,0,0,0,60,16,12,1,13,24,0.219,5.4,0,3,2,0,89,5,12,0,0,3
staumjo01,2024,1,MIN,AL,1,0,25,0,0,0,0,73,17,10,0,14,18,0.2,3.7,0,1,1,0,102,12,12,0,2,2
steelju01,2023,1,CHN,NL,16,5,30,30,0,0,0,520,167,59,14,36,176,0.251,3.06,0,9,7,1,716,0,71,5,2,14
steelju01,2024,1,CHN,NL,5,5,24,24,1,0,0,404,111,46,12,37,135,0.219,3.07,0,1,4,0,555,0,54,5,3,5
steelju01,2025,1,CHN,NL,3,1,4,4,0,0,0,68,21,12,5,5,21,0.247,4.76,0,0,1,0,92,0,12,0,1,2
stefami01,2024,1,LAA,AL,0,0,1,0,0,0,0,3,1,0,0,0,0,0.25,0,0,0,1,0,5,1,0,0,0,0
stefami01,2025,1,TOR,AL,0,0,1,0,0,0,0,3,0,0,0,0,0,0,0,0,0,0,0,3,1,0,0,0,0
stephja01,2023,1,ATL,NL,0,0,5,0,0,0,0,36,13,4,1,5,11,0.283,3,0,1,0,0,52,2,4,1,0,1
stephja01,2024,1,ATL,NL,0,0,3,0,0,0,0,10,5,1,1,1,2,0.333,2.7,0,0,1,0,17,3,1,0,0,0
stephro01,2023,1,PIT,NL,0,3,18,0,0,0,0,42,12,8,3,8,17,0.231,5.14,1,0,0,0,61,5,9,0,1,1
stephro01,2023,2,TBA,AL,3,1,42,0,0,0,1,115,18,10,5,8,60,0.138,2.35,1,4,0,0,140,10,11,1,1,1
stephro01,2025,1,LAA,AL,2,0,12,0,0,0,0,30,7,3,1,3,10,0.184,2.7,1,1,1,1,42,0,4,0,0,0
stephtr01,2023,1,CLE,AL,7,7,71,0,0,0,2,206,63,31,6,26,75,0.245,4.06,1,3,5,0,294,11,35,3,3,5
sternju01,2024,1,TBA,AL,0,0,2,0,0,0,0,12,5,1,0,1,4,0.294,2.25,1,0,0,0,19,1,2,0,1,0
sternju01,2025,1,ATH,AL,4,3,59,1,0,0,0,195,47,23,10,21,70,0.2,3.18,2,1,7,0,266,8,24,0,3,1
stewabr01,2023,1,MIN,AL,2,0,28,0,0,0,1,83,19,2,1,11,39,0.196,0.65,3,1,1,0,109,5,2,0,0,3
stewabr01,2024,1,MIN,AL,0,0,16,0,0,0,0,47,15,9,2,8,20,0.254,5.17,0,0,0,0,67,1,9,0,0,1
stewabr01,2025,1,MIN,AL,2,1,39,0,0,0,0,102,26,9,3,11,41,0.21,2.38,2,1,3,0,139,2,9,1,0,0
stewabr01,2025,2,LAN,NL,0,1,4,0,0,0,0,11,6,2,0,2,3,0.353,4.91,0,0,1,0,20,1,2,0,0,0
stockro01,2025,1,BOS,AL,0,0,2,0,0,0,0,8,4,3,1,4,1,0.364,10.13,0,0,0,0,15,1,3,0,0,0
stonega01,2023,1,LAN,NL,1,1,8,4,0,0,1,93,46,31,8,13,22,0.338,9,0,0,2,0,152,1,32,0,1,2
stonega01,2024,1,LAN,NL,11,5,25,25,1,1,0,421,133,55,18,37,116,0.248,3.53,0,9,2,0,580,0,55,1,3,11
stoudle01,2023,1,CIN,NL,0,1,4,2,0,0,0,31,16,11,1,8,9,0.348,9.58,0,0,0,1,55,0,11,0,1,1
strahma01,2023,1,PHI,NL,9,5,56,10,0,0,2,263,68,32,11,21,108,0.213,3.29,0,1,3,1,351,6,34,1,6,3
strahma01,2024,1,PHI,NL,6,2,66,0,0,0,3,188,36,13,4,11,79,0.166,1.87,1,2,6,0,237,10,14,0,3,2
strahma01,2025,1,PHI,NL,2,3,66,0,0,0,6,187,47,19,5,20,70,0.208,2.74,1,3,2,0,256,19,22,3,5,1
stratch01,2023,1,SLN,NL,1,1,42,0,0,0,1,161,45,25,4,17,59,0.226,4.19,0,4,1,0,221,19,28,1,3,5
stratch01,2023,2,TEX,AL,1,0,22,0,0,0,0,87,24,11,4,8,22,0.229,3.41,0,1,1,0,117,4,11,0,3,2
stratch01,2024,1,KCA,AL,4,3,57,0,0,0,4,175,53,36,5,33,44,0.248,5.55,1,1,3,0,257,21,38,1,6,7
stratch01,2025,1,KCA,AL,0,0,12,0,0,0,0,51,29,15,2,8,16,0.377,7.94,0,0,0,0,87,7,17,0,2,1
stratch01,2025,2,LAN,NL,0,0,3,0,0,0,0,12,3,3,2,2,6,0.2,6.75,0,0,0,0,17,2,3,0,0,0
strathu01,2023,1,PIT,NL,0,0,8,0,0,0,0,36,9,3,2,3,10,0.209,2.25,0,1,1,0,47,3,3,0,0,1
strathu01,2024,1,PIT,NL,2,1,36,0,0,0,1,113,37,15,3,7,33,0.255,3.58,0,2,3,0,158,8,17,3,0,1
strathu01,2025,1,PIT,NL,0,0,3,0,0,0,0,8,10,7,1,2,1,0.588,23.63,0,0,1,0,21,1,7,0,1,0
strathu01,2025,2,ATL,NL,1,1,12,0,0,0,1,49,13,4,2,5,15,0.217,2.2,0,0,2,0,68,5,5,0,1,1
strichu01,2024,1,LAA,AL,3,2,72,0,0,0,1,220,56,27,10,24,57,0.211,3.31,1,1,2,0,294,10,31,1,1,7
strichu01,2025,1,LAA,AL,1,2,19,0,0,0,1,66,17,8,2,10,14,0.213,3.27,2,1,0,0,91,6,9,0,1,1
stridsp01,2023,1,ATL,NL,20,5,32,32,0,0,0,560,146,80,22,58,281,0.21,3.86,1,6,9,2,763,0,85,0,0,6
stridsp01,2024,1,ATL,NL,0,0,2,2,0,0,0,27,10,7,2,5,12,0.27,7,0,0,0,0,42,0,7,0,0,0
stridsp01,2025,1,ATL,NL,7,14,23,23,0,0,0,376,124,62,20,51,131,0.261,4.45,0,1,8,1,539,0,63,1,4,8
stripro01,2023,1,SFN,NL,0,5,22,11,0,0,0,267,104,53,20,16,70,0.287,5.36,0,2,2,1,381,5,54,0,1,5
stripro01,2024,1,OAK,AL,2,11,22,14,0,0,0,256,109,57,7,22,49,0.309,6.01,2,2,1,1,381,3,65,1,4,8
stromma01,2023,1,CHN,NL,10,9,27,25,1,1,0,410,120,60,9,52,119,0.231,3.95,0,3,3,0,575,1,68,0,1,16
stromma01,2024,1,NYA,AL,10,9,30,29,0,0,1,464,167,74,19,60,113,0.276,4.31,0,2,8,0,675,1,81,0,3,16
stromma01,2025,1,NYA,AL,3,2,9,9,0,0,0,117,44,27,6,16,26,0.282,6.23,0,1,2,0,175,0,27,0,1,4
strowka01,2025,1,BAL,AL,0,1,25,0,0,0,0,79,16,5,1,13,24,0.178,1.71,0,2,1,0,105,6,6,0,1,4
strzepe01,2023,1,MIL,NL,3,5,36,0,0,0,0,107,32,18,3,10,37,0.235,4.54,1,0,8,0,156,5,18,1,1,2
strzepe01,2023,2,ARI,NL,0,0,1,0,0,0,0,4,1,0,0,2,0,0.2,0,0,0,0,0,7,0,0,0,0,0
strzepe01,2024,1,CLE,AL,0,0,10,0,0,0,0,35,11,3,1,3,9,0.256,2.31,0,0,1,0,47,6,3,0,0,3
stubbga01,2024,1,PHI,NL,0,0,4,0,0,0,0,12,6,7,2,2,0,0.353,15.75,0,0,0,0,19,4,7,0,0,1
suareal01,2024,1,BAL,AL,9,7,32,24,0,0,0,401,130,55,17,43,108,0.255,3.7,1,2,3,1,565,1,56,4,5,8
suareal01,2025,1,BAL,AL,2,0,5,1,0,0,0,35,9,3,0,2,10,0.225,2.31,1,4,1,0,44,3,4,0,1,1
suarean01,2023,1,SLN,NL,0,0,13,0,0,0,0,83,33,22,7,15,17,0.287,7.16,0,2,0,0,130,6,27,0,0,1
suarejo01,2023,1,LAA,AL,1,3,11,7,0,0,0,101,46,31,10,20,28,0.324,8.29,1,2,1,0,165,0,32,1,1,2
suarejo01,2024,1,LAA,AL,1,2,22,3,0,0,1,157,57,35,7,27,56,0.274,6.02,0,1,4,0,240,7,38,0,1,6
suarejo01,2025,1,ATL,NL,2,0,7,1,0,0,1,58,15,4,1,10,16,0.217,1.86,1,0,0,0,81,2,5,1,1,1
suarera01,2023,1,PHI,NL,4,6,22,22,0,0,0,375,129,58,13,48,119,0.267,4.18,0,4,2,0,540,0,59,3,4,14
suarera01,2024,1,PHI,NL,12,8,27,27,1,1,0,452,140,58,14,41,145,0.243,3.46,1,1,5,2,626,0,63,3,1,8
suarera01,2025,1,PHI,NL,12,8,26,26,0,0,0,472,154,56,14,38,151,0.256,3.2,0,0,6,0,651,0,57,2,3,13
suarero01,2023,1,SDN,NL,4,3,27,0,0,0,0,83,15,13,4,10,24,0.155,4.23,3,0,0,0,108,5,13,0,1,0
suarero01,2024,1,SDN,NL,9,3,65,0,0,0,36,195,52,20,7,16,59,0.217,2.77,1,1,0,0,258,55,21,1,1,5
suarero01,2025,1,SDN,NL,4,6,70,0,0,0,40,209,47,23,6,16,75,0.189,2.97,2,1,2,0,269,56,24,1,1,3
suerowa01,2023,1,LAN,NL,1,0,5,0,0,0,0,24,6,7,2,5,9,0.2,7.88,0,0,0,0,35,3,7,0,0,0
suerowa01,2024,1,HOU,AL,0,1,1,0,0,0,0,0,1,0,0,0,0,1,,0,0,0,0,1,1,1,0,0,0
suerowa01,2025,1,ATL,NL,0,0,5,0,0,0,0,19,10,8,3,4,7,0.357,11.37,0,0,0,1,32,2,8,0,0,0
suganto01,2025,1,BAL,AL,10,10,30,30,0,0,0,471,173,81,33,36,106,0.276,4.64,2,3,8,1,675,0,85,0,5,11
sulseco01,2023,1,ARI,NL,0,0,4,0,0,0,0,16,5,4,2,3,4,0.25,6.75,0,0,0,0,23,1,4,0,0,0
sulseco01,2024,1,NYN,NL,0,0,4,0,0,0,0,14,6,5,1,3,7,0.316,9.64,0,0,0,0,23,1,5,0,1,0
sulseco01,2024,2,TBA,AL,1,0,6,2,0,0,0,35,3,0,0,6,8,0.086,0,1,0,0,0,43,1,0,1,1,0
sulseco01,2025,1,TBA,AL,2,1,18,0,0,0,0,68,20,5,1,7,22,0.241,1.99,1,0,0,0,90,11,5,0,0,4
suterbr01,2023,1,COL,NL,4,3,57,2,0,0,0,208,65,26,3,25,55,0.249,3.38,0,1,3,0,292,12,36,1,2,4
suterbr01,2024,1,CIN,NL,1,0,47,3,0,0,2,197,63,23,10,12,50,0.249,3.15,0,2,3,0,270,20,25,0,2,4
suterbr01,2025,1,CIN,NL,1,2,48,3,0,0,0,203,69,34,11,18,53,0.257,4.52,1,2,2,0,291,19,38,1,1,3
svansma01,2025,1,SLN,NL,4,0,39,0,0,0,0,181,33,13,3,20,68,0.16,1.94,0,1,4,0,234,10,14,0,4,4
swanser01,2023,1,TOR,AL,4,2,69,0,0,0,4,200,52,22,8,21,75,0.217,2.97,0,0,0,0,262,13,22,1,0,8
swanser01,2024,1,TOR,AL,2,2,45,0,0,0,0,118,36,22,11,14,37,0.235,5.03,0,0,1,1,168,15,22,0,0,1
swanser01,2025,1,TOR,AL,1,0,6,0,0,0,0,16,8,9,2,5,3,0.364,15.19,0,1,1,0,30,2,9,0,2,0
sweetde01,2023,1,SEA,AL,0,0,2,0,0,0,0,6,2,2,1,1,1,0.25,9,0,0,0,0,9,2,2,0,0,0
sweetde01,2023,2,OAK,AL,1,0,5,0,0,0,0,20,8,8,3,5,5,0.296,10.8,0,0,2,0,34,1,8,0,0,1
syndeno01,2023,1,LAN,NL,1,4,12,12,0,0,0,166,71,44,12,9,38,0.313,7.16,0,0,6,0,246,0,44,0,4,5
syndeno01,2023,2,CLE,AL,1,2,6,6,0,0,0,100,33,20,10,10,18,0.252,5.4,0,0,4,0,145,0,21,0,0,2
taillja01,2023,1,CHN,NL,8,10,30,29,0,0,1,463,156,83,27,41,140,0.258,4.84,0,2,5,0,655,1,96,0,5,10
taillja01,2024,1,CHN,NL,12,8,28,28,0,0,0,496,154,60,21,33,125,0.243,3.27,0,4,1,2,675,0,67,3,4,8
taillja01,2025,1,CHN,NL,11,7,23,23,0,0,0,389,110,53,24,27,98,0.225,3.68,0,1,0,0,519,0,54,2,1,4
tapiado01,2023,1,SDN,NL,0,1,15,0,0,0,1,53,13,7,2,12,14,0.21,3.57,1,0,1,0,75,6,8,0,0,2
tarnofr01,2023,1,OAK,AL,1,1,5,1,0,0,0,44,11,8,4,11,14,0.204,4.91,0,2,0,0,65,1,8,0,0,1
tarnofr01,2025,1,MIA,NL,1,0,5,0,0,0,1,22,1,2,1,4,10,0.043,2.45,0,0,1,0,28,3,2,0,0,1
tatedi01,2024,1,BAL,AL,2,1,29,0,0,0,1,100,38,17,2,9,23,0.284,4.59,0,0,4,0,148,10,19,0,1,2
tatedi01,2024,2,TOR,AL,0,0,4,0,0,0,0,10,4,2,0,3,4,0.308,5.4,0,0,0,0,16,0,2,0,0,0
tatedi01,2025,1,TOR,AL,0,0,6,0,0,0,0,19,8,3,1,6,8,0.296,4.26,0,0,1,0,34,1,3,0,0,1
taylogr02,2025,1,CHA,AL,2,4,36,2,0,0,6,110,37,20,0,15,54,0.268,4.91,1,5,0,0,157,10,20,2,2,4
taylojo02,2023,1,KCA,AL,1,3,17,1,0,0,0,53,22,16,4,9,26,0.306,8.15,1,1,0,1,83,4,17,0,2,1
taylotr01,2024,1,SEA,AL,0,0,21,0,0,0,1,58,15,8,4,7,25,0.203,3.72,0,2,0,0,81,8,8,0,0,0
taylotr01,2025,1,SEA,AL,0,0,8,0,0,0,0,20,14,9,2,3,2,0.467,12.15,0,0,1,0,37,4,9,1,2,1
teherju01,2023,1,MIL,NL,3,5,14,11,0,0,0,215,68,35,13,13,50,0.254,4.4,0,1,4,2,288,1,36,1,2,6
teherju01,2024,1,NYN,NL,0,0,1,1,0,0,0,8,6,4,1,2,3,0.429,13.5,0,0,0,0,16,0,4,0,0,0
tellero01,2023,1,MIL,NL,0,0,1,0,0,0,0,3,1,0,0,0,1,0.25,0,0,0,0,0,4,1,0,0,0,0
tellero01,2024,1,PIT,NL,0,0,3,0,0,0,0,8,5,2,0,1,0,0.455,6.75,0,0,2,0,15,3,2,0,1,1
tellero01,2025,2,TEX,AL,0,0,1,0,0,0,0,6,5,3,1,0,0,0.5,13.5,0,0,1,0,11,1,3,0,0,1
tengka01,2024,1,SFN,NL,0,0,4,0,0,0,0,33,15,12,2,8,7,0.326,9.82,0,1,1,0,55,0,12,0,0,1
tengka01,2025,1,SFN,NL,2,4,8,7,0,0,0,89,29,21,2,17,39,0.254,6.37,0,0,7,0,139,0,24,0,1,4
teperry01,2023,1,LAA,AL,2,2,10,0,0,0,0,26,15,7,2,3,10,0.385,7.27,1,0,2,0,46,2,9,0,0,1
teperry01,2023,2,SLN,NL,0,0,2,0,0,0,0,6,3,2,1,1,1,0.333,9,0,0,1,0,11,0,2,0,0,0
thenju01,2023,1,SEA,AL,0,0,9,0,0,0,0,33,14,6,3,2,5,0.304,4.91,0,1,0,0,48,4,6,0,0,1
thielca01,2023,1,MIN,AL,3,1,36,0,0,0,0,92,23,11,7,6,36,0.204,3.23,0,1,0,0,120,4,12,1,0,0
thielca01,2024,1,MIN,AL,2,4,59,0,0,0,3,142,50,28,6,24,53,0.266,5.32,2,2,0,0,216,18,33,1,3,2
thielca01,2025,1,CHN,NL,3,4,67,0,0,0,1,174,38,17,5,13,56,0.186,2.64,1,0,0,0,220,4,17,0,3,4
thomaco02,2025,1,MIL,NL,0,0,2,0,0,0,0,16,12,12,3,2,5,0.462,20.25,0,0,1,0,31,0,12,0,2,1
thomala02,2023,1,WAS,NL,0,0,1,0,0,0,0,3,3,3,1,0,1,0.5,27,0,0,0,0,6,1,3,0,0,0
thompke02,2023,1,CHN,NL,2,2,19,0,0,0,1,86,20,15,2,19,26,0.194,4.71,0,2,1,0,125,5,15,0,2,2
thompke02,2024,1,CHN,NL,2,1,24,0,0,0,2,91,19,9,3,18,36,0.176,2.67,0,0,0,0,127,9,12,0,1,3
thompma02,2023,1,WAS,NL,4,4,51,0,0,0,1,162,62,33,4,22,44,0.294,5.5,0,4,4,0,240,5,35,1,2,6
thompma02,2025,1,WAS,NL,1,1,14,0,0,0,0,32,16,14,1,12,11,0.333,11.81,2,0,0,0,60,3,16,0,0,0
thompry02,2023,1,TBA,AL,1,2,18,0,0,0,0,53,14,12,2,7,12,0.215,6.11,0,2,3,0,76,3,13,1,0,1
thompry02,2023,2,ARI,NL,0,0,13,0,0,0,1,39,6,1,1,1,9,0.14,0.69,0,0,1,0,45,2,1,0,0,1
thompry02,2024,1,ARI,NL,7,5,67,0,0,0,2,199,64,24,5,15,52,0.254,3.26,2,2,1,0,272,4,26,2,2,5
thompry02,2025,1,ARI,NL,3,2,48,0,0,0,1,124,42,18,4,13,36,0.263,3.92,2,0,2,1,175,9,21,0,0,4
thompza01,2025,1,ATL,NL,0,0,2,0,0,0,0,11,0,0,0,1,3,0,0,0,1,0,0,12,0,0,0,0,0
thompza02,2023,1,SLN,NL,5,7,25,9,0,0,0,199,69,33,8,25,72,0.27,4.48,0,3,2,0,287,1,35,1,3,6
thompza02,2024,1,SLN,NL,0,2,5,2,0,0,0,51,24,18,6,8,20,0.324,9.53,0,0,1,0,83,0,18,0,0,1
thorntr01,2023,1,TOR,AL,0,0,4,0,0,0,0,16,7,1,0,1,5,0.333,1.69,0,0,0,0,22,0,1,0,0,2
thorntr01,2023,2,SEA,AL,1,2,23,1,0,0,0,78,23,6,5,5,21,0.235,2.08,0,0,0,0,103,6,11,0,0,2
thorntr01,2024,1,SEA,AL,4,3,71,0,0,0,1,217,63,29,8,19,77,0.238,3.61,1,4,5,0,294,16,32,3,2,4
thorntr01,2025,1,SEA,AL,2,0,33,0,0,0,0,127,41,22,6,14,32,0.258,4.68,2,1,4,0,180,7,23,1,2,4
thorpdr01,2024,1,CHA,AL,3,3,9,9,0,0,0,133,35,27,8,21,25,0.211,5.48,0,0,1,1,190,0,29,0,2,2
tidwebl01,2025,1,NYN,NL,1,1,4,2,0,0,0,45,23,15,4,10,10,0.348,9,0,0,1,0,78,1,15,0,1,1
tinocje01,2024,1,TEX,AL,0,0,9,0,0,0,0,30,11,9,2,7,9,0.268,8.1,0,1,2,0,50,1,9,0,0,0
tinocje01,2024,2,CHN,NL,0,0,2,0,0,0,0,12,3,0,0,0,3,0.214,0,0,0,0,0,14,2,0,0,0,1
tinocje01,2024,3,MIA,NL,1,0,21,0,0,0,3,80,13,6,1,5,30,0.141,2.03,1,0,1,0,98,7,6,0,0,1
tinocje01,2025,1,MIA,NL,2,1,20,0,0,0,4,58,17,11,1,8,10,0.239,5.12,1,0,0,0,80,8,12,1,0,2
tollepa01,2025,1,BOS,AL,0,1,7,3,0,0,0,49,18,11,5,8,19,0.277,6.06,0,1,0,0,74,2,12,0,1,1
tongjo01,2025,1,NYN,NL,2,3,5,5,0,0,0,56,24,16,3,9,22,0.312,7.71,0,3,0,0,87,0,20,0,1,1
tonkimi01,2023,1,ATL,NL,7,3,45,0,0,0,1,240,64,38,13,23,75,0.217,4.28,1,2,2,1,325,11,41,2,3,5
tonkimi01,2024,1,NYN,NL,1,2,5,0,0,0,0,21,8,4,1,2,6,0.286,5.14,0,1,3,0,35,4,10,0,2,0
tonkimi01,2024,2,MIN,AL,0,0,13,0,0,0,0,49,18,7,0,7,22,0.286,3.86,0,0,2,0,73,4,7,0,1,1
tonkimi01,2024,3,NYA,AL,3,2,39,0,0,0,2,168,44,21,5,21,57,0.214,3.38,1,3,3,1,232,15,26,0,2,2
tonkimi01,2025,1,MIN,AL,2,1,21,0,0,0,0,72,20,13,3,8,19,0.225,4.88,0,1,5,0,103,7,13,0,1,1
topaju01,2023,1,SEA,AL,5,4,75,0,0,0,3,207,61,20,4,18,61,0.24,2.61,4,0,3,0,279,14,26,1,3,7
topaju01,2024,1,MIN,AL,0,0,3,0,0,0,0,7,1,0,0,0,2,0.125,0,0,0,0,0,8,2,0,0,0,0
topaju01,2025,1,MIN,AL,1,5,54,1,0,0,4,180,68,26,2,18,49,0.281,3.9,3,0,4,0,268,17,32,2,2,3
toroab01,2025,1,BOS,AL,0,0,1,0,0,0,0,3,4,2,0,1,0,0.667,18,0,0,0,0,8,1,2,0,1,0
torrelu01,2024,1,NYN,NL,0,0,1,0,0,0,0,1,0,0,0,0,0,0,0,0,0,0,0,1,1,0,0,0,0
torrelu01,2025,1,NYN,NL,0,0,2,0,0,0,0,2,5,4,2,1,0,0.714,54,0,0,0,0,8,1,4,0,0,0
toussto01,2023,1,CLE,AL,0,1,1,1,0,0,0,11,3,2,0,5,2,0.25,4.91,0,1,0,0,19,0,2,1,1,0
toussto01,2023,2,CHA,AL,4,6,19,15,0,0,0,250,66,46,10,52,83,0.221,4.97,0,2,7,1,365,2,46,2,6,8
toussto01,2024,1,CHA,AL,1,2,11,0,0,0,0,69,35,19,3,18,26,0.361,7.43,0,1,1,0,117,2,19,0,1,4
toussto01,2025,1,LAA,AL,0,0,1,0,0,0,0,6,4,2,0,1,3,0.4,9,0,0,0,0,11,1,2,0,0,0
treinbl01,2024,1,LAN,NL,7,3,50,0,0,0,1,140,33,10,5,11,56,0.194,1.93,0,1,2,0,184,6,11,0,1,0
treinbl01,2025,1,LAN,NL,2,7,32,0,0,0,2,80,30,16,4,19,36,0.28,5.4,4,1,2,0,129,9,18,0,1,0
trejoal01,2023,1,COL,NL,0,0,2,0,0,0,0,6,4,3,2,0,1,0.444,13.5,0,0,0,0,10,2,3,0,1,0
trejoal01,2025,1,COL,NL,0,0,1,0,0,0,0,3,1,0,0,0,0,0.333,0,0,0,0,0,3,1,0,0,0,1
trevijo01,2024,1,NYA,AL,0,0,2,0,0,0,0,6,5,3,0,2,0,0.455,13.5,0,0,0,0,13,2,3,0,0,0
trevijo01,2025,1,CIN,NL,0,0,2,0,0,0,0,7,4,1,0,1,1,0.4,3.86,0,0,0,0,12,2,1,0,1,0
triolja01,2025,1,PIT,NL,0,0,1,0,0,0,0,3,3,0,1,1,0,0.429,0,0,0,0,0,8,1,2,0,0,0
trivilo01,2025,1,SFN,NL,1,0,11,0,0,0,0,37,11,8,4,5,11,0.229,5.84,0,0,1,0,54,5,8,0,0,1
trivilo01,2025,2,LAN,NL,2,1,26,2,0,0,0,79,29,11,2,8,18,0.293,3.76,1,1,4,1,115,1,12,1,3,2
trivilo01,2025,3,PHI,NL,0,1,10,0,0,0,0,27,6,2,0,5,8,0.194,2,0,1,1,0,38,7,3,0,1,1
tuckeco01,2024,1,LAA,AL,0,0,1,0,0,0,0,3,1,0,0,1,0,0.333,0,0,0,0,0,4,1,0,0,0,1
turnbsp01,2023,1,DET,AL,1,4,7,7,0,0,0,93,37,25,5,15,24,0.291,7.26,0,2,3,0,145,0,26,0,0,4
turnbsp01,2024,1,PHI,NL,3,0,17,7,0,0,0,163,37,16,6,20,58,0.188,2.65,0,2,5,0,222,4,17,0,0,3
turnbsp01,2025,1,TOR,AL,1,1,3,1,0,0,0,19,12,5,1,4,4,0.414,7.11,0,0,0,0,33,1,5,0,0,1
tylerky01,2024,1,MIA,NL,0,2,8,7,0,0,0,95,37,19,4,18,25,0.301,5.4,0,1,1,0,142,0,19,0,0,5
ucetaed01,2023,1,NYN,NL,0,0,1,0,0,0,0,9,0,0,0,2,3,0,0,0,0,1,0,11,1,0,0,0,0
ucetaed01,2024,1,TBA,AL,2,0,30,0,0,0,5,125,26,7,2,8,57,0.174,1.51,0,0,1,0,159,10,8,1,0,0
ucetaed01,2025,1,TBA,AL,10,3,70,0,0,0,1,228,62,32,11,27,103,0.22,3.79,3,0,8,3,321,11,33,1,3,2
uelmeer01,2023,1,PHI,NL,0,0,1,0,0,0,0,3,3,4,0,2,1,0.6,36,0,0,0,0,8,0,4,0,1,0
underdu01,2023,1,PIT,NL,1,0,20,0,0,0,2,73,24,14,3,11,14,0.273,5.18,0,0,0,0,100,9,14,0,1,5
urenajo01,2023,1,COL,NL,0,4,5,5,0,0,0,55,27,20,9,14,9,0.346,9.82,0,1,0,0,93,0,22,0,1,3
urenajo01,2023,2,CHA,AL,0,3,5,5,0,0,0,79,23,12,4,8,20,0.235,4.1,0,1,1,0,110,0,15,1,2,2
urenajo01,2024,1,TEX,AL,5,8,33,9,0,0,1,327,105,46,13,39,70,0.254,3.8,2,3,4,0,463,8,51,2,4,12
urenajo01,2025,1,NYN,NL,0,0,1,0,0,0,1,9,7,5,2,1,3,0.438,15,0,0,0,0,17,1,5,0,0,0
urenajo01,2025,2,TOR,AL,0,0,6,2,0,0,0,37,12,5,3,3,5,0.245,3.65,0,0,0,0,52,4,5,0,0,0
urenajo01,2025,3,LAN,NL,0,0,2,0,0,0,0,9,4,1,0,1,2,0.333,3,1,1,0,0,13,0,1,0,0,0
urenajo01,2025,4,MIN,AL,0,1,4,3,0,0,0,53,17,9,1,8,10,0.258,4.58,0,1,2,0,78,0,9,1,1,0
urenajo01,2025,5,LAA,AL,0,0,6,1,0,0,0,57,17,8,2,10,14,0.23,3.79,0,0,1,0,85,3,9,0,0,2
uriasju01,2023,1,LAN,NL,11,8,21,21,0,0,0,352,112,60,24,24,117,0.252,4.6,0,2,6,1,482,0,61,0,6,11
uribeab01,2023,1,MIL,NL,1,0,32,0,0,0,1,92,16,6,0,20,39,0.154,1.76,0,6,1,1,127,7,8,0,2,2
uribeab01,2024,1,MIL,NL,2,2,14,0,0,0,3,43,15,11,1,12,14,0.278,6.91,2,3,0,0,66,6,11,0,0,4
uribeab01,2025,1,MIL,NL,3,2,75,0,0,0,7,226,51,14,4,27,90,0.194,1.67,2,5,6,1,298,15,18,2,0,9
urquijo01,2023,1,HOU,AL,3,3,16,10,0,0,1,189,65,37,11,25,45,0.263,5.29,0,0,2,1,275,4,37,0,1,3
urquijo01,2025,1,DET,AL,0,0,2,0,0,0,0,7,4,2,0,3,3,0.364,7.71,0,0,0,0,14,0,2,0,0,0
uwasana01,2024,1,BOS,AL,0,0,2,0,0,0,0,12,2,1,0,2,3,0.143,2.25,0,0,0,0,16,2,1,0,0,0
valdefr01,2023,1,HOU,AL,12,11,31,31,2,2,0,594,166,76,19,57,200,0.228,3.45,0,6,10,0,808,0,86,4,8,22
valdefr01,2024,1,HOU,AL,15,7,28,28,1,0,0,529,140,57,13,55,169,0.221,2.91,0,8,6,1,703,0,60,2,6,32
valdefr01,2025,1,HOU,AL,13,11,31,31,2,0,0,576,171,78,15,68,187,0.238,3.66,0,12,7,1,802,0,82,4,6,22
vallich01,2023,1,BAL,AL,0,0,1,0,0,0,0,2,1,0,0,0,1,0.5,0,0,0,0,0,2,1,0,0,0,0
vanasri01,2024,1,LAN,NL,0,0,2,0,0,0,0,6,3,3,0,0,1,0.333,13.5,0,0,0,0,9,1,3,0,0,0
vanasri01,2024,2,DET,AL,1,0,2,0,0,0,0,6,0,0,0,0,0,0,0,0,0,0,0,6,0,0,0,0,0
vanbebr01,2025,1,TBA,AL,1,0,4,0,0,0,0,25,13,5,2,0,6,0.361,5.4,0,1,0,0,36,2,5,0,0,2
vanwelo01,2025,1,HOU,AL,0,0,9,0,0,0,0,32,15,6,2,3,7,0.333,5.06,0,0,1,0,49,3,7,0,0,1
vargaca01,2023,1,ARI,NL,0,0,5,0,0,0,0,14,5,3,2,4,7,0.294,5.79,0,0,1,0,22,3,3,0,0,2
vargaca01,2025,1,SEA,AL,5,5,70,0,0,0,1,231,81,34,10,23,54,0.273,3.97,4,5,7,1,331,10,39,2,2,12
vargail01,2023,1,WAS,NL,0,0,2,0,0,0,0,6,2,1,1,1,0,0.25,4.5,0,0,1,0,10,2,1,0,0,0
vargail01,2024,1,WAS,NL,0,0,2,0,0,0,0,6,3,1,1,0,0,0.375,4.5,0,0,1,0,9,2,1,0,0,1
varlagu01,2023,1,MIL,NL,0,0,8,0,0,0,0,26,15,11,3,8,6,0.357,11.42,0,0,1,0,51,1,12,0,0,0
varlagu01,2023,2,LAN,NL,1,1,8,0,0,0,0,35,12,4,0,8,14,0.279,3.09,1,2,0,0,52,4,6,1,0,3
varlagu01,2024,1,LAN,NL,0,0,7,0,0,0,0,18,7,2,1,4,3,0.28,3,0,0,1,0,30,2,3,0,0,0
varlagu01,2024,2,CHA,AL,1,0,19,0,0,0,0,61,23,8,1,4,24,0.284,3.54,1,2,0,0,85,5,9,0,0,2
varlalo01,2023,1,MIN,AL,4,3,17,10,0,0,0,204,66,35,16,17,71,0.252,4.63,0,2,1,0,283,1,35,2,1,3
varlalo01,2024,1,MIN,AL,0,6,16,7,0,0,0,149,68,42,12,16,49,0.318,7.61,1,0,4,0,238,1,44,1,3,5
varlalo01,2025,1,MIN,AL,3,3,51,0,0,0,0,147,41,11,3,13,47,0.23,2.02,1,0,2,0,197,7,14,3,1,3
varlalo01,2025,2,TOR,AL,1,0,23,1,0,0,0,71,24,13,3,9,28,0.273,4.94,0,0,0,0,99,1,13,0,2,3
vasilmi01,2025,1,CHA,AL,5,3,47,3,0,0,4,303,74,28,8,52,82,0.204,2.5,5,4,8,2,423,17,32,0,0,13
vasquan02,2023,1,PHI,NL,2,1,30,0,0,0,0,119,35,10,4,14,34,0.235,2.27,1,2,5,2,170,12,12,1,1,3
vasquan02,2023,2,DET,AL,0,0,12,0,0,0,0,26,11,8,0,9,9,0.297,8.31,0,0,2,1,49,1,9,1,0,0
vasqura02,2023,1,NYA,AL,2,2,11,5,0,0,0,113,30,12,5,18,33,0.211,2.87,0,3,4,0,166,1,12,0,1,0
vasqura02,2024,1,SDN,NL,4,7,20,20,0,0,0,294,119,53,13,29,62,0.304,4.87,1,5,6,2,431,0,56,2,2,14
vasqura02,2025,1,SDN,NL,6,7,28,26,0,0,0,401,125,57,16,52,78,0.247,3.84,1,3,7,1,570,1,59,0,5,12
vazqulu01,2025,1,BAL,AL,0,0,4,0,0,0,0,13,3,0,0,1,0,0.231,0,0,0,0,0,14,4,0,0,0,3
velasvi01,2023,1,PIT,NL,4,4,8,8,0,0,0,112,35,16,4,14,37,0.24,3.86,0,2,1,0,162,0,16,1,0,2
venezan01,2023,1,KCA,AL,0,0,2,0,0,0,0,7,2,0,0,2,1,0.2,0,0,0,0,0,12,1,2,0,0,0
venezan01,2024,1,KCA,AL,0,0,2,0,0,0,0,6,4,1,0,1,2,0.4,4.5,0,0,0,0,11,1,2,0,0,0
venezan01,2024,2,MIA,NL,1,0,10,0,0,0,0,34,12,4,1,2,12,0.286,3.18,0,1,1,0,47,0,5,0,2,1
venezan01,2025,1,MIA,NL,0,0,24,1,0,0,0,63,25,11,4,10,20,0.291,4.71,0,1,1,0,100,3,11,1,2,1
venezan01,2025,2,SLN,NL,0,0,2,0,0,0,0,12,3,2,0,1,5,0.2,4.5,0,0,1,0,17,0,2,0,0,0
verhadr01,2023,1,SLN,NL,5,1,60,0,0,0,0,183,52,27,9,26,60,0.226,3.98,2,3,9,1,268,15,30,0,3,5
verlaju01,2023,1,NYN,NL,6,5,16,16,0,0,0,283,77,33,9,31,81,0.219,3.15,0,3,1,0,386,0,36,0,2,6
verlaju01,2023,2,HOU,AL,7,3,11,11,0,0,0,204,62,25,9,14,63,0.236,3.31,0,2,4,0,283,0,27,0,2,2
verlaju01,2024,1,HOU,AL,5,6,17,17,0,0,0,271,98,55,15,27,74,0.274,5.48,0,2,6,1,396,0,56,0,5,3
verlaju01,2025,1,SFN,NL,4,11,29,29,0,0,0,456,155,65,16,52,137,0.261,3.85,1,2,6,0,662,0,74,3,6,7
vesiaal01,2023,1,LAN,NL,2,5,56,1,0,0,1,149,52,24,7,17,64,0.263,4.35,3,2,2,0,217,10,27,0,0,1
vesiaal01,2024,1,LAN,NL,5,4,67,0,0,0,5,199,33,13,7,33,87,0.147,1.76,3,2,1,0,263,10,19,3,1,1
vesiaal01,2025,1,LAN,NL,4,2,68,0,0,0,5,179,37,20,9,22,80,0.181,3.02,3,3,5,0,237,11,21,2,4,2
vespini01,2023,1,BAL,AL,1,0,9,0,0,0,0,44,16,7,2,2,9,0.286,4.3,1,0,1,0,59,2,7,0,0,2
vespini01,2024,1,BAL,AL,0,0,11,0,0,0,0,37,10,4,1,3,9,0.222,2.92,0,0,0,0,49,8,4,0,1,0
vestwi01,2023,1,DET,AL,2,1,48,4,0,0,2,145,40,16,3,13,56,0.216,2.98,1,0,0,0,199,7,18,0,0,4
vestwi01,2024,1,DET,AL,3,4,69,0,0,0,2,211,61,22,3,18,63,0.234,2.82,2,4,3,0,289,14,23,1,6,6
vestwi01,2025,1,DET,AL,6,5,64,0,0,0,23,206,61,23,4,22,75,0.236,3.01,1,4,1,0,284,40,26,1,1,7
vieirth01,2023,1,MIL,NL,0,1,2,0,0,0,0,9,0,0,0,1,2,0,0,0,0,0,0,10,2,1,0,1,0
vieirth01,2024,1,MIL,NL,0,0,16,0,0,0,1,67,25,14,6,13,25,0.278,5.64,1,0,2,0,106,9,14,0,1,0
vieirth01,2024,2,BAL,AL,0,0,1,0,0,0,0,0,1,3,0,4,0,1,,0,1,0,0,5,0,3,0,0,0
vieirth01,2024,3,ARI,NL,0,1,11,0,0,0,0,47,11,5,2,9,14,0.196,2.87,0,2,0,1,66,4,6,0,1,1
villada01,2023,1,SFN,NL,0,0,1,0,0,0,0,3,0,0,0,1,0,0,0,0,0,0,0,3,1,0,0,0,1
villael02,2024,1,MIA,NL,0,0,3,0,0,0,0,13,3,1,1,2,3,0.188,2.08,0,0,0,0,18,1,1,0,0,0
vinesda01,2023,1,ATL,NL,1,0,5,2,0,0,0,61,15,9,3,7,14,0.203,3.98,0,0,1,0,84,0,10,0,2,1
vinesda01,2024,1,ATL,NL,0,1,4,2,0,0,0,41,21,13,4,4,9,0.356,8.56,0,0,1,0,66,1,14,0,2,1
vodnivi01,2023,1,COL,NL,1,0,6,0,0,0,0,26,15,8,0,3,12,0.366,8.31,0,0,0,0,44,3,9,0,0,0
vodnivi01,2024,1,COL,NL,5,4,64,0,0,0,9,221,72,35,7,37,65,0.257,4.28,1,4,1,0,320,19,37,1,1,10
vodnivi01,2025,1,COL,NL,4,3,52,0,0,0,10,152,45,17,4,26,49,0.239,3.02,2,4,0,0,215,31,19,0,1,8
vosleja01,2023,1,CIN,NL,0,0,2,0,0,0,0,6,5,1,0,0,0,0.455,4.5,0,0,0,0,11,2,1,0,0,0
vothau01,2023,1,BAL,AL,1,2,25,0,0,0,0,104,39,20,6,15,34,0.279,5.19,1,0,3,0,160,4,22,1,1,1
vothau01,2024,1,SEA,AL,2,5,68,0,0,0,0,183,46,25,9,18,61,0.204,3.69,0,0,3,0,248,17,31,1,0,2
wachami01,2023,1,SDN,NL,14,4,24,24,0,0,0,403,113,48,15,43,124,0.224,3.22,0,3,3,1,553,0,49,0,2,5
wachami01,2024,1,KCA,AL,13,8,29,29,0,0,0,500,154,62,17,45,145,0.246,3.35,1,3,5,0,685,0,65,5,4,17
wachami01,2025,1,KCA,AL,10,13,31,31,0,0,0,518,166,74,15,45,126,0.252,3.86,0,2,4,0,716,0,74,4,4,18
waddebr01,2025,1,NYN,NL,0,0,11,1,0,0,0,94,29,12,4,11,22,0.24,3.45,0,0,1,0,134,4,12,0,1,2
wadety01,2025,1,SDN,NL,0,0,1,0,0,0,0,3,2,1,0,1,0,0.4,9,0,0,0,0,6,1,1,0,0,0
wagueja01,2024,1,TBA,AL,0,0,4,1,0,0,0,30,13,6,1,10,11,0.317,5.4,0,1,0,0,51,1,7,0,0,1
wainwad01,2023,1,SLN,NL,5,11,21,21,0,0,0,303,151,83,20,41,55,0.345,7.4,0,1,1,0,484,0,89,2,2,13
waiteco01,2023,1,SFN,NL,0,0,3,0,0,0,0,7,6,4,0,2,2,0.462,15.43,0,0,0,0,15,2,5,0,0,0
waldike01,2023,1,OAK,AL,4,9,35,22,0,0,1,423,149,84,24,71,132,0.271,5.36,1,7,9,1,639,2,93,2,6,13
waldrhu01,2024,1,ATL,NL,0,1,2,2,0,0,0,21,9,13,3,8,3,0.333,16.71,0,0,1,0,36,0,13,0,0,2
waldrhu01,2025,1,ATL,NL,6,1,10,9,0,0,0,169,45,18,3,22,55,0.222,2.88,1,0,3,0,229,0,18,0,1,6
waldrma01,2023,1,SDN,NL,1,3,8,6,0,0,0,124,39,20,9,12,31,0.244,4.35,0,0,0,0,173,0,20,0,1,2
waldrma01,2024,1,SDN,NL,7,11,27,26,0,0,0,440,145,80,21,40,133,0.255,4.91,0,5,11,1,625,0,84,2,3,10
waldrma01,2025,1,SDN,NL,0,1,1,1,0,0,0,14,6,4,1,6,3,0.316,7.71,0,3,0,0,25,0,4,0,0,0
walkejo03,2023,1,NYN,NL,0,1,14,0,0,0,0,30,12,9,2,6,12,0.286,8.1,0,1,0,1,48,2,11,0,0,1
walkejo03,2024,1,NYN,NL,0,0,10,0,0,0,0,37,13,7,1,6,11,0.277,5.11,0,2,0,1,55,5,7,0,2,1
walkejo03,2025,1,TOR,AL,0,0,3,0,0,0,0,15,8,4,0,2,8,0.364,7.2,0,0,1,0,25,1,4,0,0,1
walkery01,2023,1,SFN,NL,5,3,49,13,0,0,1,184,61,22,8,24,78,0.262,3.23,0,3,2,0,263,6,25,2,2,3
walkery01,2024,1,SFN,NL,10,4,76,1,0,0,10,240,50,17,5,18,99,0.179,1.91,1,2,9,0,308,22,19,1,1,7
walkery01,2025,1,SFN,NL,5,7,68,0,0,0,17,184,60,28,4,18,60,0.254,4.11,2,1,8,2,266,36,32,2,2,3
walketa01,2023,1,PHI,NL,15,6,31,31,0,0,0,518,155,84,20,71,138,0.238,4.38,1,3,8,1,733,0,87,1,3,8
walketa01,2024,1,PHI,NL,3,7,19,15,0,0,0,251,107,66,24,37,58,0.317,7.1,0,0,3,0,381,1,68,0,3,10
walketa01,2025,1,PHI,NL,5,8,34,21,0,0,1,371,132,56,21,42,86,0.27,4.08,0,1,4,0,538,4,62,1,2,7
wallnma01,2024,1,MIN,AL,0,0,1,0,0,0,0,4,2,0,0,0,0,0.333,0,0,0,0,0,6,1,0,0,0,0
walstbl01,2024,1,ARI,NL,1,0,7,2,0,0,0,55,16,9,4,10,18,0.229,4.42,0,0,3,0,83,3,12,0,0,2
waltean01,2024,1,CLE,AL,1,0,9,1,0,0,0,26,1,0,0,5,6,0.038,0,0,1,0,0,32,3,1,0,1,0
waltean01,2025,1,CLE,AL,0,0,2,0,0,0,0,4,2,2,1,0,2,0.333,13.5,0,0,0,0,6,0,2,0,0,0
waltebr01,2023,1,BOS,AL,0,0,9,0,0,0,1,69,32,16,3,7,16,0.327,6.26,0,1,1,0,106,4,17,0,0,1
waltebr01,2025,1,HOU,AL,1,3,9,9,0,0,0,161,46,20,10,4,52,0.225,3.35,0,0,3,0,212,0,20,1,0,1
waltodo01,2024,1,SFN,NL,0,0,1,0,0,0,0,3,2,0,0,0,0,0.4,0,0,0,0,0,5,1,0,0,0,0
wantzan01,2023,1,LAA,AL,2,0,27,3,0,0,0,118,28,17,4,15,33,0.197,3.89,1,0,1,0,160,5,18,0,2,3
wantzan01,2024,1,LAA,AL,0,0,1,0,0,0,0,4,1,1,1,1,3,0.2,6.75,0,0,0,0,6,0,1,0,0,0
wardth01,2023,1,WAS,NL,0,0,26,0,0,0,0,106,29,25,7,28,30,0.225,6.37,1,1,2,0,160,11,26,0,1,3
warreau01,2023,1,LAA,AL,1,0,2,0,0,0,0,5,2,1,1,0,2,0.333,5.4,0,0,0,0,6,1,1,0,0,0
warreau01,2024,1,SFN,NL,0,0,6,0,0,0,0,32,9,2,1,5,7,0.243,1.69,0,0,0,0,42,3,2,0,0,2
warreau01,2025,1,NYN,NL,1,0,5,0,0,0,0,28,5,1,1,4,9,0.167,0.96,0,0,0,0,34,1,1,0,0,2
warrewi01,2024,1,NYA,AL,0,3,6,5,0,0,0,68,33,26,5,10,29,0.337,10.32,0,0,1,2,110,1,27,0,1,0
warrewi01,2025,1,NYA,AL,9,8,33,33,0,0,0,487,158,80,22,65,171,0.25,4.44,0,2,4,1,711,0,90,1,9,6
watkisp01,2023,1,OAK,AL,0,1,1,1,0,0,0,13,7,5,2,2,4,0.368,10.38,0,0,0,0,21,0,5,0,0,0
weathry01,2023,1,SDN,NL,1,6,12,10,0,0,0,134,55,31,9,17,29,0.313,6.25,0,1,1,0,196,0,33,0,2,6
weathry01,2023,2,MIA,NL,0,2,3,2,0,0,0,39,13,11,3,12,14,0.277,7.62,0,0,0,0,61,0,11,1,1,0
weathry01,2024,1,MIA,NL,5,6,16,16,0,0,0,260,78,35,11,24,80,0.236,3.63,1,2,9,1,367,0,39,1,2,5
weathry01,2025,1,MIA,NL,2,2,8,8,0,0,0,115,37,17,7,12,37,0.245,3.99,0,1,1,0,166,0,20,1,1,2
weavelu01,2023,1,CIN,NL,2,4,21,21,0,0,0,291,125,74,24,34,85,0.306,6.87,0,3,3,0,448,0,76,0,3,4
weavelu01,2023,2,SEA,AL,0,1,5,1,0,0,0,40,16,9,2,3,8,0.296,6.08,0,0,1,0,58,1,9,0,0,1
weavelu01,2023,3,NYA,AL,1,1,3,3,0,0,0,40,14,5,3,3,16,0.264,3.38,0,0,0,0,57,0,5,0,1,1
weavelu01,2024,1,NYA,AL,7,3,62,0,0,0,4,252,52,27,10,26,103,0.176,2.89,0,1,4,0,331,12,28,1,4,3
weavelu01,2025,1,NYA,AL,4,4,64,0,0,0,8,194,46,26,10,20,72,0.194,3.62,1,1,1,0,262,17,28,1,3,0
webbja01,2023,1,LAA,AL,1,1,29,0,0,0,1,95,23,14,6,20,34,0.197,3.98,3,1,2,0,140,4,14,1,0,1
webbja01,2023,2,BAL,AL,0,0,25,0,0,0,0,66,16,8,0,10,23,0.203,3.27,0,0,2,0,92,4,8,0,1,3
webbja01,2024,1,BAL,AL,2,5,60,0,0,0,2,170,40,19,4,27,58,0.192,3.02,1,0,1,0,237,8,23,0,1,0
webbja01,2025,1,TEX,AL,5,4,55,0,0,0,1,198,49,22,10,19,58,0.202,3,2,0,2,0,267,9,24,2,1,3
webblo01,2023,1,SFN,NL,11,13,33,33,2,1,0,648,201,78,20,31,194,0.248,3.25,0,1,5,0,850,0,83,2,0,30
webblo01,2024,1,SFN,NL,13,10,33,33,1,1,0,614,202,79,11,50,172,0.258,3.47,3,4,2,1,841,0,83,1,5,25
webblo01,2025,1,SFN,NL,15,11,34,34,0,0,0,621,210,74,14,46,224,0.264,3.22,0,2,6,0,856,0,82,4,4,22
weberry01,2023,1,NYA,AL,1,0,8,0,0,0,1,43,17,5,2,1,7,0.298,3.14,0,0,1,0,60,4,5,0,1,2
weemsjo01,2023,1,WAS,NL,5,1,51,0,0,0,0,164,38,22,9,28,60,0.194,3.62,5,0,3,0,232,7,25,2,3,3
weemsjo01,2024,1,WAS,NL,1,1,41,0,0,0,0,125,49,31,7,24,35,0.288,6.7,0,1,2,0,196,10,35,0,0,3
weemsjo01,2025,1,HOU,AL,0,1,4,0,0,0,0,13,9,7,0,3,0,0.45,14.54,0,0,0,0,23,2,7,0,0,0
weissgr01,2023,1,NYA,AL,0,0,17,0,0,0,0,60,21,9,3,8,22,0.273,4.05,0,1,1,1,87,6,9,1,0,1
weissgr01,2024,1,BOS,AL,4,2,62,0,0,0,1,190,65,22,7,20,58,0.274,3.13,4,2,0,0,263,16,32,1,5,6
weissgr01,2025,1,BOS,AL,6,6,72,0,0,0,4,201,57,21,6,21,57,0.227,2.82,1,1,3,0,278,11,27,1,2,4
weissza01,2023,1,LAA,AL,1,0,6,0,0,0,0,16,6,3,2,2,7,0.273,5.06,0,0,1,0,25,0,3,0,0,0
weissza01,2023,2,BOS,AL,0,0,6,0,0,0,0,26,3,2,2,4,8,0.107,2.08,0,0,0,0,33,1,3,0,1,0
wellsty01,2023,1,BAL,AL,7,6,25,20,0,0,1,356,83,48,25,34,117,0.193,3.64,0,3,4,2,470,2,50,0,3,7
wellsty01,2024,1,BAL,AL,0,2,3,3,0,0,0,46,18,10,3,3,13,0.281,5.87,0,0,0,0,67,0,11,0,0,0
wellsty01,2025,1,BAL,AL,2,1,4,4,0,0,0,65,17,7,4,2,18,0.213,2.91,0,0,0,0,82,0,7,0,0,2
wentzjo01,2023,1,DET,AL,3,13,25,19,0,0,0,317,131,81,25,47,98,0.295,6.9,0,2,0,2,492,0,87,0,1,5
wentzjo01,2024,1,DET,AL,0,2,38,0,0,0,1,166,60,33,8,27,60,0.273,5.37,1,3,3,2,254,16,35,1,3,2
wentzjo01,2024,2,PIT,NL,1,0,8,0,0,0,0,36,6,2,0,6,13,0.143,1.5,0,0,1,0,50,0,2,0,1,0
wentzjo01,2025,1,PIT,NL,2,1,19,0,0,0,0,78,25,12,2,11,22,0.245,4.15,2,0,1,0,115,7,14,0,1,2
wentzjo01,2025,2,MIN,AL,0,0,6,0,0,0,0,24,17,14,3,9,6,0.436,15.75,0,2,0,0,49,2,14,0,1,1
wentzjo01,2025,3,ATL,NL,3,6,14,13,0,0,0,192,68,35,6,23,64,0.27,4.92,1,3,0,0,278,0,38,0,3,5
wesneha01,2023,1,CHN,NL,3,5,34,11,0,0,0,268,82,46,20,32,83,0.242,4.63,1,2,3,0,379,6,50,2,2,8
wesneha01,2024,1,CHN,NL,3,6,28,7,0,0,0,203,56,29,12,21,67,0.215,3.86,0,1,2,1,283,2,37,0,0,3
wesneha01,2025,1,HOU,AL,1,3,6,6,0,0,0,96,29,16,7,6,29,0.24,4.5,0,0,1,0,131,0,16,2,1,0
wheelza01,2023,1,PHI,NL,13,6,32,32,0,0,0,576,168,77,20,39,212,0.229,3.61,0,1,9,0,787,0,82,0,5,6
wheelza01,2024,1,PHI,NL,16,7,32,32,0,0,0,600,139,57,20,52,224,0.192,2.57,0,8,8,0,787,0,62,1,3,13
wheelza01,2025,1,PHI,NL,10,5,24,24,1,0,0,449,107,45,19,33,195,0.197,2.71,0,2,8,0,585,0,48,0,2,8
whiseca01,2025,1,SFN,NL,2,1,5,5,0,0,0,70,22,13,6,12,16,0.25,5.01,0,2,2,0,102,0,14,0,0,3
whitebr01,2023,1,DET,AL,2,3,33,2,0,0,0,122,40,23,4,15,44,0.258,5.09,0,1,5,0,177,9,25,1,1,3
whitemi03,2023,1,TOR,AL,0,1,10,0,0,0,0,38,15,10,2,7,13,0.294,7.11,0,1,0,0,60,6,11,0,2,1
whitemi03,2024,1,TOR,AL,1,0,4,0,0,0,0,30,10,6,1,4,6,0.27,5.4,0,0,0,0,42,2,6,0,1,2
whitemi03,2024,2,SFN,NL,0,0,3,0,0,0,0,16,8,7,1,5,1,0.333,11.81,0,1,0,0,29,2,7,0,0,0
whitemi03,2024,3,MIL,NL,0,1,6,0,0,0,0,25,8,6,2,4,6,0.258,6.48,2,0,1,0,39,5,8,2,1,0
whiteow01,2023,1,TEX,AL,0,1,2,0,0,0,0,12,5,5,2,2,4,0.313,11.25,0,0,0,0,19,1,5,1,0,0
whiteow01,2024,1,TEX,AL,0,0,3,0,0,0,0,9,9,8,1,1,0,0.529,24,0,0,0,0,18,2,8,0,0,1
whiteow01,2025,1,CHA,AL,0,0,3,0,0,0,0,21,14,7,1,3,6,0.438,9,0,0,0,0,35,1,7,0,0,1
whitlfo01,2024,1,HOU,AL,0,0,3,0,0,0,0,10,5,0,0,3,5,0.313,0,0,0,1,0,20,2,2,0,0,0
whitlfo01,2025,1,HOU,AL,0,0,5,0,0,0,0,22,9,10,2,6,8,0.281,12.27,0,1,1,0,39,3,10,0,0,0
whitlfo01,2025,2,TBA,AL,0,0,5,0,0,0,0,14,10,8,1,2,4,0.417,15.43,0,0,0,0,27,1,10,0,1,0
whitlga01,2023,1,BOS,AL,5,5,22,10,0,0,1,215,82,41,13,13,72,0.288,5.15,0,2,3,0,304,3,43,1,2,5
whitlga01,2024,1,BOS,AL,1,0,4,4,0,0,0,55,14,4,1,7,17,0.212,1.96,0,0,1,0,75,0,4,1,0,1
whitlga01,2025,1,BOS,AL,7,3,62,0,0,0,1,216,54,18,2,24,91,0.206,2.25,2,3,5,0,293,9,21,0,2,2
wicksjo01,2023,1,CHN,NL,4,1,7,7,0,0,0,104,33,17,5,11,24,0.252,4.41,0,3,0,0,147,0,17,3,2,2
wicksjo01,2024,1,CHN,NL,2,4,11,10,0,0,0,138,55,28,9,20,42,0.291,5.48,0,3,2,0,212,0,31,1,0,4
wicksjo01,2025,1,CHN,NL,0,1,8,0,0,0,1,43,24,10,2,1,13,0.369,6.28,0,0,0,0,67,5,12,1,0,1
wilcoco01,2025,1,TBA,AL,0,0,1,0,0,0,0,3,4,3,0,3,1,0.444,27,0,0,0,0,12,0,7,0,0,0
wilesna01,2025,1,ATL,NL,0,0,1,0,0,0,0,3,4,3,0,0,1,0.667,27,0,0,0,0,7,1,3,0,1,0
william01,2023,1,WAS,NL,0,2,18,0,0,0,0,73,35,18,8,9,15,0.337,6.66,2,0,1,0,116,5,18,0,2,1
william01,2024,1,WAS,NL,0,0,1,0,0,0,0,3,2,2,1,0,1,0.4,18,0,0,0,0,5,1,2,0,0,0
willibr02,2023,1,CIN,NL,5,5,23,23,0,0,0,351,111,58,18,39,98,0.248,4.46,0,4,2,2,491,0,63,2,1,14
willibr02,2024,1,CIN,NL,0,0,4,3,0,0,0,43,10,6,4,5,12,0.196,3.77,0,0,2,0,59,0,7,0,1,2
willide03,2023,1,MIL,NL,8,3,61,0,0,0,36,176,26,10,4,28,87,0.129,1.53,1,1,1,0,231,49,13,0,0,2
willide03,2024,1,MIL,NL,1,0,22,0,0,0,14,65,10,3,1,11,38,0.133,1.25,1,1,2,0,88,19,3,0,0,0
willide03,2025,1,NYA,AL,4,6,67,0,0,0,18,186,45,33,5,25,90,0.197,4.79,1,4,4,0,259,29,37,1,1,2
williga01,2023,1,CLE,AL,3,5,16,16,0,0,0,246,66,30,8,37,81,0.219,3.29,1,3,4,0,345,0,32,0,2,3
williga01,2024,1,CLE,AL,3,10,16,16,0,0,0,228,72,41,7,32,79,0.246,4.86,0,2,3,0,332,0,42,1,3,4
williga01,2025,1,CLE,AL,12,5,31,31,0,0,0,503,130,57,23,83,173,0.211,3.06,0,9,3,1,704,0,62,1,2,8
willilu01,2023,1,LAN,NL,0,0,1,0,0,0,0,3,0,0,0,0,0,0,0,0,0,0,0,3,1,0,0,0,0
willilu01,2024,1,ATL,NL,0,0,3,0,0,0,0,12,5,2,0,1,0,0.294,4.5,0,0,1,0,19,3,2,0,0,0
willilu01,2025,1,ATL,NL,0,0,6,0,0,0,0,18,6,2,1,1,4,0.25,3,0,0,0,0,25,5,2,0,0,0
willitr01,2023,1,WAS,NL,6,10,30,30,0,0,0,433,178,89,34,53,111,0.3,5.55,1,0,5,2,659,0,97,1,7,8
willitr01,2024,1,WAS,NL,6,1,13,13,0,0,0,200,51,15,3,18,59,0.214,2.03,0,0,0,1,260,0,17,0,4,5
willitr01,2025,1,WAS,NL,3,10,17,17,0,0,0,248,106,57,11,21,65,0.31,6.21,0,1,2,0,373,0,59,1,7,2
wilsobr02,2023,1,MIL,NL,6,0,53,0,0,0,3,230,60,22,9,22,61,0.211,2.58,0,6,2,0,314,18,26,4,2,3
wilsobr02,2024,1,MIL,NL,5,4,34,9,0,0,0,314,102,47,20,31,82,0.252,4.04,0,3,4,1,442,7,49,1,1,6
wilsobr02,2025,1,CHA,AL,0,2,20,5,0,0,0,142,67,35,11,19,28,0.333,6.65,0,0,2,0,224,8,37,0,2,4
wilsoju10,2024,1,CIN,NL,1,5,60,0,0,0,2,140,55,29,10,13,51,0.286,5.59,1,3,2,0,209,15,30,0,2,1
wilsoju10,2025,1,BOS,AL,4,1,61,0,0,0,0,145,48,18,3,20,57,0.262,3.35,3,3,2,0,207,3,22,1,1,5
wilsost02,2023,1,SDN,NL,1,2,52,0,0,0,0,159,35,23,7,27,57,0.185,3.91,1,0,3,0,219,4,23,0,0,3
wilsost02,2024,1,CHA,AL,1,6,40,0,0,0,0,104,29,22,8,26,34,0.227,5.71,6,1,3,1,163,12,29,3,3,0
wilsost02,2025,1,CHA,AL,2,2,59,0,0,0,2,166,50,21,7,22,51,0.239,3.42,2,2,3,0,241,23,21,0,7,2
wilsowe01,2024,1,PHI,NL,0,0,1,0,0,0,0,3,1,0,0,0,0,0.25,0,0,0,0,0,4,1,0,0,0,0
wilsowe01,2025,1,PHI,NL,0,0,2,0,0,0,0,9,3,0,0,0,0,0.25,0,0,0,0,0,12,2,0,0,0,0
wilsowi03,2025,1,CLE,AL,0,0,1,0,0,0,0,6,2,2,1,0,0,0.25,9,0,0,0,0,8,1,2,0,0,0
winanal01,2023,1,ATL,NL,1,2,6,6,0,0,0,97,37,19,5,8,34,0.287,5.29,1,0,2,0,141,0,19,0,2,1
winanal01,2024,1,ATL,NL,0,2,2,2,0,0,0,23,14,13,3,4,4,0.378,15.26,0,0,0,0,41,0,14,0,0,1
winanal01,2025,1,NYA,AL,0,1,3,1,0,0,0,28,13,9,2,3,6,0.333,8.68,0,0,2,0,46,2,11,0,2,1
winckjo01,2023,1,BOS,AL,4,4,60,1,0,0,3,253,89,27,9,31,82,0.267,2.88,2,2,3,0,367,8,34,0,0,11
winckjo01,2024,1,BOS,AL,4,2,40,6,0,0,2,228,81,35,10,26,60,0.272,4.14,3,1,4,0,336,16,44,4,4,5
winckjo01,2025,1,BOS,AL,0,1,6,0,0,0,0,35,11,5,0,5,9,0.25,3.86,0,0,1,0,52,4,7,0,2,0
windejo01,2023,1,MIN,AL,2,1,19,0,0,0,1,104,35,16,3,14,28,0.267,4.15,0,1,0,0,147,10,16,0,2,2
windejo01,2024,1,MIN,AL,0,0,4,0,0,0,0,27,7,3,0,1,10,0.212,3,0,0,2,0,38,2,4,0,2,0
wingetr01,2023,1,DET,AL,1,0,17,0,0,0,0,51,16,11,2,7,22,0.246,5.82,0,3,3,0,76,6,11,0,1,1
wingetr01,2024,1,BOS,AL,0,0,2,0,0,0,0,7,5,7,1,2,3,0.417,27,0,1,0,0,14,1,7,0,0,0
wingetr01,2024,2,CHN,NL,0,0,5,0,0,0,0,18,8,2,1,2,3,0.32,3,0,0,0,0,28,4,2,1,0,0
winnco01,2024,1,TEX,AL,0,1,13,0,0,0,0,52,18,15,2,4,14,0.261,7.79,0,1,3,0,77,8,15,0,1,0
winnco01,2025,1,TEX,AL,0,1,33,0,0,0,0,125,23,7,3,17,35,0.167,1.51,2,1,4,0,162,10,8,2,1,4
winnke01,2023,1,SFN,NL,1,3,9,5,0,0,1,127,36,22,6,8,35,0.231,4.68,0,1,5,0,172,2,22,1,1,2
winnke01,2024,1,SFN,NL,3,8,12,12,0,0,0,166,56,44,9,20,48,0.267,7.16,0,1,4,0,238,0,44,0,4,5
winnke01,2025,1,SFN,NL,0,0,7,0,0,0,0,30,12,5,1,2,9,0.3,4.5,0,0,0,0,42,6,5,0,0,1
wisdopa01,2024,1,CHN,NL,0,0,1,0,0,0,0,1,1,0,0,1,0,0.5,0,0,0,0,0,3,1,0,0,0,0
wiselbr01,2023,1,SFN,NL,0,0,1,0,0,0,0,3,1,1,1,0,0,0.25,9,0,0,0,0,4,1,1,0,0,0
wittgni01,2023,1,KCA,AL,1,0,27,0,0,0,0,87,30,16,2,11,18,0.263,4.97,0,1,3,0,128,14,17,0,0,2
wolfja01,2023,1,SDN,NL,1,0,1,1,0,0,0,15,6,3,0,1,1,0.286,5.4,0,0,0,0,22,0,3,0,0,0
wolfrgr01,2025,1,BAL,AL,3,1,21,0,0,0,0,80,35,16,2,15,31,0.302,5.4,1,3,1,0,133,3,20,0,1,0
wongja01,2023,1,CIN,NL,0,0,1,0,0,0,0,9,6,3,0,3,0,0.5,9,0,0,0,0,15,1,3,0,0,2
woobr01,2023,1,SEA,AL,4,5,18,18,0,0,0,263,75,41,13,31,93,0.227,4.21,1,1,7,0,371,0,44,1,1,6
woobr01,2024,1,SEA,AL,9,3,22,22,0,0,0,364,96,39,14,13,101,0.211,2.89,0,0,3,0,472,0,41,0,2,6
woobr01,2025,1,SEA,AL,15,7,30,30,0,0,0,560,137,61,26,36,198,0.2,2.94,0,3,4,0,731,0,64,3,3,10
woodal02,2023,1,SFN,NL,5,5,29,12,0,0,0,293,98,47,9,42,74,0.263,4.33,0,3,8,2,429,2,52,2,4,10
woodal02,2024,1,OAK,AL,1,3,9,9,0,0,0,118,51,23,6,19,33,0.323,5.26,1,0,5,1,186,0,27,2,2,4
woodfja01,2023,1,SLN,NL,2,3,15,8,0,0,0,143,61,33,11,22,29,0.314,6.23,0,3,3,0,222,1,34,0,3,4
woodfja01,2024,1,CHA,AL,0,2,2,2,0,0,0,25,15,10,2,5,7,0.375,10.8,0,0,1,0,46,0,10,0,0,0
woodfja01,2024,2,PIT,NL,0,4,7,5,0,0,0,80,33,21,4,4,19,0.292,7.09,0,2,2,0,121,1,27,0,2,1
woodfja01,2025,1,ARI,NL,0,4,22,0,0,0,3,109,45,26,3,13,23,0.298,6.44,1,1,3,0,170,8,28,2,1,2
woodrbr01,2023,1,MIL,NL,5,1,11,11,1,1,0,201,40,17,9,15,74,0.172,2.28,0,0,3,0,253,0,17,0,2,3
woodrbr01,2025,1,MIL,NL,7,2,12,12,0,0,0,194,45,23,9,14,83,0.188,3.2,0,1,3,0,257,0,26,0,0,1
woodssi01,2023,1,MIN,AL,0,0,1,0,0,0,0,14,7,5,1,3,5,0.35,9.64,0,0,0,0,24,0,5,1,0,0
woodssi01,2024,1,MIN,AL,5,5,28,28,0,0,0,401,125,62,16,48,117,0.246,4.17,0,3,3,0,569,0,63,2,7,4
woodssi01,2025,1,MIN,AL,7,4,23,22,0,0,0,334,96,50,17,46,107,0.23,4.04,0,4,3,1,471,0,53,0,4,4
wrighky01,2023,1,ATL,NL,1,3,9,7,0,0,0,93,40,24,5,17,34,0.303,6.97,0,2,4,0,155,1,26,1,1,3
wroblju01,2024,1,LAN,NL,1,2,8,6,0,0,1,109,34,23,9,16,26,0.248,5.7,0,1,1,0,154,1,24,0,0,3
wroblju01,2025,1,LAN,NL,5,5,24,2,0,0,2,200,65,32,6,17,76,0.255,4.32,1,1,3,0,280,9,34,2,3,4
wynnera01,2023,1,CIN,NL,0,1,1,0,0,0,0,7,3,1,0,1,0,0.3,3.86,0,1,0,0,11,0,1,0,0,0
wynnera01,2025,1,CIN,NL,0,0,1,0,0,0,1,9,3,1,1,1,3,0.25,3,0,0,0,0,13,1,1,0,0,0
yacabji01,2023,1,NYN,NL,2,1,7,0,0,0,0,41,14,10,2,6,11,0.259,6.59,0,0,1,0,62,2,10,0,1,0
yamamyo01,2024,1,LAN,NL,7,2,18,18,0,0,0,270,78,30,7,22,105,0.229,3,0,2,1,0,368,0,32,1,4,5
yamamyo01,2025,1,LAN,NL,12,8,30,30,0,0,0,521,113,48,14,59,201,0.183,2.49,0,5,3,0,684,0,53,2,1,9
yarbrry01,2023,1,KCA,AL,4,5,14,7,0,0,0,153,52,24,5,9,29,0.265,4.24,0,1,6,0,212,2,24,0,1,4
yarbrry01,2023,2,LAN,NL,4,2,11,2,0,0,2,116,44,21,8,5,38,0.278,4.89,0,0,2,0,165,4,21,0,0,2
yarbrry01,2024,1,LAN,NL,4,2,32,0,0,0,1,202,52,28,9,25,39,0.213,3.74,3,0,7,0,281,10,29,4,1,2
yarbrry01,2024,2,TOR,AL,1,0,12,0,0,0,0,94,18,7,2,7,26,0.173,2.01,0,0,5,0,117,2,7,0,1,3
yarbrry01,2025,1,NYA,AL,3,1,19,8,0,0,1,192,58,31,13,19,55,0.24,4.36,0,0,2,0,264,4,31,0,1,4
yastrmi01,2024,1,SFN,NL,0,0,1,0,0,0,0,3,2,2,0,3,0,0.4,18,0,0,0,0,8,1,2,0,0,0
yastrmi01,2025,1,SFN,NL,0,0,1,0,0,0,0,3,2,2,0,1,0,0.4,18,0,0,1,0,7,1,2,0,0,0
yateski01,2023,1,ATL,NL,7,2,61,0,0,0,5,181,35,22,9,37,80,0.167,3.28,1,5,5,1,254,16,22,1,1,1
yateski01,2024,1,TEX,AL,7,2,61,0,0,0,33,185,23,8,3,28,85,0.113,1.17,5,1,2,2,237,50,10,0,3,0
yateski01,2025,1,LAN,NL,4,3,50,0,0,0,3,124,38,24,9,17,52,0.239,5.23,0,1,1,0,178,15,26,0,1,0
yesavtr01,2025,1,TOR,AL,1,0,3,3,0,0,0,42,13,5,0,7,16,0.236,3.21,0,0,0,0,62,0,5,0,0,0
yohocr01,2025,1,MIL,NL,0,0,8,0,0,0,0,26,8,7,1,9,7,0.276,7.27,0,0,1,0,41,2,7,1,1,1
youngal01,2023,1,CIN,NL,4,2,63,0,0,0,1,161,53,23,10,20,50,0.248,3.86,0,0,1,0,236,6,27,1,0,2
youngal01,2024,1,CIN,NL,0,0,3,0,0,0,0,6,4,0,0,0,2,0.4,0,0,0,0,0,10,1,0,0,0,0
youngal01,2024,2,NYN,NL,0,0,14,0,0,0,0,41,11,5,2,7,13,0.216,3.29,0,0,0,0,58,7,5,0,0,2
youngbr01,2025,1,BAL,AL,1,7,12,12,0,0,0,173,67,40,12,22,47,0.291,6.24,0,0,0,0,256,0,42,2,2,3
youngda02,2023,1,ATL,NL,0,0,8,0,0,0,0,25,7,1,0,2,11,0.233,1.08,0,0,3,0,35,5,1,0,0,1
youngda02,2024,1,NYN,NL,4,1,42,0,0,0,0,113,29,19,3,18,48,0.21,4.54,1,5,7,0,165,13,22,2,0,2
youngda02,2025,1,NYN,NL,0,0,10,0,0,0,0,25,9,4,0,3,13,0.281,4.32,0,0,1,0,37,4,5,1,0,1
youngja02,2025,1,NYN,NL,0,0,1,0,0,0,0,1,1,0,0,1,0,0.5,0,0,0,0,0,3,1,0,0,0,0
zastrro01,2023,1,PIT,NL,1,0,21,1,0,0,0,62,24,11,1,13,15,0.293,4.79,1,2,0,0,97,2,15,2,0,2
zastrro01,2024,1,MIL,NL,1,0,9,3,0,0,0,23,4,1,0,1,5,0.148,1.17,0,0,1,0,29,2,1,0,0,0
zastrro01,2025,1,MIL,NL,2,1,26,1,0,0,0,66,16,6,3,10,20,0.203,2.45,3,2,1,0,93,4,7,1,2,1
zavalse01,2023,2,ARI,NL,0,0,1,0,0,0,0,2,0,0,0,0,0,0,0,0,0,0,0,2,1,0,0,0,0
zeferry01,2024,1,LAA,AL,0,0,12,0,0,0,0,51,7,4,0,6,18,0.127,2.12,1,0,2,0,64,4,4,0,1,2
zeferry01,2025,1,LAA,AL,6,5,62,1,0,0,2,171,49,30,12,35,73,0.227,4.74,3,3,4,0,257,7,31,1,1,4
zerpaan01,2023,1,KCA,AL,3,3,15,3,0,0,0,128,46,23,7,8,36,0.272,4.85,0,1,4,0,182,3,24,0,1,5
zerpaan01,2024,1,KCA,AL,2,0,60,0,0,0,0,161,59,23,6,19,49,0.273,3.86,2,3,2,0,239,3,24,1,1,3
zerpaan01,2025,1,KCA,AL,5,2,69,2,0,0,0,194,67,30,7,22,58,0.271,4.18,0,1,2,1,275,4,30,2,2,10
zimmebr02,2023,1,BAL,AL,2,0,7,0,0,0,0,40,17,7,3,0,14,0.293,4.73,0,1,2,0,61,4,8,0,1,0
zimmebr02,2025,1,MIL,NL,0,1,1,1,0,0,0,18,7,5,2,2,1,0.269,7.5,0,0,0,0,28,0,6,0,0,1
zuberty01,2024,1,TBA,AL,0,0,2,0,0,0,0,10,3,1,1,2,4,0.231,2.7,0,0,0,0,15,0,1,0,0,0
zuberty01,2025,1,NYN,NL,0,0,1,0,0,0,0,6,3,2,0,0,3,0.375,9,0,0,0,0,9,1,2,0,1,0
zuberty01,2025,2,MIA,NL,0,1,9,0,0,0,0,30,14,13,3,6,11,0.318,11.7,1,0,0,0,50,3,13,0,0,0
zulueyo01,2024,1,CIN,NL,0,0,12,0,0,0,0,49,15,9,2,7,20,0.246,4.96,0,1,1,0,69,6,10,0,0,3
zulueyo01,2025,1,CIN,NL,1,0,7,0,0,0,0,22,5,5,1,4,5,0.192,6.14,0,1,0,0,32,5,5,1,1,0
zuniggu01,2023,1,SLN,NL,0,0,2,0,0,0,0,6,2,1,0,0,4,0.25,4.5,0,0,0,0,8,2,1,0,0,0
zuniggu01,2024,1,LAA,AL,0,0,15,0,0,0,2,53,16,10,5,8,12,0.242,5.09,2,1,1,0,76,6,10,0,1,2
